INSERT INTO categories (id, created_at, updated_at, name) VALUES (1, '2025-12-18 20:39:24', '2025-12-18 20:39:24', 'Science Fiction');
INSERT INTO categories (id, created_at, updated_at, name) VALUES (2, '2025-12-18 20:39:24', '2025-12-18 20:39:24', 'History');
INSERT INTO categories (id, created_at, updated_at, name) VALUES (3, '2025-12-18 20:39:24', '2025-12-18 20:39:24', 'Romance');
INSERT INTO categories (id, created_at, updated_at, name) VALUES (4, '2025-12-18 20:39:24', '2025-12-18 20:39:24', 'Self Help');
INSERT INTO categories (id, created_at, updated_at, name) VALUES (5, '2025-12-18 20:39:24', '2025-12-18 20:39:24', 'Software');
INSERT INTO categories (id, created_at, updated_at, name) VALUES (6, '2025-12-18 20:39:24', '2025-12-18 20:39:24', 'Philosophy');
INSERT INTO categories (id, created_at, updated_at, name) VALUES (7, '2025-12-18 20:39:24', '2025-12-18 20:39:24', 'Psychology');
INSERT INTO categories (id, created_at, updated_at, name) VALUES (8, '2025-12-18 20:39:24', '2025-12-18 20:39:24', 'Crime');
INSERT INTO categories (id, created_at, updated_at, name) VALUES (9, '2025-12-18 20:39:24', '2025-12-18 20:39:24', 'Biography');
INSERT INTO categories (id, created_at, updated_at, name) VALUES (10, '2025-12-18 20:39:24', '2025-12-18 20:39:24', 'Children');
INSERT INTO categories (id, created_at, updated_at, name) VALUES (11, '2025-12-18 20:39:24', '2025-12-18 20:39:24', 'Fantasy');
INSERT INTO categories (id, created_at, updated_at, name) VALUES (12, '2025-12-18 20:39:24', '2025-12-18 20:39:24', 'Mystery');
INSERT INTO tags (id, created_at, updated_at, name) VALUES (1, '2025-12-18 20:39:24', '2025-12-18 20:39:24', 'Thrilling');
INSERT INTO tags (id, created_at, updated_at, name) VALUES (2, '2025-12-18 20:39:24', '2025-12-18 20:39:24', 'Emotional');
INSERT INTO tags (id, created_at, updated_at, name) VALUES (3, '2025-12-18 20:39:24', '2025-12-18 20:39:24', 'Dark');
INSERT INTO tags (id, created_at, updated_at, name) VALUES (4, '2025-12-18 20:39:24', '2025-12-18 20:39:24', 'Educational');
INSERT INTO tags (id, created_at, updated_at, name) VALUES (5, '2025-12-18 20:39:24', '2025-12-18 20:39:24', 'Funny');
INSERT INTO tags (id, created_at, updated_at, name) VALUES (6, '2025-12-18 20:39:24', '2025-12-18 20:39:24', 'Short Read');
INSERT INTO tags (id, created_at, updated_at, name) VALUES (7, '2025-12-18 20:39:24', '2025-12-18 20:39:24', 'Masterpiece');
INSERT INTO tags (id, created_at, updated_at, name) VALUES (8, '2025-12-18 20:39:24', '2025-12-18 20:39:24', 'Dystopian');
INSERT INTO tags (id, created_at, updated_at, name) VALUES (9, '2025-12-18 20:39:24', '2025-12-18 20:39:24', 'Classic');
INSERT INTO tags (id, created_at, updated_at, name) VALUES (10, '2025-12-18 20:39:24', '2025-12-18 20:39:24', 'Fast-Paced');
INSERT INTO users (id, created_at, updated_at, email, password, name, is_banned, avatar_url, bio, phone_number, address) VALUES (1, '2025-12-18 20:39:24', '2025-12-18 20:39:24', 'user1@library.com', '$2a$10$EzFsFPAXQoC6KyVr3of1Yuyzp0qPLzy4JlE4bdk07.2.vnH1NIzji', 'Allison Hill', false, 'https://api.dicebear.com/7.x/avataaars/svg?seed=1', 'Cause bill scientist nation opportunity. Ahead despite measure.', '(337)894-0265x42351', '407 Teresa Lane Apt. 849, Barbaraland, AZ 87174');
INSERT INTO user_roles (user_id, role) VALUES (1, 'ADMIN');
INSERT INTO wallet (wallet_id, user_id, balance) VALUES (1, 1, 319.71);
INSERT INTO users (id, created_at, updated_at, email, password, name, is_banned, avatar_url, bio, phone_number, address) VALUES (2, '2025-12-18 20:39:24', '2025-12-18 20:39:24', 'user2@library.com', '$2a$10$EzFsFPAXQoC6KyVr3of1Yuyzp0qPLzy4JlE4bdk07.2.vnH1NIzji', 'Dylan Miller', false, 'https://api.dicebear.com/7.x/avataaars/svg?seed=2', 'Term herself law street class.', '001-832-676-4835x0305', '76724 John Points Suite 969, Coxberg, NY 65187');
INSERT INTO user_roles (user_id, role) VALUES (2, 'ADMIN');
INSERT INTO wallet (wallet_id, user_id, balance) VALUES (2, 2, 12.51);
INSERT INTO users (id, created_at, updated_at, email, password, name, is_banned, avatar_url, bio, phone_number, address) VALUES (3, '2025-12-18 20:39:24', '2025-12-18 20:39:24', 'user3@library.com', '$2a$10$EzFsFPAXQoC6KyVr3of1Yuyzp0qPLzy4JlE4bdk07.2.vnH1NIzji', 'Anthony Rodriguez', false, 'https://api.dicebear.com/7.x/avataaars/svg?seed=3', 'Civil quite others his other life edge network. Quite boy those.', '001-248-728-1489x3252', '4303 Christopher Oval, Port Amandaberg, DC 86975');
INSERT INTO user_roles (user_id, role) VALUES (3, 'LIBRARIAN');
INSERT INTO wallet (wallet_id, user_id, balance) VALUES (3, 3, 137.51);
INSERT INTO users (id, created_at, updated_at, email, password, name, is_banned, avatar_url, bio, phone_number, address) VALUES (4, '2025-12-18 20:39:24', '2025-12-18 20:39:24', 'user4@library.com', '$2a$10$EzFsFPAXQoC6KyVr3of1Yuyzp0qPLzy4JlE4bdk07.2.vnH1NIzji', 'Joshua Baker', false, 'https://api.dicebear.com/7.x/avataaars/svg?seed=4', 'Institution deep much role cut find yet practice.', '001-330-510-3105', '82997 Kristen Valley Suite 311, Gomezchester, NH 96062');
INSERT INTO user_roles (user_id, role) VALUES (4, 'LIBRARIAN');
INSERT INTO wallet (wallet_id, user_id, balance) VALUES (4, 4, 111.61);
INSERT INTO users (id, created_at, updated_at, email, password, name, is_banned, avatar_url, bio, phone_number, address) VALUES (5, '2025-12-18 20:39:24', '2025-12-18 20:39:24', 'user5@library.com', '$2a$10$EzFsFPAXQoC6KyVr3of1Yuyzp0qPLzy4JlE4bdk07.2.vnH1NIzji', 'Matthew Lucas', false, 'https://api.dicebear.com/7.x/avataaars/svg?seed=5', 'I fund technology eat. Movie cell contain leg themselves.', '+1-801-232-6773', '4746 Moore Hill, North Beth, ND 08490');
INSERT INTO user_roles (user_id, role) VALUES (5, 'USER');
INSERT INTO wallet (wallet_id, user_id, balance) VALUES (5, 5, 368.24);
INSERT INTO users (id, created_at, updated_at, email, password, name, is_banned, avatar_url, bio, phone_number, address) VALUES (6, '2025-12-18 20:39:24', '2025-12-18 20:39:24', 'user6@library.com', '$2a$10$EzFsFPAXQoC6KyVr3of1Yuyzp0qPLzy4JlE4bdk07.2.vnH1NIzji', 'Amy Silva', false, 'https://api.dicebear.com/7.x/avataaars/svg?seed=6', 'Try most arm meet surface attention attack. Identify walk now often always.', '353.246.2475', '83842 Ibarra Gardens, Justinmouth, MP 71701');
INSERT INTO user_roles (user_id, role) VALUES (6, 'USER');
INSERT INTO wallet (wallet_id, user_id, balance) VALUES (6, 6, 338.35);
INSERT INTO users (id, created_at, updated_at, email, password, name, is_banned, avatar_url, bio, phone_number, address) VALUES (7, '2025-12-18 20:39:24', '2025-12-18 20:39:24', 'user7@library.com', '$2a$10$EzFsFPAXQoC6KyVr3of1Yuyzp0qPLzy4JlE4bdk07.2.vnH1NIzji', 'Lisa Archer', false, 'https://api.dicebear.com/7.x/avataaars/svg?seed=7', 'Account stage federal professional voice care break.', '634-487-4016x40052', '011 Amy Village Suite 982, Andersonport, MN 05730');
INSERT INTO user_roles (user_id, role) VALUES (7, 'USER');
INSERT INTO wallet (wallet_id, user_id, balance) VALUES (7, 7, 446.09);
INSERT INTO users (id, created_at, updated_at, email, password, name, is_banned, avatar_url, bio, phone_number, address) VALUES (8, '2025-12-18 20:39:24', '2025-12-18 20:39:24', 'user8@library.com', '$2a$10$EzFsFPAXQoC6KyVr3of1Yuyzp0qPLzy4JlE4bdk07.2.vnH1NIzji', 'Christine Wright', false, 'https://api.dicebear.com/7.x/avataaars/svg?seed=8', 'Government nice themselves wind. Understand door class son.', '(534)221-6073x37543', '4145 Frazier Ville Suite 014, New Sydney, KS 05515');
INSERT INTO user_roles (user_id, role) VALUES (8, 'USER');
INSERT INTO wallet (wallet_id, user_id, balance) VALUES (8, 8, 43.47);
INSERT INTO users (id, created_at, updated_at, email, password, name, is_banned, avatar_url, bio, phone_number, address) VALUES (9, '2025-12-18 20:39:24', '2025-12-18 20:39:24', 'user9@library.com', '$2a$10$EzFsFPAXQoC6KyVr3of1Yuyzp0qPLzy4JlE4bdk07.2.vnH1NIzji', 'Jeffrey Chandler', false, 'https://api.dicebear.com/7.x/avataaars/svg?seed=9', 'Job worker break tonight couple and. Ability understand Mrs rest score provide.', '684-865-6482x3662', '4369 Marshall Mills, New Thomas, MH 96964');
INSERT INTO user_roles (user_id, role) VALUES (9, 'USER');
INSERT INTO wallet (wallet_id, user_id, balance) VALUES (9, 9, 210.96);
INSERT INTO users (id, created_at, updated_at, email, password, name, is_banned, avatar_url, bio, phone_number, address) VALUES (10, '2025-12-18 20:39:24', '2025-12-18 20:39:24', 'user10@library.com', '$2a$10$EzFsFPAXQoC6KyVr3of1Yuyzp0qPLzy4JlE4bdk07.2.vnH1NIzji', 'Bradley Robertson', false, 'https://api.dicebear.com/7.x/avataaars/svg?seed=10', 'Friend stand seem pull different current agency each.', '(332)901-6328x7083', '889 Dodson Mills Suite 872, Colebury, MP 84080');
INSERT INTO user_roles (user_id, role) VALUES (10, 'USER');
INSERT INTO wallet (wallet_id, user_id, balance) VALUES (10, 10, 14.9);
INSERT INTO users (id, created_at, updated_at, email, password, name, is_banned, avatar_url, bio, phone_number, address) VALUES (11, '2025-12-18 20:39:24', '2025-12-18 20:39:24', 'user11@library.com', '$2a$10$EzFsFPAXQoC6KyVr3of1Yuyzp0qPLzy4JlE4bdk07.2.vnH1NIzji', 'Richard Washington', false, 'https://api.dicebear.com/7.x/avataaars/svg?seed=11', 'Ever back experience even floor.', '760.636.6909x670', '893 Robinson Mews Suite 065, Ramseymouth, PW 17229');
INSERT INTO user_roles (user_id, role) VALUES (11, 'USER');
INSERT INTO wallet (wallet_id, user_id, balance) VALUES (11, 11, 109.32);
INSERT INTO users (id, created_at, updated_at, email, password, name, is_banned, avatar_url, bio, phone_number, address) VALUES (12, '2025-12-18 20:39:24', '2025-12-18 20:39:24', 'user12@library.com', '$2a$10$EzFsFPAXQoC6KyVr3of1Yuyzp0qPLzy4JlE4bdk07.2.vnH1NIzji', 'Ms. Susan Vargas', false, 'https://api.dicebear.com/7.x/avataaars/svg?seed=12', 'Base investment term. Anyone here deep force.', '4535100330', '374 Jackson Rest, Port Loriport, CT 76350');
INSERT INTO user_roles (user_id, role) VALUES (12, 'USER');
INSERT INTO wallet (wallet_id, user_id, balance) VALUES (12, 12, 252.68);
INSERT INTO users (id, created_at, updated_at, email, password, name, is_banned, avatar_url, bio, phone_number, address) VALUES (13, '2025-12-18 20:39:24', '2025-12-18 20:39:24', 'user13@library.com', '$2a$10$EzFsFPAXQoC6KyVr3of1Yuyzp0qPLzy4JlE4bdk07.2.vnH1NIzji', 'Eric Byrd', false, 'https://api.dicebear.com/7.x/avataaars/svg?seed=13', 'However resource away real physical big. Sure outside building worker site.', '916.857.2628x4987', '3147 Karen Port Suite 507, Hunterborough, MI 34363');
INSERT INTO user_roles (user_id, role) VALUES (13, 'USER');
INSERT INTO wallet (wallet_id, user_id, balance) VALUES (13, 13, 13.27);
INSERT INTO users (id, created_at, updated_at, email, password, name, is_banned, avatar_url, bio, phone_number, address) VALUES (14, '2025-12-18 20:39:24', '2025-12-18 20:39:24', 'user14@library.com', '$2a$10$EzFsFPAXQoC6KyVr3of1Yuyzp0qPLzy4JlE4bdk07.2.vnH1NIzji', 'Spencer Haynes', false, 'https://api.dicebear.com/7.x/avataaars/svg?seed=14', 'New might course drop image. Serve real position make society behavior develop.', '001-485-557-4443x1351', '9894 Marissa Hill Apt. 524, Lake Amandaview, AZ 07647');
INSERT INTO user_roles (user_id, role) VALUES (14, 'USER');
INSERT INTO wallet (wallet_id, user_id, balance) VALUES (14, 14, 99.42);
INSERT INTO users (id, created_at, updated_at, email, password, name, is_banned, avatar_url, bio, phone_number, address) VALUES (15, '2025-12-18 20:39:24', '2025-12-18 20:39:24', 'user15@library.com', '$2a$10$EzFsFPAXQoC6KyVr3of1Yuyzp0qPLzy4JlE4bdk07.2.vnH1NIzji', 'Melissa Martinez', false, 'https://api.dicebear.com/7.x/avataaars/svg?seed=15', 'Bill activity expect long future whole education.', '913-618-6999x3867', '9909 Stacey Fords Apt. 412, East Andrea, GA 00851');
INSERT INTO user_roles (user_id, role) VALUES (15, 'USER');
INSERT INTO wallet (wallet_id, user_id, balance) VALUES (15, 15, 324.94);
INSERT INTO users (id, created_at, updated_at, email, password, name, is_banned, avatar_url, bio, phone_number, address) VALUES (16, '2025-12-18 20:39:24', '2025-12-18 20:39:24', 'user16@library.com', '$2a$10$EzFsFPAXQoC6KyVr3of1Yuyzp0qPLzy4JlE4bdk07.2.vnH1NIzji', 'Michael Harrison', false, 'https://api.dicebear.com/7.x/avataaars/svg?seed=16', 'Discuss religious reflect. Author do enough social operation sound cup.', '902-649-9471', '877 Carly Meadows Suite 940, East Suzanneshire, OR 03220');
INSERT INTO user_roles (user_id, role) VALUES (16, 'USER');
INSERT INTO wallet (wallet_id, user_id, balance) VALUES (16, 16, 272.47);
INSERT INTO users (id, created_at, updated_at, email, password, name, is_banned, avatar_url, bio, phone_number, address) VALUES (17, '2025-12-18 20:39:24', '2025-12-18 20:39:24', 'user17@library.com', '$2a$10$EzFsFPAXQoC6KyVr3of1Yuyzp0qPLzy4JlE4bdk07.2.vnH1NIzji', 'Miss Debra Williams PhD', false, 'https://api.dicebear.com/7.x/avataaars/svg?seed=17', 'Million kind everything young job sport why.', '(980)871-5451x6808', '770 Joseph Curve Suite 771, Lake Chelseabury, VT 21259');
INSERT INTO user_roles (user_id, role) VALUES (17, 'USER');
INSERT INTO wallet (wallet_id, user_id, balance) VALUES (17, 17, 110.22);
INSERT INTO users (id, created_at, updated_at, email, password, name, is_banned, avatar_url, bio, phone_number, address) VALUES (18, '2025-12-18 20:39:24', '2025-12-18 20:39:24', 'user18@library.com', '$2a$10$EzFsFPAXQoC6KyVr3of1Yuyzp0qPLzy4JlE4bdk07.2.vnH1NIzji', 'Adam Russell', false, 'https://api.dicebear.com/7.x/avataaars/svg?seed=18', 'Yeah tree left brother strategy. Usually factor relate indeed lot line lead.', '946-458-4044', '5886 Cantu Ways Apt. 396, Port Kimberly, AZ 42205');
INSERT INTO user_roles (user_id, role) VALUES (18, 'USER');
INSERT INTO wallet (wallet_id, user_id, balance) VALUES (18, 18, 294.63);
INSERT INTO users (id, created_at, updated_at, email, password, name, is_banned, avatar_url, bio, phone_number, address) VALUES (19, '2025-12-18 20:39:24', '2025-12-18 20:39:24', 'user19@library.com', '$2a$10$EzFsFPAXQoC6KyVr3of1Yuyzp0qPLzy4JlE4bdk07.2.vnH1NIzji', 'Michele Shepherd', false, 'https://api.dicebear.com/7.x/avataaars/svg?seed=19', 'Write society present charge who call.', '(817)745-9615', '091 Crystal Heights Apt. 161, South Garrettport, MH 04295');
INSERT INTO user_roles (user_id, role) VALUES (19, 'USER');
INSERT INTO wallet (wallet_id, user_id, balance) VALUES (19, 19, 404.72);
INSERT INTO users (id, created_at, updated_at, email, password, name, is_banned, avatar_url, bio, phone_number, address) VALUES (20, '2025-12-18 20:39:24', '2025-12-18 20:39:24', 'user20@library.com', '$2a$10$EzFsFPAXQoC6KyVr3of1Yuyzp0qPLzy4JlE4bdk07.2.vnH1NIzji', 'Robert Carter', false, 'https://api.dicebear.com/7.x/avataaars/svg?seed=20', 'Issue each include radio conference company.', '6748821759', '3671 Patrick Knolls Suite 406, Alanton, PW 79983');
INSERT INTO user_roles (user_id, role) VALUES (20, 'USER');
INSERT INTO wallet (wallet_id, user_id, balance) VALUES (20, 20, 3.25);
INSERT INTO users (id, created_at, updated_at, email, password, name, is_banned, avatar_url, bio, phone_number, address) VALUES (21, '2025-12-18 20:39:24', '2025-12-18 20:39:24', 'user21@library.com', '$2a$10$EzFsFPAXQoC6KyVr3of1Yuyzp0qPLzy4JlE4bdk07.2.vnH1NIzji', 'Sandra Leach', false, 'https://api.dicebear.com/7.x/avataaars/svg?seed=21', 'Parent good PM per question. Pick tough position final.', '928.658.8424', '71236 Davis Locks Apt. 481, Richardsonview, OR 50442');
INSERT INTO user_roles (user_id, role) VALUES (21, 'USER');
INSERT INTO wallet (wallet_id, user_id, balance) VALUES (21, 21, 402.91);
INSERT INTO users (id, created_at, updated_at, email, password, name, is_banned, avatar_url, bio, phone_number, address) VALUES (22, '2025-12-18 20:39:24', '2025-12-18 20:39:24', 'user22@library.com', '$2a$10$EzFsFPAXQoC6KyVr3of1Yuyzp0qPLzy4JlE4bdk07.2.vnH1NIzji', 'Teresa Rodriguez', false, 'https://api.dicebear.com/7.x/avataaars/svg?seed=22', 'Likely people wall foreign particular. Play less red power.', '438-826-7586', '640 Robinson Mills Apt. 515, Bruceview, ID 16512');
INSERT INTO user_roles (user_id, role) VALUES (22, 'USER');
INSERT INTO wallet (wallet_id, user_id, balance) VALUES (22, 22, 349.07);
INSERT INTO users (id, created_at, updated_at, email, password, name, is_banned, avatar_url, bio, phone_number, address) VALUES (23, '2025-12-18 20:39:24', '2025-12-18 20:39:24', 'user23@library.com', '$2a$10$EzFsFPAXQoC6KyVr3of1Yuyzp0qPLzy4JlE4bdk07.2.vnH1NIzji', 'Samantha Davis', false, 'https://api.dicebear.com/7.x/avataaars/svg?seed=23', 'Politics others again skill during. Skin day stop never.', '(584)721-0205', '26811 West Lake Apt. 783, Lake Kristahaven, ME 60537');
INSERT INTO user_roles (user_id, role) VALUES (23, 'USER');
INSERT INTO wallet (wallet_id, user_id, balance) VALUES (23, 23, 170.13);
INSERT INTO users (id, created_at, updated_at, email, password, name, is_banned, avatar_url, bio, phone_number, address) VALUES (24, '2025-12-18 20:39:24', '2025-12-18 20:39:24', 'user24@library.com', '$2a$10$EzFsFPAXQoC6KyVr3of1Yuyzp0qPLzy4JlE4bdk07.2.vnH1NIzji', 'Amanda Lutz', false, 'https://api.dicebear.com/7.x/avataaars/svg?seed=24', 'International blue Republican kitchen tonight focus. Assume every plan nature.', '883-867-3657', '5452 Jones Village Apt. 161, Lisaside, AR 77370');
INSERT INTO user_roles (user_id, role) VALUES (24, 'USER');
INSERT INTO wallet (wallet_id, user_id, balance) VALUES (24, 24, 77.74);
INSERT INTO users (id, created_at, updated_at, email, password, name, is_banned, avatar_url, bio, phone_number, address) VALUES (25, '2025-12-18 20:39:24', '2025-12-18 20:39:24', 'user25@library.com', '$2a$10$EzFsFPAXQoC6KyVr3of1Yuyzp0qPLzy4JlE4bdk07.2.vnH1NIzji', 'Kristina Santiago', false, 'https://api.dicebear.com/7.x/avataaars/svg?seed=25', 'Government program seek test return why.', '249-636-8998', '455 Howard Divide Suite 120, Lake Alyssafurt, MT 59961');
INSERT INTO user_roles (user_id, role) VALUES (25, 'USER');
INSERT INTO wallet (wallet_id, user_id, balance) VALUES (25, 25, 478.61);
INSERT INTO users (id, created_at, updated_at, email, password, name, is_banned, avatar_url, bio, phone_number, address) VALUES (26, '2025-12-18 20:39:24', '2025-12-18 20:39:24', 'user26@library.com', '$2a$10$EzFsFPAXQoC6KyVr3of1Yuyzp0qPLzy4JlE4bdk07.2.vnH1NIzji', 'Jacob Griffith', false, 'https://api.dicebear.com/7.x/avataaars/svg?seed=26', 'Other third choose senior anyone bank kitchen.', '597-484-0369x0034', '1076 David Place Apt. 885, South Michelleton, NE 02957');
INSERT INTO user_roles (user_id, role) VALUES (26, 'USER');
INSERT INTO wallet (wallet_id, user_id, balance) VALUES (26, 26, 168.3);
INSERT INTO users (id, created_at, updated_at, email, password, name, is_banned, avatar_url, bio, phone_number, address) VALUES (27, '2025-12-18 20:39:24', '2025-12-18 20:39:24', 'user27@library.com', '$2a$10$EzFsFPAXQoC6KyVr3of1Yuyzp0qPLzy4JlE4bdk07.2.vnH1NIzji', 'Blake Edwards', false, 'https://api.dicebear.com/7.x/avataaars/svg?seed=27', 'Of remember individual boy again foot.', '453-552-1818x8355', '29212 Marshall Port Suite 995, Edwardland, NJ 58462');
INSERT INTO user_roles (user_id, role) VALUES (27, 'USER');
INSERT INTO wallet (wallet_id, user_id, balance) VALUES (27, 27, 46.37);
INSERT INTO users (id, created_at, updated_at, email, password, name, is_banned, avatar_url, bio, phone_number, address) VALUES (28, '2025-12-18 20:39:24', '2025-12-18 20:39:24', 'user28@library.com', '$2a$10$EzFsFPAXQoC6KyVr3of1Yuyzp0qPLzy4JlE4bdk07.2.vnH1NIzji', 'Rebecca Vargas', false, 'https://api.dicebear.com/7.x/avataaars/svg?seed=28', 'Medical financial later arm story baby. Past medical leg never.', '997-982-0715x18203', '5466 Shelton Center, Cameronville, OH 89417');
INSERT INTO user_roles (user_id, role) VALUES (28, 'USER');
INSERT INTO wallet (wallet_id, user_id, balance) VALUES (28, 28, 48.36);
INSERT INTO users (id, created_at, updated_at, email, password, name, is_banned, avatar_url, bio, phone_number, address) VALUES (29, '2025-12-18 20:39:24', '2025-12-18 20:39:24', 'user29@library.com', '$2a$10$EzFsFPAXQoC6KyVr3of1Yuyzp0qPLzy4JlE4bdk07.2.vnH1NIzji', 'David York', false, 'https://api.dicebear.com/7.x/avataaars/svg?seed=29', 'Their four old center glass whose recognize hot.', '+1-581-468-5054x23573', '88805 Carla Drives Apt. 292, Williamsstad, TX 94818');
INSERT INTO user_roles (user_id, role) VALUES (29, 'USER');
INSERT INTO wallet (wallet_id, user_id, balance) VALUES (29, 29, 423.75);
INSERT INTO users (id, created_at, updated_at, email, password, name, is_banned, avatar_url, bio, phone_number, address) VALUES (30, '2025-12-18 20:39:24', '2025-12-18 20:39:24', 'user30@library.com', '$2a$10$EzFsFPAXQoC6KyVr3of1Yuyzp0qPLzy4JlE4bdk07.2.vnH1NIzji', 'Jeremy Mitchell', false, 'https://api.dicebear.com/7.x/avataaars/svg?seed=30', 'Doctor dream whole six tough create question.', '+1-424-607-5818x141', '1375 Robert Locks, Joeland, MN 29931');
INSERT INTO user_roles (user_id, role) VALUES (30, 'USER');
INSERT INTO wallet (wallet_id, user_id, balance) VALUES (30, 30, 301.86);
INSERT INTO users (id, created_at, updated_at, email, password, name, is_banned, avatar_url, bio, phone_number, address) VALUES (31, '2025-12-18 20:39:24', '2025-12-18 20:39:24', 'user31@library.com', '$2a$10$EzFsFPAXQoC6KyVr3of1Yuyzp0qPLzy4JlE4bdk07.2.vnH1NIzji', 'Timothy Combs', false, 'https://api.dicebear.com/7.x/avataaars/svg?seed=31', 'Social case expert stop receive catch.', '961.243.4103x69711', '246 Christina Garden, Lopezland, NC 47766');
INSERT INTO user_roles (user_id, role) VALUES (31, 'USER');
INSERT INTO wallet (wallet_id, user_id, balance) VALUES (31, 31, 403.56);
INSERT INTO users (id, created_at, updated_at, email, password, name, is_banned, avatar_url, bio, phone_number, address) VALUES (32, '2025-12-18 20:39:24', '2025-12-18 20:39:24', 'user32@library.com', '$2a$10$EzFsFPAXQoC6KyVr3of1Yuyzp0qPLzy4JlE4bdk07.2.vnH1NIzji', 'Joseph Romero', false, 'https://api.dicebear.com/7.x/avataaars/svg?seed=32', 'Never hospital like player wonder effect administration. General run pick sign.', '001-772-621-7043x030', '0345 Michelle Isle Suite 156, Paulfurt, MA 24987');
INSERT INTO user_roles (user_id, role) VALUES (32, 'USER');
INSERT INTO wallet (wallet_id, user_id, balance) VALUES (32, 32, 364.87);
INSERT INTO users (id, created_at, updated_at, email, password, name, is_banned, avatar_url, bio, phone_number, address) VALUES (33, '2025-12-18 20:39:24', '2025-12-18 20:39:24', 'user33@library.com', '$2a$10$EzFsFPAXQoC6KyVr3of1Yuyzp0qPLzy4JlE4bdk07.2.vnH1NIzji', 'Jonathan Glass MD', false, 'https://api.dicebear.com/7.x/avataaars/svg?seed=33', 'Risk bad own state. Family bill foreign fast knowledge response coach.', '9162582029', '556 Cassie Springs, Rushstad, NV 10578');
INSERT INTO user_roles (user_id, role) VALUES (33, 'USER');
INSERT INTO wallet (wallet_id, user_id, balance) VALUES (33, 33, 268.11);
INSERT INTO users (id, created_at, updated_at, email, password, name, is_banned, avatar_url, bio, phone_number, address) VALUES (34, '2025-12-18 20:39:24', '2025-12-18 20:39:24', 'user34@library.com', '$2a$10$EzFsFPAXQoC6KyVr3of1Yuyzp0qPLzy4JlE4bdk07.2.vnH1NIzji', 'Kendra Sanders', false, 'https://api.dicebear.com/7.x/avataaars/svg?seed=34', 'Economic box save material hit.', '712.317.2715', '2258 David Flats Apt. 370, Angelastad, NH 72806');
INSERT INTO user_roles (user_id, role) VALUES (34, 'USER');
INSERT INTO wallet (wallet_id, user_id, balance) VALUES (34, 34, 486.56);
INSERT INTO users (id, created_at, updated_at, email, password, name, is_banned, avatar_url, bio, phone_number, address) VALUES (35, '2025-12-18 20:39:24', '2025-12-18 20:39:24', 'user35@library.com', '$2a$10$EzFsFPAXQoC6KyVr3of1Yuyzp0qPLzy4JlE4bdk07.2.vnH1NIzji', 'Stephen Jones', false, 'https://api.dicebear.com/7.x/avataaars/svg?seed=35', 'Yourself rest moment shoulder statement available.', '+1-792-526-8018x2422', '43842 Mendez Course Apt. 992, Lake Claudia, MH 79817');
INSERT INTO user_roles (user_id, role) VALUES (35, 'USER');
INSERT INTO wallet (wallet_id, user_id, balance) VALUES (35, 35, 189.27);
INSERT INTO books (id, created_at, updated_at, title, author, isbn, publisher, publication_year, page_count, description, price, book_type, total_stock, available_stock, is_active, is_editors_pick, rental_status, category_id) VALUES (1, '2025-12-18 20:39:24', '2025-12-18 20:39:24', 'Mandatory Non-Volatile Analyzer', 'Alyssa Williams', '978-1-258-81537-0', 'Wise, Baker and Clark', 2013, 691, 'Peace air threat nation politics few. Source rate father authority art. Indeed less future century technology floor.', 27.31, 'DIGITAL', 10, 10, true, false, 'AVAILABLE', 9);
INSERT INTO book_tags (book_id, tag_id) VALUES (1, 1);
INSERT INTO books (id, created_at, updated_at, title, author, isbn, publisher, publication_year, page_count, description, price, book_type, total_stock, available_stock, is_active, is_editors_pick, rental_status, category_id) VALUES (2, '2025-12-18 20:39:24', '2025-12-18 20:39:24', 'Decentralized Encompassing Knowledge User', 'Brent Roberts', '978-0-04-797480-9', 'Lin-Barnes', 2008, 181, 'Value return couple city you level. Market bed hotel lead drive.', 86.98, 'PHYSICAL', 10, 10, true, false, 'AVAILABLE', 11);
INSERT INTO book_tags (book_id, tag_id) VALUES (2, 7);
INSERT INTO books (id, created_at, updated_at, title, author, isbn, publisher, publication_year, page_count, description, price, book_type, total_stock, available_stock, is_active, is_editors_pick, rental_status, category_id) VALUES (3, '2025-12-18 20:39:24', '2025-12-18 20:39:24', 'Customer-Focused Intermediate Challenge', 'Monica Gallagher', '978-1-298-25952-3', 'Williams-Williams', 2013, 266, 'Guy eye hit late near. Quite budget window hour some fund voice sense. Own husband American although require.', 43.32, 'DIGITAL', 10, 10, true, false, 'AVAILABLE', 5);
INSERT INTO book_tags (book_id, tag_id) VALUES (3, 5);
INSERT INTO books (id, created_at, updated_at, title, author, isbn, publisher, publication_year, page_count, description, price, book_type, total_stock, available_stock, is_active, is_editors_pick, rental_status, category_id) VALUES (4, '2025-12-18 20:39:24', '2025-12-18 20:39:24', 'Object-Based Reciprocal Support', 'Linda Romero', '978-1-4993-0972-0', 'Patel, Erickson and Evans', 1994, 723, 'Former body indicate film together the.', 67.15, 'HYBRID', 10, 10, true, false, 'AVAILABLE', 12);
INSERT INTO book_tags (book_id, tag_id) VALUES (4, 4);
INSERT INTO book_tags (book_id, tag_id) VALUES (4, 3);
INSERT INTO book_tags (book_id, tag_id) VALUES (4, 8);
INSERT INTO books (id, created_at, updated_at, title, author, isbn, publisher, publication_year, page_count, description, price, book_type, total_stock, available_stock, is_active, is_editors_pick, rental_status, category_id) VALUES (5, '2025-12-18 20:39:24', '2025-12-18 20:39:24', 'Progressive Responsive Success', 'Sarah Hernandez', '978-0-8385-7865-0', 'Allen, Armstrong and Graves', 2004, 432, 'Kid industry include. Improve simple turn their save.', 85.86, 'DIGITAL', 10, 10, true, false, 'AVAILABLE', 7);
INSERT INTO book_tags (book_id, tag_id) VALUES (5, 4);
INSERT INTO books (id, created_at, updated_at, title, author, isbn, publisher, publication_year, page_count, description, price, book_type, total_stock, available_stock, is_active, is_editors_pick, rental_status, category_id) VALUES (6, '2025-12-18 20:39:24', '2025-12-18 20:39:24', 'Enhanced Logistical Monitoring', 'Hector Ingram', '978-0-404-15747-0', 'Becker, Lara and Baker', 2015, 374, 'Whatever everything fear walk word. Relate real major look night. Explain of myself time house.', 15.96, 'DIGITAL', 10, 10, true, false, 'AVAILABLE', 1);
INSERT INTO book_tags (book_id, tag_id) VALUES (6, 6);
INSERT INTO book_tags (book_id, tag_id) VALUES (6, 4);
INSERT INTO book_tags (book_id, tag_id) VALUES (6, 8);
INSERT INTO books (id, created_at, updated_at, title, author, isbn, publisher, publication_year, page_count, description, price, book_type, total_stock, available_stock, is_active, is_editors_pick, rental_status, category_id) VALUES (7, '2025-12-18 20:39:24', '2025-12-18 20:39:24', 'Extended Dedicated Monitoring', 'Justin Nelson', '978-1-7345401-9-2', 'Gilbert PLC', 2019, 246, 'Anything toward difficult do beyond. Response beyond side accept nearly upon.', 33.84, 'HYBRID', 10, 10, true, false, 'AVAILABLE', 7);
INSERT INTO book_tags (book_id, tag_id) VALUES (7, 9);
INSERT INTO books (id, created_at, updated_at, title, author, isbn, publisher, publication_year, page_count, description, price, book_type, total_stock, available_stock, is_active, is_editors_pick, rental_status, category_id) VALUES (8, '2025-12-18 20:39:24', '2025-12-18 20:39:24', 'Focused National Support', 'Taylor Gentry', '978-0-547-88728-9', 'Butler and Sons', 2017, 697, 'Small control see the face also.', 45.95, 'DIGITAL', 10, 10, true, false, 'AVAILABLE', 9);
INSERT INTO book_tags (book_id, tag_id) VALUES (8, 3);
INSERT INTO books (id, created_at, updated_at, title, author, isbn, publisher, publication_year, page_count, description, price, book_type, total_stock, available_stock, is_active, is_editors_pick, rental_status, category_id) VALUES (9, '2025-12-18 20:39:24', '2025-12-18 20:39:24', 'Persistent Encompassing Core', 'Erin Simon', '978-1-4549-9045-1', 'Scott, Lopez and Doyle', 1995, 148, 'Purpose cover particularly police if into foreign. Protect continue cell food easy end.', 87.5, 'DIGITAL', 10, 10, true, false, 'AVAILABLE', 9);
INSERT INTO book_tags (book_id, tag_id) VALUES (9, 3);
INSERT INTO books (id, created_at, updated_at, title, author, isbn, publisher, publication_year, page_count, description, price, book_type, total_stock, available_stock, is_active, is_editors_pick, rental_status, category_id) VALUES (10, '2025-12-18 20:39:24', '2025-12-18 20:39:24', 'Team-Oriented Disintermediate Approach', 'Julie Moore', '978-0-391-87851-8', 'Shaw, Jacobson and Padilla', 1994, 494, 'Police wait happen determine. Long lawyer writer health.', 44.35, 'DIGITAL', 10, 10, true, false, 'AVAILABLE', 11);
INSERT INTO book_tags (book_id, tag_id) VALUES (10, 9);
INSERT INTO book_tags (book_id, tag_id) VALUES (10, 5);
INSERT INTO books (id, created_at, updated_at, title, author, isbn, publisher, publication_year, page_count, description, price, book_type, total_stock, available_stock, is_active, is_editors_pick, rental_status, category_id) VALUES (11, '2025-12-18 20:39:24', '2025-12-18 20:39:24', 'Re-Contextualized Bifurcated Approach', 'Stephanie Harris', '978-0-640-39106-5', 'Hernandez, Murphy and Meyer', 1997, 798, 'Response major together knowledge argue. Message lead around left.', 89.63, 'PHYSICAL', 10, 10, true, false, 'AVAILABLE', 9);
INSERT INTO book_tags (book_id, tag_id) VALUES (11, 6);
INSERT INTO book_tags (book_id, tag_id) VALUES (11, 2);
INSERT INTO books (id, created_at, updated_at, title, author, isbn, publisher, publication_year, page_count, description, price, book_type, total_stock, available_stock, is_active, is_editors_pick, rental_status, category_id) VALUES (12, '2025-12-18 20:39:24', '2025-12-18 20:39:24', 'Monitored Tangible Architecture', 'Amy Shannon', '978-0-478-68633-3', 'Johnson-Ortiz', 2000, 564, 'Hear through large true help bag. Card team budget year hotel camera without.', 10.29, 'DIGITAL', 10, 10, true, false, 'AVAILABLE', 5);
INSERT INTO book_tags (book_id, tag_id) VALUES (12, 5);
INSERT INTO book_tags (book_id, tag_id) VALUES (12, 9);
INSERT INTO book_tags (book_id, tag_id) VALUES (12, 3);
INSERT INTO books (id, created_at, updated_at, title, author, isbn, publisher, publication_year, page_count, description, price, book_type, total_stock, available_stock, is_active, is_editors_pick, rental_status, category_id) VALUES (13, '2025-12-18 20:39:24', '2025-12-18 20:39:24', 'Persevering Grid-Enabled Collaboration', 'Timothy Hardy', '978-1-342-83644-1', 'Johnson Ltd', 2009, 754, 'She this administration deal beyond almost our reflect. Each analysis keep. Describe tell argue mean eye staff rule.', 55.69, 'PHYSICAL', 10, 10, true, false, 'AVAILABLE', 9);
INSERT INTO book_tags (book_id, tag_id) VALUES (13, 3);
INSERT INTO books (id, created_at, updated_at, title, author, isbn, publisher, publication_year, page_count, description, price, book_type, total_stock, available_stock, is_active, is_editors_pick, rental_status, category_id) VALUES (14, '2025-12-18 20:39:24', '2025-12-18 20:39:24', 'Centralized Next Generation Parallelism', 'Susan Garrett', '978-0-8304-6990-1', 'Peters-Williams', 2024, 643, 'Skill five indicate chance heavy senior. Drive different tax certain leg arm include. Newspaper care drug data position two.', 92.66, 'PHYSICAL', 10, 10, true, false, 'AVAILABLE', 6);
INSERT INTO book_tags (book_id, tag_id) VALUES (14, 6);
INSERT INTO book_tags (book_id, tag_id) VALUES (14, 8);
INSERT INTO book_tags (book_id, tag_id) VALUES (14, 1);
INSERT INTO books (id, created_at, updated_at, title, author, isbn, publisher, publication_year, page_count, description, price, book_type, total_stock, available_stock, is_active, is_editors_pick, rental_status, category_id) VALUES (15, '2025-12-18 20:39:24', '2025-12-18 20:39:24', 'Compatible Content-Based Website', 'Misty Hansen', '978-1-4458-7717-4', 'Clark-Meadows', 2009, 345, 'Deep couple scientist. Trial receive region however dream focus executive.', 15.21, 'DIGITAL', 10, 10, true, false, 'AVAILABLE', 2);
INSERT INTO book_tags (book_id, tag_id) VALUES (15, 2);
INSERT INTO book_tags (book_id, tag_id) VALUES (15, 2);
INSERT INTO book_tags (book_id, tag_id) VALUES (15, 8);
INSERT INTO books (id, created_at, updated_at, title, author, isbn, publisher, publication_year, page_count, description, price, book_type, total_stock, available_stock, is_active, is_editors_pick, rental_status, category_id) VALUES (16, '2025-12-18 20:39:24', '2025-12-18 20:39:24', 'Virtual Foreground Database', 'Jason Hart', '978-0-522-87280-4', 'Figueroa Inc', 1998, 231, 'Various often individual charge form here street. Nearly want front shake major rich science.', 69.38, 'HYBRID', 10, 10, true, false, 'AVAILABLE', 2);
INSERT INTO book_tags (book_id, tag_id) VALUES (16, 3);
INSERT INTO book_tags (book_id, tag_id) VALUES (16, 5);
INSERT INTO book_tags (book_id, tag_id) VALUES (16, 9);
INSERT INTO books (id, created_at, updated_at, title, author, isbn, publisher, publication_year, page_count, description, price, book_type, total_stock, available_stock, is_active, is_editors_pick, rental_status, category_id) VALUES (17, '2025-12-18 20:39:24', '2025-12-18 20:39:24', 'Progressive 5Thgeneration Archive', 'Mary Duran', '978-0-86211-823-5', 'Taylor-Mccoy', 2003, 652, 'Across media health pay. Tree process administration mother in admit reveal movie.', 77.97, 'DIGITAL', 10, 10, true, false, 'AVAILABLE', 10);
INSERT INTO book_tags (book_id, tag_id) VALUES (17, 4);
INSERT INTO book_tags (book_id, tag_id) VALUES (17, 5);
INSERT INTO book_tags (book_id, tag_id) VALUES (17, 7);
INSERT INTO books (id, created_at, updated_at, title, author, isbn, publisher, publication_year, page_count, description, price, book_type, total_stock, available_stock, is_active, is_editors_pick, rental_status, category_id) VALUES (18, '2025-12-18 20:39:24', '2025-12-18 20:39:24', 'Ergonomic Regional Moderator', 'Hector Norton', '978-0-8033-9740-8', 'Watson Group', 2013, 548, 'During recently feel stock ball yard practice. Behavior here need. Pm reflect bar suddenly.', 90.97, 'HYBRID', 10, 10, true, false, 'AVAILABLE', 11);
INSERT INTO book_tags (book_id, tag_id) VALUES (18, 2);
INSERT INTO book_tags (book_id, tag_id) VALUES (18, 4);
INSERT INTO books (id, created_at, updated_at, title, author, isbn, publisher, publication_year, page_count, description, price, book_type, total_stock, available_stock, is_active, is_editors_pick, rental_status, category_id) VALUES (19, '2025-12-18 20:39:24', '2025-12-18 20:39:24', 'Compatible Systemic Focus Group', 'Kristy Johnson', '978-0-631-59996-8', 'Smith-Clark', 2011, 121, 'Up federal nor note support quality. Forward sense cause write right may window.', 62.95, 'PHYSICAL', 10, 10, true, false, 'AVAILABLE', 4);
INSERT INTO book_tags (book_id, tag_id) VALUES (19, 10);
INSERT INTO books (id, created_at, updated_at, title, author, isbn, publisher, publication_year, page_count, description, price, book_type, total_stock, available_stock, is_active, is_editors_pick, rental_status, category_id) VALUES (20, '2025-12-18 20:39:24', '2025-12-18 20:39:24', 'Vision-Oriented Fresh-Thinking Algorithm', 'Rachel Hayes', '978-0-267-88861-0', 'Kelly Group', 1994, 746, 'Quickly produce beat peace. Require bank child Republican plant. First blood accept final growth especially.', 15.3, 'PHYSICAL', 10, 10, true, false, 'AVAILABLE', 4);
INSERT INTO book_tags (book_id, tag_id) VALUES (20, 1);
INSERT INTO books (id, created_at, updated_at, title, author, isbn, publisher, publication_year, page_count, description, price, book_type, total_stock, available_stock, is_active, is_editors_pick, rental_status, category_id) VALUES (21, '2025-12-18 20:39:24', '2025-12-18 20:39:24', 'Assimilated Background Help-Desk', 'Linda Mueller', '978-0-7124-0659-8', 'Smith-Gutierrez', 2022, 343, 'Toward within occur college herself catch feeling. Certainly cold every feel site guess want.', 35.06, 'PHYSICAL', 10, 10, true, false, 'AVAILABLE', 6);
INSERT INTO book_tags (book_id, tag_id) VALUES (21, 4);
INSERT INTO book_tags (book_id, tag_id) VALUES (21, 9);
INSERT INTO books (id, created_at, updated_at, title, author, isbn, publisher, publication_year, page_count, description, price, book_type, total_stock, available_stock, is_active, is_editors_pick, rental_status, category_id) VALUES (22, '2025-12-18 20:39:24', '2025-12-18 20:39:24', 'Multi-Tiered Full-Range Intranet', 'Robert Villarreal', '978-0-8073-7416-0', 'Taylor, Flores and Valentine', 2020, 348, 'Fire who why fact reason make office. For exactly skill half usually.', 80.62, 'HYBRID', 10, 10, true, false, 'AVAILABLE', 3);
INSERT INTO book_tags (book_id, tag_id) VALUES (22, 4);
INSERT INTO book_tags (book_id, tag_id) VALUES (22, 2);
INSERT INTO books (id, created_at, updated_at, title, author, isbn, publisher, publication_year, page_count, description, price, book_type, total_stock, available_stock, is_active, is_editors_pick, rental_status, category_id) VALUES (23, '2025-12-18 20:39:24', '2025-12-18 20:39:24', 'Synergistic Modular Challenge', 'Dana Hopkins', '978-1-79825-071-6', 'Henderson, Bennett and Cole', 2017, 462, 'Old move type thank industry already why. Order trial body eat professor coach partner. Worker quality hundred sell whole involve action. Develop section newspaper reach determine.', 48.12, 'HYBRID', 10, 10, true, false, 'AVAILABLE', 2);
INSERT INTO book_tags (book_id, tag_id) VALUES (23, 1);
INSERT INTO book_tags (book_id, tag_id) VALUES (23, 2);
INSERT INTO books (id, created_at, updated_at, title, author, isbn, publisher, publication_year, page_count, description, price, book_type, total_stock, available_stock, is_active, is_editors_pick, rental_status, category_id) VALUES (24, '2025-12-18 20:39:24', '2025-12-18 20:39:24', 'Implemented Intangible Artificial Intelligence', 'Todd Thomas', '978-1-7362266-0-5', 'Cooper-Mueller', 2011, 211, 'Give best reveal laugh attack and represent. Support possible quality. Upon scientist might necessary.', 32.38, 'DIGITAL', 10, 10, true, false, 'AVAILABLE', 1);
INSERT INTO book_tags (book_id, tag_id) VALUES (24, 9);
INSERT INTO books (id, created_at, updated_at, title, author, isbn, publisher, publication_year, page_count, description, price, book_type, total_stock, available_stock, is_active, is_editors_pick, rental_status, category_id) VALUES (25, '2025-12-18 20:39:24', '2025-12-18 20:39:24', 'User-Centric Reciprocal Customer Loyalty', 'Jeffrey Smith', '978-1-991251-34-3', 'Harris Ltd', 2017, 287, 'Big the cost for leader energy television. Whole finish home hotel box goal leader.', 35.07, 'PHYSICAL', 10, 10, true, false, 'AVAILABLE', 8);
INSERT INTO book_tags (book_id, tag_id) VALUES (25, 2);
INSERT INTO books (id, created_at, updated_at, title, author, isbn, publisher, publication_year, page_count, description, price, book_type, total_stock, available_stock, is_active, is_editors_pick, rental_status, category_id) VALUES (26, '2025-12-18 20:39:24', '2025-12-18 20:39:24', 'Customizable Contextually-Based Hub', 'Kayla Barnes', '978-1-67677-219-4', 'Andrews Group', 1996, 151, 'Player really population yourself never majority cell. Success people tend weight machine crime.', 68.69, 'HYBRID', 10, 10, true, false, 'AVAILABLE', 8);
INSERT INTO book_tags (book_id, tag_id) VALUES (26, 1);
INSERT INTO book_tags (book_id, tag_id) VALUES (26, 2);
INSERT INTO book_tags (book_id, tag_id) VALUES (26, 4);
INSERT INTO books (id, created_at, updated_at, title, author, isbn, publisher, publication_year, page_count, description, price, book_type, total_stock, available_stock, is_active, is_editors_pick, rental_status, category_id) VALUES (27, '2025-12-18 20:39:24', '2025-12-18 20:39:24', 'Assimilated Well-Modulated Definition', 'Donald Medina', '978-0-339-59629-0', 'Norman PLC', 2021, 592, 'Member of environmental myself yard my series. National wrong bill stop seem fear. Last give stage.', 29.24, 'DIGITAL', 10, 10, true, false, 'AVAILABLE', 3);
INSERT INTO book_tags (book_id, tag_id) VALUES (27, 1);
INSERT INTO book_tags (book_id, tag_id) VALUES (27, 3);
INSERT INTO books (id, created_at, updated_at, title, author, isbn, publisher, publication_year, page_count, description, price, book_type, total_stock, available_stock, is_active, is_editors_pick, rental_status, category_id) VALUES (28, '2025-12-18 20:39:24', '2025-12-18 20:39:24', 'Devolved Zero Tolerance Database', 'Renee Hudson', '978-0-325-36729-3', 'Campbell, Ryan and Morris', 2014, 371, 'Of weight method too spring. While size try yeah.', 93.39, 'PHYSICAL', 10, 10, true, false, 'AVAILABLE', 7);
INSERT INTO book_tags (book_id, tag_id) VALUES (28, 5);
INSERT INTO book_tags (book_id, tag_id) VALUES (28, 7);
INSERT INTO books (id, created_at, updated_at, title, author, isbn, publisher, publication_year, page_count, description, price, book_type, total_stock, available_stock, is_active, is_editors_pick, rental_status, category_id) VALUES (29, '2025-12-18 20:39:24', '2025-12-18 20:39:24', 'Self-Enabling Encompassing Product', 'Jesse Schultz', '978-1-5458-9297-8', 'Powell Ltd', 2021, 258, 'Lawyer maintain old than suggest behavior. Play recently sure somebody huge why station.', 27.09, 'HYBRID', 10, 10, true, false, 'AVAILABLE', 12);
INSERT INTO book_tags (book_id, tag_id) VALUES (29, 1);
INSERT INTO books (id, created_at, updated_at, title, author, isbn, publisher, publication_year, page_count, description, price, book_type, total_stock, available_stock, is_active, is_editors_pick, rental_status, category_id) VALUES (30, '2025-12-18 20:39:24', '2025-12-18 20:39:24', 'Mandatory Systemic Task-Force', 'Brett Bowers', '978-0-06-436110-1', 'Smith-Noble', 2024, 162, 'Lead yeah into yet travel think. City usually ever pressure economy.', 77.32, 'HYBRID', 10, 10, true, false, 'AVAILABLE', 10);
INSERT INTO book_tags (book_id, tag_id) VALUES (30, 1);
INSERT INTO books (id, created_at, updated_at, title, author, isbn, publisher, publication_year, page_count, description, price, book_type, total_stock, available_stock, is_active, is_editors_pick, rental_status, category_id) VALUES (31, '2025-12-18 20:39:24', '2025-12-18 20:39:24', 'Extended Mission-Critical Archive', 'Darrell Frazier', '978-0-89092-753-3', 'Smith LLC', 2022, 643, 'Really local director become south billion. Thing case similar send card year.', 24.17, 'DIGITAL', 10, 10, true, false, 'AVAILABLE', 10);
INSERT INTO book_tags (book_id, tag_id) VALUES (31, 2);
INSERT INTO book_tags (book_id, tag_id) VALUES (31, 3);
INSERT INTO book_tags (book_id, tag_id) VALUES (31, 2);
INSERT INTO books (id, created_at, updated_at, title, author, isbn, publisher, publication_year, page_count, description, price, book_type, total_stock, available_stock, is_active, is_editors_pick, rental_status, category_id) VALUES (32, '2025-12-18 20:39:24', '2025-12-18 20:39:24', 'Self-Enabling Value-Added Collaboration', 'Lisa Ramos', '978-0-438-98364-9', 'Miller Inc', 2005, 513, 'Operation himself white fire. Easy popular easy over.', 20.79, 'PHYSICAL', 10, 10, true, false, 'AVAILABLE', 10);
INSERT INTO book_tags (book_id, tag_id) VALUES (32, 4);
INSERT INTO book_tags (book_id, tag_id) VALUES (32, 10);
INSERT INTO book_tags (book_id, tag_id) VALUES (32, 10);
INSERT INTO books (id, created_at, updated_at, title, author, isbn, publisher, publication_year, page_count, description, price, book_type, total_stock, available_stock, is_active, is_editors_pick, rental_status, category_id) VALUES (33, '2025-12-18 20:39:24', '2025-12-18 20:39:24', 'Stand-Alone Actuating Toolset', 'Tina Simpson', '978-1-86661-889-9', 'Allen Ltd', 1995, 529, 'Month within would value. Hit stuff inside national. Several west side admit. Add democratic two we.', 69.16, 'HYBRID', 10, 10, true, false, 'AVAILABLE', 1);
INSERT INTO book_tags (book_id, tag_id) VALUES (33, 9);
INSERT INTO book_tags (book_id, tag_id) VALUES (33, 6);
INSERT INTO book_tags (book_id, tag_id) VALUES (33, 5);
INSERT INTO books (id, created_at, updated_at, title, author, isbn, publisher, publication_year, page_count, description, price, book_type, total_stock, available_stock, is_active, is_editors_pick, rental_status, category_id) VALUES (34, '2025-12-18 20:39:24', '2025-12-18 20:39:24', 'Distributed Even-Keeled Artificial Intelligence', 'Jorge Harris', '978-0-05-648149-7', 'Herrera Group', 2010, 344, 'Financial join well draw. Beat its law participant finally. Budget remain reduce clearly. Mission situation result cold camera sit.', 33.91, 'HYBRID', 10, 10, true, false, 'AVAILABLE', 4);
INSERT INTO book_tags (book_id, tag_id) VALUES (34, 5);
INSERT INTO books (id, created_at, updated_at, title, author, isbn, publisher, publication_year, page_count, description, price, book_type, total_stock, available_stock, is_active, is_editors_pick, rental_status, category_id) VALUES (35, '2025-12-18 20:39:24', '2025-12-18 20:39:24', 'Self-Enabling Asynchronous Methodology', 'Ian Porter', '978-0-536-54195-6', 'Jackson, Moore and Ayala', 1994, 109, 'Direction meeting analysis television. Animal hair turn condition whether. Need trial scientist.', 51.25, 'DIGITAL', 10, 10, true, false, 'AVAILABLE', 8);
INSERT INTO book_tags (book_id, tag_id) VALUES (35, 2);
INSERT INTO book_tags (book_id, tag_id) VALUES (35, 2);
INSERT INTO book_tags (book_id, tag_id) VALUES (35, 9);
INSERT INTO books (id, created_at, updated_at, title, author, isbn, publisher, publication_year, page_count, description, price, book_type, total_stock, available_stock, is_active, is_editors_pick, rental_status, category_id) VALUES (36, '2025-12-18 20:39:24', '2025-12-18 20:39:24', 'Decentralized Motivating Service-Desk', 'Cassie Brock', '978-0-85050-641-9', 'Finley Inc', 2006, 235, 'Similar financial beat lead hard. Nor fight performance less option. Young simply run national somebody character usually.', 93.99, 'HYBRID', 10, 10, true, false, 'AVAILABLE', 4);
INSERT INTO book_tags (book_id, tag_id) VALUES (36, 4);
INSERT INTO books (id, created_at, updated_at, title, author, isbn, publisher, publication_year, page_count, description, price, book_type, total_stock, available_stock, is_active, is_editors_pick, rental_status, category_id) VALUES (37, '2025-12-18 20:39:24', '2025-12-18 20:39:24', 'Expanded Multi-Tasking Encoding', 'Tyrone Kaufman', '978-0-8261-9906-5', 'Dawson Inc', 2000, 548, 'Today mind red head window.', 85.04, 'DIGITAL', 10, 10, true, false, 'AVAILABLE', 6);
INSERT INTO book_tags (book_id, tag_id) VALUES (37, 5);
INSERT INTO book_tags (book_id, tag_id) VALUES (37, 10);
INSERT INTO book_tags (book_id, tag_id) VALUES (37, 9);
INSERT INTO books (id, created_at, updated_at, title, author, isbn, publisher, publication_year, page_count, description, price, book_type, total_stock, available_stock, is_active, is_editors_pick, rental_status, category_id) VALUES (38, '2025-12-18 20:39:24', '2025-12-18 20:39:24', 'Switchable Clear-Thinking Encoding', 'Samuel Howe', '978-0-521-35680-0', 'Haynes-Moss', 2009, 779, 'Evening avoid dark sister once choice clearly. Finish building group show later leg system. Citizen rather step recent.', 19.32, 'HYBRID', 10, 10, true, false, 'AVAILABLE', 1);
INSERT INTO book_tags (book_id, tag_id) VALUES (38, 5);
INSERT INTO books (id, created_at, updated_at, title, author, isbn, publisher, publication_year, page_count, description, price, book_type, total_stock, available_stock, is_active, is_editors_pick, rental_status, category_id) VALUES (39, '2025-12-18 20:39:24', '2025-12-18 20:39:24', 'Synergistic Exuding Firmware', 'Carrie Crane', '978-0-372-15107-4', 'Hawkins-Pierce', 1999, 378, 'Big soldier building article sit develop cup. Head piece popular old else spend.', 35.36, 'PHYSICAL', 10, 10, true, false, 'AVAILABLE', 2);
INSERT INTO book_tags (book_id, tag_id) VALUES (39, 6);
INSERT INTO books (id, created_at, updated_at, title, author, isbn, publisher, publication_year, page_count, description, price, book_type, total_stock, available_stock, is_active, is_editors_pick, rental_status, category_id) VALUES (40, '2025-12-18 20:39:24', '2025-12-18 20:39:24', 'Business-Focused Composite Orchestration', 'Nathaniel Crawford', '978-0-657-87598-5', 'Vega-Thompson', 2006, 617, 'Every land chance pass. Early far include nearly article evidence case current.', 53.97, 'HYBRID', 10, 10, true, false, 'AVAILABLE', 4);
INSERT INTO book_tags (book_id, tag_id) VALUES (40, 2);
INSERT INTO books (id, created_at, updated_at, title, author, isbn, publisher, publication_year, page_count, description, price, book_type, total_stock, available_stock, is_active, is_editors_pick, rental_status, category_id) VALUES (41, '2025-12-18 20:39:24', '2025-12-18 20:39:24', 'Inverse Human-Resource Flexibility', 'Francis Robinson', '978-0-599-29378-6', 'Brown-Frey', 2007, 145, 'Short yourself wind beyond prevent entire. Shake way offer work. Great stuff suddenly compare or south.', 10.32, 'DIGITAL', 10, 10, true, false, 'AVAILABLE', 11);
INSERT INTO book_tags (book_id, tag_id) VALUES (41, 5);
INSERT INTO books (id, created_at, updated_at, title, author, isbn, publisher, publication_year, page_count, description, price, book_type, total_stock, available_stock, is_active, is_editors_pick, rental_status, category_id) VALUES (42, '2025-12-18 20:39:24', '2025-12-18 20:39:24', 'Integrated Context-Sensitive Matrix', 'Anthony Guzman', '978-1-5289-5392-4', 'Fox Inc', 2018, 664, 'Cut candidate response try such food against only. Similar suffer team whether. Relate product only from follow wish.', 73.51, 'HYBRID', 10, 10, true, false, 'AVAILABLE', 3);
INSERT INTO book_tags (book_id, tag_id) VALUES (42, 1);
INSERT INTO book_tags (book_id, tag_id) VALUES (42, 2);
INSERT INTO book_tags (book_id, tag_id) VALUES (42, 2);
INSERT INTO books (id, created_at, updated_at, title, author, isbn, publisher, publication_year, page_count, description, price, book_type, total_stock, available_stock, is_active, is_editors_pick, rental_status, category_id) VALUES (43, '2025-12-18 20:39:24', '2025-12-18 20:39:24', 'Multi-Tiered Fault-Tolerant Superstructure', 'Bethany Daniel', '978-1-331-54100-4', 'Fry, Myers and Gamble', 2024, 136, 'Consider fish speak. Determine not view cell seat draw word collection. Start prove role from.', 85.11, 'PHYSICAL', 10, 10, true, false, 'AVAILABLE', 12);
INSERT INTO book_tags (book_id, tag_id) VALUES (43, 9);
INSERT INTO book_tags (book_id, tag_id) VALUES (43, 3);
INSERT INTO book_tags (book_id, tag_id) VALUES (43, 7);
INSERT INTO books (id, created_at, updated_at, title, author, isbn, publisher, publication_year, page_count, description, price, book_type, total_stock, available_stock, is_active, is_editors_pick, rental_status, category_id) VALUES (44, '2025-12-18 20:39:24', '2025-12-18 20:39:24', 'Networked Leadingedge Superstructure', 'Christopher Gutierrez', '978-1-201-53368-9', 'Bell-Bennett', 2009, 473, 'Prepare reach class available suffer far five. Avoid color heart rule. Walk within full world throw relate issue.', 90.91, 'PHYSICAL', 10, 10, true, false, 'AVAILABLE', 3);
INSERT INTO book_tags (book_id, tag_id) VALUES (44, 6);
INSERT INTO books (id, created_at, updated_at, title, author, isbn, publisher, publication_year, page_count, description, price, book_type, total_stock, available_stock, is_active, is_editors_pick, rental_status, category_id) VALUES (45, '2025-12-18 20:39:24', '2025-12-18 20:39:24', 'Up-Sized Upward-Trending Moratorium', 'Douglas Young', '978-1-270-47743-3', 'Long PLC', 2005, 782, 'Approach about because station. Outside current agent color factor bank such final. Likely thus enter politics hold he.', 19.25, 'HYBRID', 10, 10, true, false, 'AVAILABLE', 4);
INSERT INTO book_tags (book_id, tag_id) VALUES (45, 7);
INSERT INTO book_tags (book_id, tag_id) VALUES (45, 10);
INSERT INTO book_tags (book_id, tag_id) VALUES (45, 3);
INSERT INTO books (id, created_at, updated_at, title, author, isbn, publisher, publication_year, page_count, description, price, book_type, total_stock, available_stock, is_active, is_editors_pick, rental_status, category_id) VALUES (46, '2025-12-18 20:39:24', '2025-12-18 20:39:24', 'Future-Proofed Non-Volatile Approach', 'Michael Davis', '978-1-5116-8685-3', 'Cooper, Weaver and Arellano', 2001, 522, 'Network subject stand industry movement. Of dog federal house take alone number. Song quality per build serious common worker. Speak call interest write itself.', 12.23, 'PHYSICAL', 10, 10, true, false, 'AVAILABLE', 4);
INSERT INTO book_tags (book_id, tag_id) VALUES (46, 6);
INSERT INTO book_tags (book_id, tag_id) VALUES (46, 7);
INSERT INTO book_tags (book_id, tag_id) VALUES (46, 4);
INSERT INTO books (id, created_at, updated_at, title, author, isbn, publisher, publication_year, page_count, description, price, book_type, total_stock, available_stock, is_active, is_editors_pick, rental_status, category_id) VALUES (47, '2025-12-18 20:39:24', '2025-12-18 20:39:24', 'Grass-Roots Multi-State Knowledgebase', 'Alexandria Graves', '978-0-9960653-0-6', 'Mills, Barnes and Perry', 1996, 491, 'Onto serve vote understand none big experience. They there enough pressure occur list common.', 88.5, 'PHYSICAL', 10, 10, true, false, 'AVAILABLE', 5);
INSERT INTO book_tags (book_id, tag_id) VALUES (47, 4);
INSERT INTO book_tags (book_id, tag_id) VALUES (47, 4);
INSERT INTO books (id, created_at, updated_at, title, author, isbn, publisher, publication_year, page_count, description, price, book_type, total_stock, available_stock, is_active, is_editors_pick, rental_status, category_id) VALUES (48, '2025-12-18 20:39:24', '2025-12-18 20:39:24', 'User-Friendly Methodical Flexibility', 'Alicia Roth', '978-0-8214-8628-3', 'Collins-Cameron', 2009, 333, 'Care wind kitchen stay especially. Painting become kid tree imagine machine.', 30.06, 'DIGITAL', 10, 10, true, false, 'AVAILABLE', 8);
INSERT INTO book_tags (book_id, tag_id) VALUES (48, 4);
INSERT INTO book_tags (book_id, tag_id) VALUES (48, 7);
INSERT INTO book_tags (book_id, tag_id) VALUES (48, 6);
INSERT INTO books (id, created_at, updated_at, title, author, isbn, publisher, publication_year, page_count, description, price, book_type, total_stock, available_stock, is_active, is_editors_pick, rental_status, category_id) VALUES (49, '2025-12-18 20:39:24', '2025-12-18 20:39:24', 'Re-Contextualized 4Thgeneration Conglomeration', 'Ross Hood', '978-0-293-33346-7', 'Johnson Inc', 2007, 459, 'Ever statement measure play buy. Drop major land. Only glass clear thus see read expect.', 67.73, 'PHYSICAL', 10, 10, true, false, 'AVAILABLE', 5);
INSERT INTO book_tags (book_id, tag_id) VALUES (49, 9);
INSERT INTO book_tags (book_id, tag_id) VALUES (49, 6);
INSERT INTO books (id, created_at, updated_at, title, author, isbn, publisher, publication_year, page_count, description, price, book_type, total_stock, available_stock, is_active, is_editors_pick, rental_status, category_id) VALUES (50, '2025-12-18 20:39:24', '2025-12-18 20:39:24', 'Profound 3Rdgeneration Time-Frame', 'Melanie Wells', '978-1-57437-489-6', 'Holland PLC', 2006, 282, 'Education source figure whom poor.', 62.25, 'PHYSICAL', 10, 10, true, false, 'AVAILABLE', 1);
INSERT INTO book_tags (book_id, tag_id) VALUES (50, 1);
INSERT INTO book_tags (book_id, tag_id) VALUES (50, 2);
INSERT INTO books (id, created_at, updated_at, title, author, isbn, publisher, publication_year, page_count, description, price, book_type, total_stock, available_stock, is_active, is_editors_pick, rental_status, category_id) VALUES (51, '2025-12-18 20:39:24', '2025-12-18 20:39:24', 'Object-Based Optimal Benchmark', 'Zachary Levy', '978-0-9652074-4-7', 'Hoffman-Wheeler', 2012, 421, 'Range loss from everybody foot. End represent throughout federal change.', 49.28, 'DIGITAL', 10, 10, true, false, 'AVAILABLE', 10);
INSERT INTO book_tags (book_id, tag_id) VALUES (51, 2);
INSERT INTO book_tags (book_id, tag_id) VALUES (51, 7);
INSERT INTO book_tags (book_id, tag_id) VALUES (51, 10);
INSERT INTO books (id, created_at, updated_at, title, author, isbn, publisher, publication_year, page_count, description, price, book_type, total_stock, available_stock, is_active, is_editors_pick, rental_status, category_id) VALUES (52, '2025-12-18 20:39:24', '2025-12-18 20:39:24', 'Operative Impactful Info-Mediaries', 'Lauren Cooley', '978-0-353-46554-1', 'Cooper Ltd', 1992, 546, 'Point little wait grow feel color price. Congress best campaign else space several consumer.', 10.15, 'DIGITAL', 10, 10, true, false, 'AVAILABLE', 4);
INSERT INTO book_tags (book_id, tag_id) VALUES (52, 4);
INSERT INTO book_tags (book_id, tag_id) VALUES (52, 6);
INSERT INTO book_tags (book_id, tag_id) VALUES (52, 7);
INSERT INTO books (id, created_at, updated_at, title, author, isbn, publisher, publication_year, page_count, description, price, book_type, total_stock, available_stock, is_active, is_editors_pick, rental_status, category_id) VALUES (53, '2025-12-18 20:39:24', '2025-12-18 20:39:24', 'Reduced Explicit Local Area Network', 'Julie Delacruz', '978-1-5250-0743-9', 'Carpenter, Oliver and Kennedy', 2011, 738, 'Build quite morning including that character yeah. Important notice trade leader first resource.', 38.25, 'HYBRID', 10, 10, true, false, 'AVAILABLE', 2);
INSERT INTO book_tags (book_id, tag_id) VALUES (53, 5);
INSERT INTO books (id, created_at, updated_at, title, author, isbn, publisher, publication_year, page_count, description, price, book_type, total_stock, available_stock, is_active, is_editors_pick, rental_status, category_id) VALUES (54, '2025-12-18 20:39:24', '2025-12-18 20:39:24', 'Virtual Zero-Defect Concept', 'Brooke Glover', '978-1-898562-57-3', 'Anderson Group', 2016, 434, 'Investment local above move room wear. Series most adult above safe difficult. Fine bill me fill assume animal.', 46.22, 'DIGITAL', 10, 10, true, false, 'AVAILABLE', 9);
INSERT INTO book_tags (book_id, tag_id) VALUES (54, 9);
INSERT INTO book_tags (book_id, tag_id) VALUES (54, 3);
INSERT INTO books (id, created_at, updated_at, title, author, isbn, publisher, publication_year, page_count, description, price, book_type, total_stock, available_stock, is_active, is_editors_pick, rental_status, category_id) VALUES (55, '2025-12-18 20:39:24', '2025-12-18 20:39:24', 'Multi-Channeled Web-Enabled Core', 'Terry Burnett', '978-0-10-016761-2', 'Perez Ltd', 2014, 793, 'Safe operation college hand practice. Heart policy side.', 77.33, 'DIGITAL', 10, 10, true, false, 'AVAILABLE', 4);
INSERT INTO book_tags (book_id, tag_id) VALUES (55, 10);
INSERT INTO books (id, created_at, updated_at, title, author, isbn, publisher, publication_year, page_count, description, price, book_type, total_stock, available_stock, is_active, is_editors_pick, rental_status, category_id) VALUES (56, '2025-12-18 20:39:24', '2025-12-18 20:39:24', 'Reactive Eco-Centric Leverage', 'Christine Jennings', '978-1-64208-737-6', 'Turner Ltd', 2015, 661, 'Establish paper case store bit responsibility brother. Size marriage participant sing.', 85.04, 'DIGITAL', 10, 10, true, false, 'AVAILABLE', 10);
INSERT INTO book_tags (book_id, tag_id) VALUES (56, 5);
INSERT INTO book_tags (book_id, tag_id) VALUES (56, 4);
INSERT INTO books (id, created_at, updated_at, title, author, isbn, publisher, publication_year, page_count, description, price, book_type, total_stock, available_stock, is_active, is_editors_pick, rental_status, category_id) VALUES (57, '2025-12-18 20:39:24', '2025-12-18 20:39:24', 'Managed Disintermediate Ability', 'Brandon Rodriguez', '978-0-557-94155-1', 'Caldwell, Hernandez and Davis', 2010, 576, 'Rich big eight discuss. Enough anyone spend them system. Soon fine school believe serve animal.', 49.76, 'HYBRID', 10, 10, true, false, 'AVAILABLE', 7);
INSERT INTO book_tags (book_id, tag_id) VALUES (57, 4);
INSERT INTO book_tags (book_id, tag_id) VALUES (57, 9);
INSERT INTO book_tags (book_id, tag_id) VALUES (57, 8);
INSERT INTO books (id, created_at, updated_at, title, author, isbn, publisher, publication_year, page_count, description, price, book_type, total_stock, available_stock, is_active, is_editors_pick, rental_status, category_id) VALUES (58, '2025-12-18 20:39:24', '2025-12-18 20:39:24', 'Enterprise-Wide Bifurcated Initiative', 'Jesus Houston', '978-1-59027-716-4', 'Jefferson, Marsh and Banks', 1995, 390, 'Car risk word such. Indeed opportunity soon question.', 56.39, 'PHYSICAL', 10, 10, true, false, 'AVAILABLE', 12);
INSERT INTO book_tags (book_id, tag_id) VALUES (58, 10);
INSERT INTO book_tags (book_id, tag_id) VALUES (58, 6);
INSERT INTO book_tags (book_id, tag_id) VALUES (58, 2);
INSERT INTO books (id, created_at, updated_at, title, author, isbn, publisher, publication_year, page_count, description, price, book_type, total_stock, available_stock, is_active, is_editors_pick, rental_status, category_id) VALUES (59, '2025-12-18 20:39:24', '2025-12-18 20:39:24', 'Organic 6Thgeneration Architecture', 'Ernest Bush', '978-1-217-53540-0', 'Warren, Manning and Cummings', 2009, 330, 'Mind read peace item risk loss. Chance step throughout party activity various.', 82.59, 'HYBRID', 10, 10, true, false, 'AVAILABLE', 4);
INSERT INTO book_tags (book_id, tag_id) VALUES (59, 1);
INSERT INTO books (id, created_at, updated_at, title, author, isbn, publisher, publication_year, page_count, description, price, book_type, total_stock, available_stock, is_active, is_editors_pick, rental_status, category_id) VALUES (60, '2025-12-18 20:39:24', '2025-12-18 20:39:24', 'Profit-Focused Directional Neural-Net', 'Jennifer Young', '978-0-7550-3758-2', 'Wallace-Berry', 2020, 725, 'Language budget market president bill include news. Stay social white.', 86.48, 'PHYSICAL', 10, 10, true, false, 'AVAILABLE', 1);
INSERT INTO book_tags (book_id, tag_id) VALUES (60, 8);
INSERT INTO books (id, created_at, updated_at, title, author, isbn, publisher, publication_year, page_count, description, price, book_type, total_stock, available_stock, is_active, is_editors_pick, rental_status, category_id) VALUES (61, '2025-12-18 20:39:24', '2025-12-18 20:39:24', 'Visionary Regional Policy', 'Matthew Baldwin', '978-0-493-31637-6', 'Davis Ltd', 2002, 493, 'Game stop who. Natural hear blood to manage.', 54.49, 'HYBRID', 10, 10, true, false, 'AVAILABLE', 7);
INSERT INTO book_tags (book_id, tag_id) VALUES (61, 3);
INSERT INTO books (id, created_at, updated_at, title, author, isbn, publisher, publication_year, page_count, description, price, book_type, total_stock, available_stock, is_active, is_editors_pick, rental_status, category_id) VALUES (62, '2025-12-18 20:39:24', '2025-12-18 20:39:24', 'Ergonomic Transitional Graphical User Interface', 'Jason House', '978-1-83339-452-8', 'Chapman, Barton and Hayes', 1990, 209, 'Care material morning any very stuff lot. Sit travel reality community spring billion price. Third mean his woman trouble several event white. Laugh card include record security.', 80.06, 'HYBRID', 10, 10, true, false, 'AVAILABLE', 11);
INSERT INTO book_tags (book_id, tag_id) VALUES (62, 3);
INSERT INTO books (id, created_at, updated_at, title, author, isbn, publisher, publication_year, page_count, description, price, book_type, total_stock, available_stock, is_active, is_editors_pick, rental_status, category_id) VALUES (63, '2025-12-18 20:39:24', '2025-12-18 20:39:24', 'Triple-Buffered Solution-Oriented Conglomeration', 'Melissa Morris', '978-1-198-38638-1', 'Hodges PLC', 2019, 151, 'Number project individual security subject experience suggest space. Blood herself apply argue environment size worker. Chair artist six daughter must.', 60.17, 'HYBRID', 10, 10, true, false, 'AVAILABLE', 12);
INSERT INTO book_tags (book_id, tag_id) VALUES (63, 8);
INSERT INTO books (id, created_at, updated_at, title, author, isbn, publisher, publication_year, page_count, description, price, book_type, total_stock, available_stock, is_active, is_editors_pick, rental_status, category_id) VALUES (64, '2025-12-18 20:39:24', '2025-12-18 20:39:24', 'Total Executive Solution', 'Tammy Hughes', '978-0-2281-6064-9', 'Edwards, Arnold and Smith', 2023, 672, 'Per sit thank stop treatment. Sense national owner simply who family.', 63.59, 'DIGITAL', 10, 10, true, false, 'AVAILABLE', 3);
INSERT INTO book_tags (book_id, tag_id) VALUES (64, 10);
INSERT INTO book_tags (book_id, tag_id) VALUES (64, 9);
INSERT INTO books (id, created_at, updated_at, title, author, isbn, publisher, publication_year, page_count, description, price, book_type, total_stock, available_stock, is_active, is_editors_pick, rental_status, category_id) VALUES (65, '2025-12-18 20:39:24', '2025-12-18 20:39:24', 'Realigned Empowering Capacity', 'Ryan Smith', '978-1-153-35554-4', 'Mckinney-Moore', 2018, 262, 'Others similar personal successful feeling so. Group six fish detail contain attention measure.', 76.93, 'HYBRID', 10, 10, true, false, 'AVAILABLE', 7);
INSERT INTO book_tags (book_id, tag_id) VALUES (65, 8);
INSERT INTO book_tags (book_id, tag_id) VALUES (65, 5);
INSERT INTO books (id, created_at, updated_at, title, author, isbn, publisher, publication_year, page_count, description, price, book_type, total_stock, available_stock, is_active, is_editors_pick, rental_status, category_id) VALUES (66, '2025-12-18 20:39:24', '2025-12-18 20:39:24', 'Extended Web-Enabled Process Improvement', 'Yesenia Colon', '978-1-120-75011-2', 'Smith, Caldwell and Griffin', 2007, 633, 'During always those high someone box either rich. Treat state heart. Knowledge analysis together court message way cold. Mouth phone decision picture defense rate structure.', 53.61, 'HYBRID', 10, 10, true, false, 'AVAILABLE', 4);
INSERT INTO book_tags (book_id, tag_id) VALUES (66, 5);
INSERT INTO books (id, created_at, updated_at, title, author, isbn, publisher, publication_year, page_count, description, price, book_type, total_stock, available_stock, is_active, is_editors_pick, rental_status, category_id) VALUES (67, '2025-12-18 20:39:24', '2025-12-18 20:39:24', 'Business-Focused Context-Sensitive Utilization', 'Benjamin Underwood', '978-0-450-88210-4', 'Russell-Hayes', 2008, 340, 'First hope brother accept result as. Animal summer group me face rate paper example. High state air choose detail section.', 34.45, 'PHYSICAL', 10, 10, true, false, 'AVAILABLE', 8);
INSERT INTO book_tags (book_id, tag_id) VALUES (67, 9);
INSERT INTO book_tags (book_id, tag_id) VALUES (67, 2);
INSERT INTO books (id, created_at, updated_at, title, author, isbn, publisher, publication_year, page_count, description, price, book_type, total_stock, available_stock, is_active, is_editors_pick, rental_status, category_id) VALUES (68, '2025-12-18 20:39:24', '2025-12-18 20:39:24', 'Adaptive Object-Oriented Policy', 'Joshua Miller', '978-1-231-49135-5', 'Goodman Ltd', 2004, 492, 'Include position mention claim determine. Create consider son system surface. Leave near fact attack better rise maintain.', 72.46, 'PHYSICAL', 10, 10, true, false, 'AVAILABLE', 3);
INSERT INTO book_tags (book_id, tag_id) VALUES (68, 4);
INSERT INTO book_tags (book_id, tag_id) VALUES (68, 2);
INSERT INTO book_tags (book_id, tag_id) VALUES (68, 7);
INSERT INTO books (id, created_at, updated_at, title, author, isbn, publisher, publication_year, page_count, description, price, book_type, total_stock, available_stock, is_active, is_editors_pick, rental_status, category_id) VALUES (69, '2025-12-18 20:39:24', '2025-12-18 20:39:24', 'Pre-Emptive Local Groupware', 'Elizabeth Silva', '978-1-81291-428-0', 'Knight, Aguirre and Benjamin', 2024, 577, 'Finish size Republican. Everybody growth quickly former lose knowledge.', 47.42, 'DIGITAL', 10, 10, true, false, 'AVAILABLE', 7);
INSERT INTO book_tags (book_id, tag_id) VALUES (69, 7);
INSERT INTO books (id, created_at, updated_at, title, author, isbn, publisher, publication_year, page_count, description, price, book_type, total_stock, available_stock, is_active, is_editors_pick, rental_status, category_id) VALUES (70, '2025-12-18 20:39:24', '2025-12-18 20:39:24', 'Exclusive Empowering Superstructure', 'Angela Jones', '978-1-63942-788-8', 'Atkinson Ltd', 1991, 689, 'Often shoulder defense already end thus music president.', 44.23, 'HYBRID', 10, 10, true, false, 'AVAILABLE', 7);
INSERT INTO book_tags (book_id, tag_id) VALUES (70, 6);
INSERT INTO books (id, created_at, updated_at, title, author, isbn, publisher, publication_year, page_count, description, price, book_type, total_stock, available_stock, is_active, is_editors_pick, rental_status, category_id) VALUES (71, '2025-12-18 20:39:24', '2025-12-18 20:39:24', 'Cross-Group Hybrid Hierarchy', 'Mary Charles', '978-1-77005-184-3', 'Sutton, Todd and Taylor', 2016, 651, 'Not not the certainly. Voice American seven discussion enough doctor protect.', 77.28, 'DIGITAL', 10, 10, true, false, 'AVAILABLE', 5);
INSERT INTO book_tags (book_id, tag_id) VALUES (71, 10);
INSERT INTO book_tags (book_id, tag_id) VALUES (71, 4);
INSERT INTO book_tags (book_id, tag_id) VALUES (71, 8);
INSERT INTO books (id, created_at, updated_at, title, author, isbn, publisher, publication_year, page_count, description, price, book_type, total_stock, available_stock, is_active, is_editors_pick, rental_status, category_id) VALUES (72, '2025-12-18 20:39:24', '2025-12-18 20:39:24', 'User-Centric Empowering Paradigm', 'Carrie Valdez', '978-0-651-77739-1', 'Matthews-Villanueva', 2017, 597, 'Edge win development image stage generation society. According think key discover method exactly change church.', 12.61, 'DIGITAL', 10, 10, true, false, 'AVAILABLE', 4);
INSERT INTO book_tags (book_id, tag_id) VALUES (72, 7);
INSERT INTO book_tags (book_id, tag_id) VALUES (72, 3);
INSERT INTO books (id, created_at, updated_at, title, author, isbn, publisher, publication_year, page_count, description, price, book_type, total_stock, available_stock, is_active, is_editors_pick, rental_status, category_id) VALUES (73, '2025-12-18 20:39:24', '2025-12-18 20:39:24', 'Diverse Secondary Installation', 'Andrew Berry', '978-0-379-77236-4', 'Taylor PLC', 2024, 127, 'Chair coach two might if wide point.', 91.62, 'PHYSICAL', 10, 10, true, false, 'AVAILABLE', 8);
INSERT INTO book_tags (book_id, tag_id) VALUES (73, 10);
INSERT INTO book_tags (book_id, tag_id) VALUES (73, 1);
INSERT INTO book_tags (book_id, tag_id) VALUES (73, 2);
INSERT INTO books (id, created_at, updated_at, title, author, isbn, publisher, publication_year, page_count, description, price, book_type, total_stock, available_stock, is_active, is_editors_pick, rental_status, category_id) VALUES (74, '2025-12-18 20:39:24', '2025-12-18 20:39:24', 'Right-Sized Client-Server Utilization', 'Patricia Hanson', '978-1-5086-3765-3', 'Baker, Ramsey and Cooper', 1998, 572, 'Opportunity discover history board dark teacher mean information. Painting concern top outside. Me brother lot candidate owner still to.', 26.36, 'DIGITAL', 10, 10, true, false, 'AVAILABLE', 11);
INSERT INTO book_tags (book_id, tag_id) VALUES (74, 7);
INSERT INTO book_tags (book_id, tag_id) VALUES (74, 6);
INSERT INTO books (id, created_at, updated_at, title, author, isbn, publisher, publication_year, page_count, description, price, book_type, total_stock, available_stock, is_active, is_editors_pick, rental_status, category_id) VALUES (75, '2025-12-18 20:39:24', '2025-12-18 20:39:24', 'Reverse-Engineered User-Facing Task-Force', 'Laura Coleman', '978-1-65126-944-2', 'Woods-Hall', 2010, 445, 'Our myself election accept season. Official brother according.', 78.51, 'DIGITAL', 10, 10, true, false, 'AVAILABLE', 4);
INSERT INTO book_tags (book_id, tag_id) VALUES (75, 5);
INSERT INTO book_tags (book_id, tag_id) VALUES (75, 7);
INSERT INTO books (id, created_at, updated_at, title, author, isbn, publisher, publication_year, page_count, description, price, book_type, total_stock, available_stock, is_active, is_editors_pick, rental_status, category_id) VALUES (76, '2025-12-18 20:39:24', '2025-12-18 20:39:24', 'Public-Key Interactive Open System', 'Donald Becker', '978-0-601-27961-6', 'Gutierrez PLC', 2020, 119, 'Have never effect fill. Similar huge catch tell budget discover. Beyond meet skill song.', 77.41, 'PHYSICAL', 10, 10, true, false, 'AVAILABLE', 5);
INSERT INTO book_tags (book_id, tag_id) VALUES (76, 6);
INSERT INTO books (id, created_at, updated_at, title, author, isbn, publisher, publication_year, page_count, description, price, book_type, total_stock, available_stock, is_active, is_editors_pick, rental_status, category_id) VALUES (77, '2025-12-18 20:39:24', '2025-12-18 20:39:24', 'Cloned Empowering Definition', 'Lee Ramsey', '978-0-8489-5543-4', 'Mendez-Meyer', 1994, 767, 'Watch star policy keep. Sure us million crime six. Middle discuss college already dream a church. Sister good house only military.', 13.62, 'HYBRID', 10, 10, true, false, 'AVAILABLE', 4);
INSERT INTO book_tags (book_id, tag_id) VALUES (77, 4);
INSERT INTO books (id, created_at, updated_at, title, author, isbn, publisher, publication_year, page_count, description, price, book_type, total_stock, available_stock, is_active, is_editors_pick, rental_status, category_id) VALUES (78, '2025-12-18 20:39:24', '2025-12-18 20:39:24', 'Robust Content-Based Knowledgebase', 'Laura Green', '978-1-65880-434-9', 'Hunter-Hansen', 1999, 344, 'Future bring message election Mrs. Economic kind help low during fund simply. To television loss election him small detail.', 21.36, 'PHYSICAL', 10, 10, true, false, 'AVAILABLE', 4);
INSERT INTO book_tags (book_id, tag_id) VALUES (78, 2);
INSERT INTO book_tags (book_id, tag_id) VALUES (78, 10);
INSERT INTO book_tags (book_id, tag_id) VALUES (78, 4);
INSERT INTO books (id, created_at, updated_at, title, author, isbn, publisher, publication_year, page_count, description, price, book_type, total_stock, available_stock, is_active, is_editors_pick, rental_status, category_id) VALUES (79, '2025-12-18 20:39:24', '2025-12-18 20:39:24', 'Cross-Group Impactful Service-Desk', 'Gloria Spencer', '978-0-17-908075-1', 'Woods LLC', 2006, 477, 'Especially water raise travel material current save. Deal dark economic peace choose.', 25.1, 'HYBRID', 10, 10, true, false, 'AVAILABLE', 8);
INSERT INTO book_tags (book_id, tag_id) VALUES (79, 2);
INSERT INTO book_tags (book_id, tag_id) VALUES (79, 3);
INSERT INTO book_tags (book_id, tag_id) VALUES (79, 5);
INSERT INTO books (id, created_at, updated_at, title, author, isbn, publisher, publication_year, page_count, description, price, book_type, total_stock, available_stock, is_active, is_editors_pick, rental_status, category_id) VALUES (80, '2025-12-18 20:39:24', '2025-12-18 20:39:24', 'Secured Foreground Methodology', 'Sierra Andrews', '978-0-8434-7955-3', 'Henry-Joyce', 1991, 419, 'Huge seek campaign moment institution. Allow girl team simply lead build million. Ready activity decision ok foot party.', 61.82, 'HYBRID', 10, 10, true, false, 'AVAILABLE', 2);
INSERT INTO book_tags (book_id, tag_id) VALUES (80, 7);
INSERT INTO book_tags (book_id, tag_id) VALUES (80, 4);
INSERT INTO books (id, created_at, updated_at, title, author, isbn, publisher, publication_year, page_count, description, price, book_type, total_stock, available_stock, is_active, is_editors_pick, rental_status, category_id) VALUES (81, '2025-12-18 20:39:24', '2025-12-18 20:39:24', 'Enterprise-Wide Modular Interface', 'Michael Watson', '978-1-4489-0612-3', 'Ramirez-White', 2005, 204, 'Rather sport result sound new task cultural. List act instead care.', 72.75, 'HYBRID', 10, 10, true, false, 'AVAILABLE', 2);
INSERT INTO book_tags (book_id, tag_id) VALUES (81, 10);
INSERT INTO book_tags (book_id, tag_id) VALUES (81, 2);
INSERT INTO books (id, created_at, updated_at, title, author, isbn, publisher, publication_year, page_count, description, price, book_type, total_stock, available_stock, is_active, is_editors_pick, rental_status, category_id) VALUES (82, '2025-12-18 20:39:24', '2025-12-18 20:39:24', 'Centralized Didactic Extranet', 'Mark Cole', '978-1-996112-53-3', 'Green-Ward', 2012, 645, 'General in go quickly paper. Office power company sister great pull maintain. Threat high expert place certain cold space.', 48.55, 'PHYSICAL', 10, 10, true, false, 'AVAILABLE', 10);
INSERT INTO book_tags (book_id, tag_id) VALUES (82, 2);
INSERT INTO book_tags (book_id, tag_id) VALUES (82, 9);
INSERT INTO books (id, created_at, updated_at, title, author, isbn, publisher, publication_year, page_count, description, price, book_type, total_stock, available_stock, is_active, is_editors_pick, rental_status, category_id) VALUES (83, '2025-12-18 20:39:24', '2025-12-18 20:39:24', 'Intuitive Foreground Projection', 'Derek Newman', '978-1-334-72282-0', 'Barron-Norman', 1990, 530, 'Minute late cold take by doctor edge season. Decision however believe view. Nature ago however share bar energy choice.', 84.01, 'DIGITAL', 10, 10, true, false, 'AVAILABLE', 11);
INSERT INTO book_tags (book_id, tag_id) VALUES (83, 7);
INSERT INTO books (id, created_at, updated_at, title, author, isbn, publisher, publication_year, page_count, description, price, book_type, total_stock, available_stock, is_active, is_editors_pick, rental_status, category_id) VALUES (84, '2025-12-18 20:39:24', '2025-12-18 20:39:24', 'Assimilated 5Thgeneration Protocol', 'Thomas Lin', '978-1-64240-082-3', 'Proctor-Fernandez', 2019, 256, 'Know wide recently computer our piece player. Itself policy move training loss dinner become.', 49.19, 'HYBRID', 10, 10, true, false, 'AVAILABLE', 6);
INSERT INTO book_tags (book_id, tag_id) VALUES (84, 9);
INSERT INTO book_tags (book_id, tag_id) VALUES (84, 5);
INSERT INTO book_tags (book_id, tag_id) VALUES (84, 10);
INSERT INTO books (id, created_at, updated_at, title, author, isbn, publisher, publication_year, page_count, description, price, book_type, total_stock, available_stock, is_active, is_editors_pick, rental_status, category_id) VALUES (85, '2025-12-18 20:39:24', '2025-12-18 20:39:24', 'Monitored Executive Leverage', 'Melissa Vasquez', '978-1-84631-224-3', 'Evans-Cannon', 2019, 546, 'Discuss account health in night house clear say. Stock determine bad personal might son.', 84.32, 'DIGITAL', 10, 10, true, false, 'AVAILABLE', 9);
INSERT INTO book_tags (book_id, tag_id) VALUES (85, 5);
INSERT INTO book_tags (book_id, tag_id) VALUES (85, 6);
INSERT INTO book_tags (book_id, tag_id) VALUES (85, 4);
INSERT INTO books (id, created_at, updated_at, title, author, isbn, publisher, publication_year, page_count, description, price, book_type, total_stock, available_stock, is_active, is_editors_pick, rental_status, category_id) VALUES (86, '2025-12-18 20:39:24', '2025-12-18 20:39:24', 'Customizable Scalable Knowledgebase', 'Denise Dean', '978-1-356-47570-4', 'Flores and Sons', 2018, 349, 'Against win example by just account bed.', 77.54, 'DIGITAL', 10, 10, true, false, 'AVAILABLE', 2);
INSERT INTO book_tags (book_id, tag_id) VALUES (86, 10);
INSERT INTO book_tags (book_id, tag_id) VALUES (86, 7);
INSERT INTO book_tags (book_id, tag_id) VALUES (86, 6);
INSERT INTO books (id, created_at, updated_at, title, author, isbn, publisher, publication_year, page_count, description, price, book_type, total_stock, available_stock, is_active, is_editors_pick, rental_status, category_id) VALUES (87, '2025-12-18 20:39:24', '2025-12-18 20:39:24', 'Managed Attitude-Oriented System Engine', 'Amy Rowe', '978-1-64520-881-5', 'Daniels and Sons', 2010, 286, 'Stage stock business should eat. East yes current same behind program.', 53.88, 'DIGITAL', 10, 10, true, false, 'AVAILABLE', 1);
INSERT INTO book_tags (book_id, tag_id) VALUES (87, 5);
INSERT INTO book_tags (book_id, tag_id) VALUES (87, 6);
INSERT INTO books (id, created_at, updated_at, title, author, isbn, publisher, publication_year, page_count, description, price, book_type, total_stock, available_stock, is_active, is_editors_pick, rental_status, category_id) VALUES (88, '2025-12-18 20:39:24', '2025-12-18 20:39:24', 'Function-Based Mission-Critical Productivity', 'Isaac Williams', '978-0-528-12735-9', 'Robinson, Rodriguez and Chen', 2007, 669, 'Cold everybody build. Across among situation little other. Side eat matter rather full wide.', 10.91, 'HYBRID', 10, 10, true, false, 'AVAILABLE', 5);
INSERT INTO book_tags (book_id, tag_id) VALUES (88, 2);
INSERT INTO books (id, created_at, updated_at, title, author, isbn, publisher, publication_year, page_count, description, price, book_type, total_stock, available_stock, is_active, is_editors_pick, rental_status, category_id) VALUES (89, '2025-12-18 20:39:24', '2025-12-18 20:39:24', 'Realigned Zero Tolerance Project', 'Renee Gonzales', '978-0-09-593518-0', 'Smith Group', 2016, 600, 'Economy always religious next. Recent couple cost girl run every story. Civil most last standard must law simply.', 59.97, 'HYBRID', 10, 10, true, false, 'AVAILABLE', 4);
INSERT INTO book_tags (book_id, tag_id) VALUES (89, 8);
INSERT INTO books (id, created_at, updated_at, title, author, isbn, publisher, publication_year, page_count, description, price, book_type, total_stock, available_stock, is_active, is_editors_pick, rental_status, category_id) VALUES (90, '2025-12-18 20:39:24', '2025-12-18 20:39:24', 'Networked Content-Based Moderator', 'Pamela Moore', '978-1-899405-39-8', 'Morris-Davidson', 2021, 558, 'Model at strong candidate. Dark magazine better.', 81.36, 'HYBRID', 10, 10, true, false, 'AVAILABLE', 11);
INSERT INTO book_tags (book_id, tag_id) VALUES (90, 5);
INSERT INTO books (id, created_at, updated_at, title, author, isbn, publisher, publication_year, page_count, description, price, book_type, total_stock, available_stock, is_active, is_editors_pick, rental_status, category_id) VALUES (91, '2025-12-18 20:39:24', '2025-12-18 20:39:24', 'Universal Asynchronous Access', 'Christine Henry', '978-0-386-33839-3', 'Mcdonald Ltd', 2005, 413, 'Newspaper voice indeed hard remain statement. More same strong back democratic.', 69.76, 'DIGITAL', 10, 10, true, false, 'AVAILABLE', 4);
INSERT INTO book_tags (book_id, tag_id) VALUES (91, 8);
INSERT INTO book_tags (book_id, tag_id) VALUES (91, 9);
INSERT INTO books (id, created_at, updated_at, title, author, isbn, publisher, publication_year, page_count, description, price, book_type, total_stock, available_stock, is_active, is_editors_pick, rental_status, category_id) VALUES (92, '2025-12-18 20:39:24', '2025-12-18 20:39:24', 'Self-Enabling Context-Sensitive Open Architecture', 'Jennifer Garcia', '978-1-84577-600-8', 'Ray, Craig and Park', 2017, 663, 'Coach Congress husband front. Move outside value total. Yard foot he share issue rise part.', 39.77, 'DIGITAL', 10, 10, true, false, 'AVAILABLE', 9);
INSERT INTO book_tags (book_id, tag_id) VALUES (92, 8);
INSERT INTO book_tags (book_id, tag_id) VALUES (92, 5);
INSERT INTO book_tags (book_id, tag_id) VALUES (92, 5);
INSERT INTO books (id, created_at, updated_at, title, author, isbn, publisher, publication_year, page_count, description, price, book_type, total_stock, available_stock, is_active, is_editors_pick, rental_status, category_id) VALUES (93, '2025-12-18 20:39:24', '2025-12-18 20:39:24', 'Horizontal Radical Adapter', 'Wendy Turner', '978-0-7919-4096-9', 'Joyce-Lewis', 1997, 297, 'Sign wall state. Memory number occur behind leave choose enter. Economic eight feel now notice design baby foot.', 38.4, 'PHYSICAL', 10, 10, true, false, 'AVAILABLE', 5);
INSERT INTO book_tags (book_id, tag_id) VALUES (93, 9);
INSERT INTO book_tags (book_id, tag_id) VALUES (93, 3);
INSERT INTO book_tags (book_id, tag_id) VALUES (93, 4);
INSERT INTO books (id, created_at, updated_at, title, author, isbn, publisher, publication_year, page_count, description, price, book_type, total_stock, available_stock, is_active, is_editors_pick, rental_status, category_id) VALUES (94, '2025-12-18 20:39:24', '2025-12-18 20:39:24', 'Configurable Zero-Defect Approach', 'Felicia Hobbs', '978-0-646-22517-3', 'Butler-Parrish', 2020, 383, 'Up plant place approach modern floor north force. Check purpose young wife send.', 75.21, 'HYBRID', 10, 10, true, false, 'AVAILABLE', 4);
INSERT INTO book_tags (book_id, tag_id) VALUES (94, 10);
INSERT INTO book_tags (book_id, tag_id) VALUES (94, 5);
INSERT INTO book_tags (book_id, tag_id) VALUES (94, 2);
INSERT INTO books (id, created_at, updated_at, title, author, isbn, publisher, publication_year, page_count, description, price, book_type, total_stock, available_stock, is_active, is_editors_pick, rental_status, category_id) VALUES (95, '2025-12-18 20:39:24', '2025-12-18 20:39:24', 'Re-Engineered Value-Added Application', 'Deborah Ross', '978-1-65535-590-5', 'Ayala-Anderson', 2004, 469, 'Nice maintain present cultural pattern save east. Entire involve range office.', 26.15, 'DIGITAL', 10, 10, true, false, 'AVAILABLE', 4);
INSERT INTO book_tags (book_id, tag_id) VALUES (95, 9);
INSERT INTO books (id, created_at, updated_at, title, author, isbn, publisher, publication_year, page_count, description, price, book_type, total_stock, available_stock, is_active, is_editors_pick, rental_status, category_id) VALUES (96, '2025-12-18 20:39:24', '2025-12-18 20:39:24', 'Visionary Fault-Tolerant Concept', 'Lisa Branch MD', '978-1-77053-833-7', 'Alexander and Sons', 1992, 155, 'Choose rock beat science drug per. Than star add really.', 59.8, 'DIGITAL', 10, 10, true, false, 'AVAILABLE', 3);
INSERT INTO book_tags (book_id, tag_id) VALUES (96, 3);
INSERT INTO book_tags (book_id, tag_id) VALUES (96, 8);
INSERT INTO book_tags (book_id, tag_id) VALUES (96, 2);
INSERT INTO books (id, created_at, updated_at, title, author, isbn, publisher, publication_year, page_count, description, price, book_type, total_stock, available_stock, is_active, is_editors_pick, rental_status, category_id) VALUES (97, '2025-12-18 20:39:24', '2025-12-18 20:39:24', 'Quality-Focused Multi-State System Engine', 'John Blair', '978-0-7016-4510-6', 'Neal Ltd', 2008, 580, 'On professional analysis color exist smile.', 53.08, 'HYBRID', 10, 10, true, false, 'AVAILABLE', 1);
INSERT INTO book_tags (book_id, tag_id) VALUES (97, 3);
INSERT INTO book_tags (book_id, tag_id) VALUES (97, 1);
INSERT INTO books (id, created_at, updated_at, title, author, isbn, publisher, publication_year, page_count, description, price, book_type, total_stock, available_stock, is_active, is_editors_pick, rental_status, category_id) VALUES (98, '2025-12-18 20:39:24', '2025-12-18 20:39:24', 'Implemented Solution-Oriented Info-Mediaries', 'James Bray', '978-1-216-89363-1', 'Mckee Group', 1997, 166, 'Because current whom night Republican always two. Four hotel church get goal. Few you without every artist election hit yourself. Want we difficult.', 46.06, 'DIGITAL', 10, 10, true, false, 'AVAILABLE', 5);
INSERT INTO book_tags (book_id, tag_id) VALUES (98, 10);
INSERT INTO books (id, created_at, updated_at, title, author, isbn, publisher, publication_year, page_count, description, price, book_type, total_stock, available_stock, is_active, is_editors_pick, rental_status, category_id) VALUES (99, '2025-12-18 20:39:24', '2025-12-18 20:39:24', 'Re-Engineered Coherent Interface', 'Susan Murphy', '978-0-520-56647-7', 'Anderson, Delgado and Carpenter', 1993, 255, 'Finally relate model career. Prevent north citizen attack.', 23.43, 'HYBRID', 10, 10, true, false, 'AVAILABLE', 11);
INSERT INTO book_tags (book_id, tag_id) VALUES (99, 5);
INSERT INTO book_tags (book_id, tag_id) VALUES (99, 2);
INSERT INTO book_tags (book_id, tag_id) VALUES (99, 4);
INSERT INTO books (id, created_at, updated_at, title, author, isbn, publisher, publication_year, page_count, description, price, book_type, total_stock, available_stock, is_active, is_editors_pick, rental_status, category_id) VALUES (100, '2025-12-18 20:39:24', '2025-12-18 20:39:24', 'User-Friendly Scalable Support', 'Richard Rodriguez', '978-0-12-797573-3', 'Johnson PLC', 2016, 720, 'Paper partner others discuss ago. Read live maybe painting. Contain hold listen clearly difficult impact. Understand wear development.', 63.65, 'HYBRID', 10, 10, true, false, 'AVAILABLE', 2);
INSERT INTO book_tags (book_id, tag_id) VALUES (100, 4);
INSERT INTO book_tags (book_id, tag_id) VALUES (100, 9);
INSERT INTO book_tags (book_id, tag_id) VALUES (100, 7);
INSERT INTO books (id, created_at, updated_at, title, author, isbn, publisher, publication_year, page_count, description, price, book_type, total_stock, available_stock, is_active, is_editors_pick, rental_status, category_id) VALUES (101, '2025-12-18 20:39:24', '2025-12-18 20:39:24', 'Optimized Impactful Time-Frame', 'Nicolas James', '978-0-7718-1298-9', 'Long-Crosby', 2009, 702, 'Movie political region although body lead there there. Million how same newspaper might. While couple keep this similar experience coach family.', 99.1, 'DIGITAL', 10, 10, true, false, 'AVAILABLE', 8);
INSERT INTO book_tags (book_id, tag_id) VALUES (101, 10);
INSERT INTO book_tags (book_id, tag_id) VALUES (101, 10);
INSERT INTO books (id, created_at, updated_at, title, author, isbn, publisher, publication_year, page_count, description, price, book_type, total_stock, available_stock, is_active, is_editors_pick, rental_status, category_id) VALUES (102, '2025-12-18 20:39:24', '2025-12-18 20:39:24', 'Devolved Hybrid Installation', 'Alexander Chavez', '978-0-644-74212-2', 'Huang, Khan and Davis', 1996, 312, 'Responsibility but box last. Be religious risk window partner civil. Herself should treatment not process change than.', 66.3, 'HYBRID', 10, 10, true, false, 'AVAILABLE', 1);
INSERT INTO book_tags (book_id, tag_id) VALUES (102, 2);
INSERT INTO book_tags (book_id, tag_id) VALUES (102, 3);
INSERT INTO books (id, created_at, updated_at, title, author, isbn, publisher, publication_year, page_count, description, price, book_type, total_stock, available_stock, is_active, is_editors_pick, rental_status, category_id) VALUES (103, '2025-12-18 20:39:24', '2025-12-18 20:39:24', 'Exclusive 24Hour Process Improvement', 'Alexandria Jimenez', '978-1-101-62249-0', 'Stephens-Smith', 1994, 260, 'Describe process law kind over. Each natural people. Star debate continue area give certainly allow.', 10.24, 'PHYSICAL', 10, 10, true, false, 'AVAILABLE', 4);
INSERT INTO book_tags (book_id, tag_id) VALUES (103, 10);
INSERT INTO book_tags (book_id, tag_id) VALUES (103, 8);
INSERT INTO books (id, created_at, updated_at, title, author, isbn, publisher, publication_year, page_count, description, price, book_type, total_stock, available_stock, is_active, is_editors_pick, rental_status, category_id) VALUES (104, '2025-12-18 20:39:24', '2025-12-18 20:39:24', 'Switchable System-Worthy Standardization', 'Rachel Thompson', '978-0-472-14586-7', 'Curry-Ward', 2004, 395, 'Shoulder follow today star.', 73.63, 'PHYSICAL', 10, 10, true, false, 'AVAILABLE', 5);
INSERT INTO book_tags (book_id, tag_id) VALUES (104, 8);
INSERT INTO book_tags (book_id, tag_id) VALUES (104, 2);
INSERT INTO book_tags (book_id, tag_id) VALUES (104, 4);
INSERT INTO books (id, created_at, updated_at, title, author, isbn, publisher, publication_year, page_count, description, price, book_type, total_stock, available_stock, is_active, is_editors_pick, rental_status, category_id) VALUES (105, '2025-12-18 20:39:24', '2025-12-18 20:39:24', 'Progressive Demand-Driven Standardization', 'Anthony Duncan', '978-1-05-583034-7', 'Rice, Miller and Ramsey', 2002, 535, 'Interview summer employee offer perhaps. Pass market role marriage. This discussion fact cover. Agency personal brother summer.', 20.33, 'HYBRID', 10, 10, true, false, 'AVAILABLE', 5);
INSERT INTO book_tags (book_id, tag_id) VALUES (105, 3);
INSERT INTO books (id, created_at, updated_at, title, author, isbn, publisher, publication_year, page_count, description, price, book_type, total_stock, available_stock, is_active, is_editors_pick, rental_status, category_id) VALUES (106, '2025-12-18 20:39:24', '2025-12-18 20:39:24', 'Function-Based Asymmetric Function', 'Joshua Wang', '978-0-395-51240-1', 'Jennings LLC', 1994, 161, 'Pattern ahead compare form full public trouble. Population loss physical. Time leg sport until argue minute north.', 24.93, 'PHYSICAL', 10, 10, true, false, 'AVAILABLE', 5);
INSERT INTO book_tags (book_id, tag_id) VALUES (106, 10);
INSERT INTO book_tags (book_id, tag_id) VALUES (106, 10);
INSERT INTO books (id, created_at, updated_at, title, author, isbn, publisher, publication_year, page_count, description, price, book_type, total_stock, available_stock, is_active, is_editors_pick, rental_status, category_id) VALUES (107, '2025-12-18 20:39:24', '2025-12-18 20:39:24', 'Mandatory Homogeneous Product', 'Carol Obrien', '978-1-78452-182-0', 'Larson LLC', 1997, 579, 'Even beautiful theory. Later week democratic few born size. Tree kitchen agent lot matter.', 71.98, 'DIGITAL', 10, 10, true, false, 'AVAILABLE', 5);
INSERT INTO book_tags (book_id, tag_id) VALUES (107, 7);
INSERT INTO book_tags (book_id, tag_id) VALUES (107, 5);
INSERT INTO book_tags (book_id, tag_id) VALUES (107, 9);
INSERT INTO books (id, created_at, updated_at, title, author, isbn, publisher, publication_year, page_count, description, price, book_type, total_stock, available_stock, is_active, is_editors_pick, rental_status, category_id) VALUES (108, '2025-12-18 20:39:24', '2025-12-18 20:39:24', 'Expanded Uniform Alliance', 'Miguel Boyd', '978-1-249-32149-1', 'Collins Inc', 2018, 182, 'Four threat billion she. Against serve police decide customer. Everybody five kid brother chance. Boy when nice bill my.', 63.82, 'DIGITAL', 10, 10, true, false, 'AVAILABLE', 9);
INSERT INTO book_tags (book_id, tag_id) VALUES (108, 6);
INSERT INTO book_tags (book_id, tag_id) VALUES (108, 10);
INSERT INTO books (id, created_at, updated_at, title, author, isbn, publisher, publication_year, page_count, description, price, book_type, total_stock, available_stock, is_active, is_editors_pick, rental_status, category_id) VALUES (109, '2025-12-18 20:39:24', '2025-12-18 20:39:24', 'Mandatory Needs-Based Intranet', 'Allen Berger', '978-0-17-174773-7', 'Rodriguez Inc', 1995, 334, 'Hot relate through picture real knowledge. Fine stage require provide move wind.', 96.57, 'PHYSICAL', 10, 10, true, false, 'AVAILABLE', 5);
INSERT INTO book_tags (book_id, tag_id) VALUES (109, 10);
INSERT INTO book_tags (book_id, tag_id) VALUES (109, 1);
INSERT INTO book_tags (book_id, tag_id) VALUES (109, 5);
INSERT INTO books (id, created_at, updated_at, title, author, isbn, publisher, publication_year, page_count, description, price, book_type, total_stock, available_stock, is_active, is_editors_pick, rental_status, category_id) VALUES (110, '2025-12-18 20:39:24', '2025-12-18 20:39:24', 'Face-To-Face Client-Server Pricing Structure', 'Jack White', '978-1-393-82761-0', 'Rivera, Valencia and Nguyen', 2001, 581, 'Assume both long. Executive give offer meet. Stage someone for power society mouth.', 56.71, 'PHYSICAL', 10, 10, true, false, 'AVAILABLE', 10);
INSERT INTO book_tags (book_id, tag_id) VALUES (110, 5);
INSERT INTO book_tags (book_id, tag_id) VALUES (110, 3);
INSERT INTO books (id, created_at, updated_at, title, author, isbn, publisher, publication_year, page_count, description, price, book_type, total_stock, available_stock, is_active, is_editors_pick, rental_status, category_id) VALUES (111, '2025-12-18 20:39:24', '2025-12-18 20:39:24', 'Mandatory Demand-Driven Solution', 'Rachel Graham', '978-0-329-02278-5', 'Stephens-Young', 2021, 193, 'Student boy other foot best knowledge final. Attorney board sport side her management.', 52.3, 'DIGITAL', 10, 10, true, false, 'AVAILABLE', 10);
INSERT INTO book_tags (book_id, tag_id) VALUES (111, 6);
INSERT INTO book_tags (book_id, tag_id) VALUES (111, 6);
INSERT INTO books (id, created_at, updated_at, title, author, isbn, publisher, publication_year, page_count, description, price, book_type, total_stock, available_stock, is_active, is_editors_pick, rental_status, category_id) VALUES (112, '2025-12-18 20:39:24', '2025-12-18 20:39:24', 'Implemented Human-Resource Pricing Structure', 'Christina Maldonado', '978-1-140-36965-3', 'Evans-Bauer', 2000, 437, 'Response trip wrong old particularly member. System artist too whose.', 47.05, 'PHYSICAL', 10, 10, true, false, 'AVAILABLE', 11);
INSERT INTO book_tags (book_id, tag_id) VALUES (112, 5);
INSERT INTO book_tags (book_id, tag_id) VALUES (112, 7);
INSERT INTO books (id, created_at, updated_at, title, author, isbn, publisher, publication_year, page_count, description, price, book_type, total_stock, available_stock, is_active, is_editors_pick, rental_status, category_id) VALUES (113, '2025-12-18 20:39:24', '2025-12-18 20:39:24', 'Universal Homogeneous Initiative', 'Joshua Bates', '978-1-384-68950-0', 'Taylor-Peters', 2019, 190, 'Child young prove care author administration. Price window career case south team throw. Us perhaps lawyer interest star his difficult interesting.', 38.31, 'PHYSICAL', 10, 10, true, false, 'AVAILABLE', 9);
INSERT INTO book_tags (book_id, tag_id) VALUES (113, 2);
INSERT INTO book_tags (book_id, tag_id) VALUES (113, 7);
INSERT INTO books (id, created_at, updated_at, title, author, isbn, publisher, publication_year, page_count, description, price, book_type, total_stock, available_stock, is_active, is_editors_pick, rental_status, category_id) VALUES (114, '2025-12-18 20:39:24', '2025-12-18 20:39:24', 'Automated Non-Volatile Matrices', 'Ashley Olson', '978-1-65442-094-9', 'Miller, Cross and Fox', 2024, 573, 'Might model particular early piece professional protect. Something fine apply gas sing light mention.', 47.19, 'PHYSICAL', 10, 10, true, false, 'AVAILABLE', 9);
INSERT INTO book_tags (book_id, tag_id) VALUES (114, 9);
INSERT INTO books (id, created_at, updated_at, title, author, isbn, publisher, publication_year, page_count, description, price, book_type, total_stock, available_stock, is_active, is_editors_pick, rental_status, category_id) VALUES (115, '2025-12-18 20:39:24', '2025-12-18 20:39:24', 'Upgradable Zero Tolerance Open System', 'Mark Lane', '978-1-372-39504-8', 'Williams, Mooney and Lamb', 2021, 740, 'Expert bar measure. Edge past every either scientist. Company option character land space end red machine. Television garden base certain value child many.', 49.78, 'HYBRID', 10, 10, true, false, 'AVAILABLE', 6);
INSERT INTO book_tags (book_id, tag_id) VALUES (115, 4);
INSERT INTO books (id, created_at, updated_at, title, author, isbn, publisher, publication_year, page_count, description, price, book_type, total_stock, available_stock, is_active, is_editors_pick, rental_status, category_id) VALUES (116, '2025-12-18 20:39:24', '2025-12-18 20:39:24', 'Versatile Bifurcated Application', 'James Turner', '978-0-85258-001-1', 'Vaughan, Nielsen and Hall', 1998, 394, 'Enjoy most itself eye something high firm. Raise American truth PM what it truth. Friend environment better pressure hospital.', 49.43, 'HYBRID', 10, 10, true, false, 'AVAILABLE', 5);
INSERT INTO book_tags (book_id, tag_id) VALUES (116, 8);
INSERT INTO book_tags (book_id, tag_id) VALUES (116, 2);
INSERT INTO book_tags (book_id, tag_id) VALUES (116, 1);
INSERT INTO books (id, created_at, updated_at, title, author, isbn, publisher, publication_year, page_count, description, price, book_type, total_stock, available_stock, is_active, is_editors_pick, rental_status, category_id) VALUES (117, '2025-12-18 20:39:24', '2025-12-18 20:39:24', 'Advanced Incremental Attitude', 'Melissa Bell', '978-0-244-71746-9', 'Campbell, Lee and Johnson', 2005, 262, 'Voice prevent structure wear. Remain build task candidate.', 37.97, 'HYBRID', 10, 10, true, false, 'AVAILABLE', 11);
INSERT INTO book_tags (book_id, tag_id) VALUES (117, 9);
INSERT INTO books (id, created_at, updated_at, title, author, isbn, publisher, publication_year, page_count, description, price, book_type, total_stock, available_stock, is_active, is_editors_pick, rental_status, category_id) VALUES (118, '2025-12-18 20:39:24', '2025-12-18 20:39:24', 'Team-Oriented Static Throughput', 'Dawn Norman', '978-1-70720-064-1', 'Waters-Reyes', 2004, 216, 'Election spend concern attorney. Particular condition man century shoulder. Pass blood kid else alone.', 51.53, 'PHYSICAL', 10, 10, true, false, 'AVAILABLE', 7);
INSERT INTO book_tags (book_id, tag_id) VALUES (118, 3);
INSERT INTO books (id, created_at, updated_at, title, author, isbn, publisher, publication_year, page_count, description, price, book_type, total_stock, available_stock, is_active, is_editors_pick, rental_status, category_id) VALUES (119, '2025-12-18 20:39:24', '2025-12-18 20:39:24', 'Distributed Tangible Groupware', 'Laura Robertson', '978-0-7432-8063-1', 'Mendoza-Powell', 2008, 621, 'Difficult his ready sister building movement yard. Radio hundred place where before movement.', 73.49, 'HYBRID', 10, 10, true, false, 'AVAILABLE', 8);
INSERT INTO book_tags (book_id, tag_id) VALUES (119, 8);
INSERT INTO book_tags (book_id, tag_id) VALUES (119, 8);
INSERT INTO books (id, created_at, updated_at, title, author, isbn, publisher, publication_year, page_count, description, price, book_type, total_stock, available_stock, is_active, is_editors_pick, rental_status, category_id) VALUES (120, '2025-12-18 20:39:24', '2025-12-18 20:39:24', 'Innovative Tangible Info-Mediaries', 'Lydia Howard', '978-0-505-06138-6', 'Mcclure Group', 1999, 492, 'Along agent you draw. As music film move strong last.', 27.15, 'DIGITAL', 10, 10, true, false, 'AVAILABLE', 4);
INSERT INTO book_tags (book_id, tag_id) VALUES (120, 9);
INSERT INTO book_tags (book_id, tag_id) VALUES (120, 3);
INSERT INTO book_tags (book_id, tag_id) VALUES (120, 2);
INSERT INTO books (id, created_at, updated_at, title, author, isbn, publisher, publication_year, page_count, description, price, book_type, total_stock, available_stock, is_active, is_editors_pick, rental_status, category_id) VALUES (121, '2025-12-18 20:39:24', '2025-12-18 20:39:24', 'Persevering Systematic Monitoring', 'Kerry Buckley', '978-1-929111-79-4', 'Moss Group', 2011, 619, 'Trade peace drug possible add plan toward.', 34.05, 'DIGITAL', 10, 10, true, false, 'AVAILABLE', 5);
INSERT INTO book_tags (book_id, tag_id) VALUES (121, 5);
INSERT INTO books (id, created_at, updated_at, title, author, isbn, publisher, publication_year, page_count, description, price, book_type, total_stock, available_stock, is_active, is_editors_pick, rental_status, category_id) VALUES (122, '2025-12-18 20:39:24', '2025-12-18 20:39:24', 'Seamless Directional Architecture', 'Jessica Cain', '978-0-7100-2194-6', 'Gregory, Nguyen and Daugherty', 2021, 252, 'Case student soldier share or friend building. Serious collection have close. Understand American beyond suggest partner.', 50.19, 'DIGITAL', 10, 10, true, false, 'AVAILABLE', 12);
INSERT INTO book_tags (book_id, tag_id) VALUES (122, 6);
INSERT INTO book_tags (book_id, tag_id) VALUES (122, 6);
INSERT INTO books (id, created_at, updated_at, title, author, isbn, publisher, publication_year, page_count, description, price, book_type, total_stock, available_stock, is_active, is_editors_pick, rental_status, category_id) VALUES (123, '2025-12-18 20:39:24', '2025-12-18 20:39:24', 'Operative System-Worthy Workforce', 'Karen Martinez', '978-1-340-31277-0', 'Bowman PLC', 2014, 566, 'Dream company reality other response partner. Physical site girl above. Court worry with peace television.', 93.96, 'HYBRID', 10, 10, true, false, 'AVAILABLE', 9);
INSERT INTO book_tags (book_id, tag_id) VALUES (123, 4);
INSERT INTO books (id, created_at, updated_at, title, author, isbn, publisher, publication_year, page_count, description, price, book_type, total_stock, available_stock, is_active, is_editors_pick, rental_status, category_id) VALUES (124, '2025-12-18 20:39:24', '2025-12-18 20:39:24', 'Enhanced Cohesive Secured Line', 'Amy Diaz', '978-0-652-73543-7', 'Hamilton LLC', 2004, 520, 'Analysis science understand compare size machine break. Return or for cup quality. Discover body direction down include customer. Available one approach job democratic.', 13.93, 'DIGITAL', 10, 10, true, false, 'AVAILABLE', 10);
INSERT INTO book_tags (book_id, tag_id) VALUES (124, 8);
INSERT INTO book_tags (book_id, tag_id) VALUES (124, 7);
INSERT INTO book_tags (book_id, tag_id) VALUES (124, 7);
INSERT INTO books (id, created_at, updated_at, title, author, isbn, publisher, publication_year, page_count, description, price, book_type, total_stock, available_stock, is_active, is_editors_pick, rental_status, category_id) VALUES (125, '2025-12-18 20:39:24', '2025-12-18 20:39:24', 'Managed Clear-Thinking Alliance', 'Amy Taylor', '978-0-569-39290-7', 'Ellis-Jackson', 1999, 607, 'Though page smile point particularly. Official need discover in. Majority yet option student evidence role save.', 96.83, 'HYBRID', 10, 10, true, false, 'AVAILABLE', 11);
INSERT INTO book_tags (book_id, tag_id) VALUES (125, 9);
INSERT INTO books (id, created_at, updated_at, title, author, isbn, publisher, publication_year, page_count, description, price, book_type, total_stock, available_stock, is_active, is_editors_pick, rental_status, category_id) VALUES (126, '2025-12-18 20:39:24', '2025-12-18 20:39:24', 'Operative 6Thgeneration Analyzer', 'Morgan Gordon MD', '978-1-72625-701-5', 'Mendoza-Yates', 1996, 550, 'Manager bar send really image design grow. Positive before look fight reflect.', 18.97, 'DIGITAL', 10, 10, true, false, 'AVAILABLE', 10);
INSERT INTO book_tags (book_id, tag_id) VALUES (126, 1);
INSERT INTO book_tags (book_id, tag_id) VALUES (126, 3);
INSERT INTO books (id, created_at, updated_at, title, author, isbn, publisher, publication_year, page_count, description, price, book_type, total_stock, available_stock, is_active, is_editors_pick, rental_status, category_id) VALUES (127, '2025-12-18 20:39:24', '2025-12-18 20:39:24', 'Networked System-Worthy Groupware', 'Elizabeth Mullins', '978-1-933554-86-0', 'Shah, Daniels and Norton', 1999, 176, 'Thing save area war push thousand book half. American hand possible relate night similar catch friend.', 52.25, 'HYBRID', 10, 10, true, false, 'AVAILABLE', 7);
INSERT INTO book_tags (book_id, tag_id) VALUES (127, 6);
INSERT INTO book_tags (book_id, tag_id) VALUES (127, 10);
INSERT INTO books (id, created_at, updated_at, title, author, isbn, publisher, publication_year, page_count, description, price, book_type, total_stock, available_stock, is_active, is_editors_pick, rental_status, category_id) VALUES (128, '2025-12-18 20:39:24', '2025-12-18 20:39:24', 'Grass-Roots Actuating Architecture', 'Jesse Mason', '978-1-238-04682-4', 'Harrison PLC', 1995, 436, 'Later happy pull really within. Could this beautiful hospital. Eye what body every.', 86.71, 'DIGITAL', 10, 10, true, false, 'AVAILABLE', 12);
INSERT INTO book_tags (book_id, tag_id) VALUES (128, 7);
INSERT INTO book_tags (book_id, tag_id) VALUES (128, 6);
INSERT INTO book_tags (book_id, tag_id) VALUES (128, 8);
INSERT INTO books (id, created_at, updated_at, title, author, isbn, publisher, publication_year, page_count, description, price, book_type, total_stock, available_stock, is_active, is_editors_pick, rental_status, category_id) VALUES (129, '2025-12-18 20:39:24', '2025-12-18 20:39:24', 'Phased Grid-Enabled Instruction Set', 'Matthew Carter', '978-1-222-23105-2', 'Johnson and Sons', 1994, 340, 'In garden position for order recent. Knowledge fight car smile commercial employee machine. Show another good lay coach.', 66.8, 'PHYSICAL', 10, 10, true, false, 'AVAILABLE', 9);
INSERT INTO book_tags (book_id, tag_id) VALUES (129, 4);
INSERT INTO book_tags (book_id, tag_id) VALUES (129, 2);
INSERT INTO books (id, created_at, updated_at, title, author, isbn, publisher, publication_year, page_count, description, price, book_type, total_stock, available_stock, is_active, is_editors_pick, rental_status, category_id) VALUES (130, '2025-12-18 20:39:24', '2025-12-18 20:39:24', 'Re-Engineered Clear-Thinking Intranet', 'Cody Hart', '978-1-74929-751-7', 'Wade LLC', 1996, 554, 'Large wish move building agent use. Way until choose wife.', 24.97, 'PHYSICAL', 10, 10, true, false, 'AVAILABLE', 7);
INSERT INTO book_tags (book_id, tag_id) VALUES (130, 1);
INSERT INTO book_tags (book_id, tag_id) VALUES (130, 1);
INSERT INTO books (id, created_at, updated_at, title, author, isbn, publisher, publication_year, page_count, description, price, book_type, total_stock, available_stock, is_active, is_editors_pick, rental_status, category_id) VALUES (131, '2025-12-18 20:39:24', '2025-12-18 20:39:24', 'Upgradable Mission-Critical Analyzer', 'Juan Parker', '978-1-65045-547-1', 'Williamson-Robinson', 2008, 467, 'For part crime money. Cultural base support quality whatever. Hour make owner memory argue project huge.', 43.74, 'PHYSICAL', 10, 10, true, false, 'AVAILABLE', 6);
INSERT INTO book_tags (book_id, tag_id) VALUES (131, 4);
INSERT INTO books (id, created_at, updated_at, title, author, isbn, publisher, publication_year, page_count, description, price, book_type, total_stock, available_stock, is_active, is_editors_pick, rental_status, category_id) VALUES (132, '2025-12-18 20:39:24', '2025-12-18 20:39:24', 'Realigned Background Data-Warehouse', 'Jill Riddle', '978-1-04-947873-9', 'Roberts-Shaffer', 2001, 274, 'Cause onto beat debate listen test. At whether series because important trial. Company left nothing trip current strategy.', 25.76, 'DIGITAL', 10, 10, true, false, 'AVAILABLE', 9);
INSERT INTO book_tags (book_id, tag_id) VALUES (132, 7);
INSERT INTO book_tags (book_id, tag_id) VALUES (132, 10);
INSERT INTO book_tags (book_id, tag_id) VALUES (132, 4);
INSERT INTO books (id, created_at, updated_at, title, author, isbn, publisher, publication_year, page_count, description, price, book_type, total_stock, available_stock, is_active, is_editors_pick, rental_status, category_id) VALUES (133, '2025-12-18 20:39:24', '2025-12-18 20:39:24', 'Assimilated 24Hour Collaboration', 'Tyler Flowers', '978-1-158-90429-7', 'Martinez-Wade', 1999, 337, 'Conference trade population agreement share manage. Out gun lose job.', 51.5, 'HYBRID', 10, 10, true, false, 'AVAILABLE', 8);
INSERT INTO book_tags (book_id, tag_id) VALUES (133, 8);
INSERT INTO book_tags (book_id, tag_id) VALUES (133, 5);
INSERT INTO books (id, created_at, updated_at, title, author, isbn, publisher, publication_year, page_count, description, price, book_type, total_stock, available_stock, is_active, is_editors_pick, rental_status, category_id) VALUES (134, '2025-12-18 20:39:24', '2025-12-18 20:39:24', 'Centralized Client-Server Functionalities', 'Michael Howard', '978-0-284-57652-1', 'Nelson Group', 2019, 394, 'Face morning view. Create physical share out cold follow first. Even recently guy move goal.', 70.98, 'PHYSICAL', 10, 10, true, false, 'AVAILABLE', 11);
INSERT INTO book_tags (book_id, tag_id) VALUES (134, 2);
INSERT INTO books (id, created_at, updated_at, title, author, isbn, publisher, publication_year, page_count, description, price, book_type, total_stock, available_stock, is_active, is_editors_pick, rental_status, category_id) VALUES (135, '2025-12-18 20:39:24', '2025-12-18 20:39:24', 'Customer-Focused Didactic Collaboration', 'Sandra Pope', '978-1-232-16110-3', 'Austin, Guerra and Fox', 2009, 754, 'Reduce sort individual trouble bring capital admit. Find guy stage threat our shake. Common fight season budget campaign reason.', 96.58, 'DIGITAL', 10, 10, true, false, 'AVAILABLE', 8);
INSERT INTO book_tags (book_id, tag_id) VALUES (135, 5);
INSERT INTO book_tags (book_id, tag_id) VALUES (135, 8);
INSERT INTO book_tags (book_id, tag_id) VALUES (135, 5);
INSERT INTO books (id, created_at, updated_at, title, author, isbn, publisher, publication_year, page_count, description, price, book_type, total_stock, available_stock, is_active, is_editors_pick, rental_status, category_id) VALUES (136, '2025-12-18 20:39:24', '2025-12-18 20:39:24', 'Vision-Oriented Mission-Critical System Engine', 'Craig Johnson', '978-0-12-495528-8', 'Palmer, Brown and Wilson', 2020, 209, 'At property senior. Turn day top continue.', 31.35, 'DIGITAL', 10, 10, true, false, 'AVAILABLE', 4);
INSERT INTO book_tags (book_id, tag_id) VALUES (136, 6);
INSERT INTO book_tags (book_id, tag_id) VALUES (136, 10);
INSERT INTO book_tags (book_id, tag_id) VALUES (136, 5);
INSERT INTO books (id, created_at, updated_at, title, author, isbn, publisher, publication_year, page_count, description, price, book_type, total_stock, available_stock, is_active, is_editors_pick, rental_status, category_id) VALUES (137, '2025-12-18 20:39:24', '2025-12-18 20:39:24', 'Vision-Oriented Upward-Trending Pricing Structure', 'Kelly Garcia', '978-0-566-38361-8', 'Hines, Rice and Baldwin', 1991, 774, 'Top Mr wind better. Turn surface listen recently continue.', 45.62, 'DIGITAL', 10, 10, true, false, 'AVAILABLE', 12);
INSERT INTO book_tags (book_id, tag_id) VALUES (137, 10);
INSERT INTO books (id, created_at, updated_at, title, author, isbn, publisher, publication_year, page_count, description, price, book_type, total_stock, available_stock, is_active, is_editors_pick, rental_status, category_id) VALUES (138, '2025-12-18 20:39:24', '2025-12-18 20:39:24', 'Virtual Foreground Capability', 'Joseph Simpson', '978-1-386-46317-7', 'Bush-Hawkins', 1993, 720, 'Foreign break exist outside.', 77.07, 'HYBRID', 10, 10, true, false, 'AVAILABLE', 11);
INSERT INTO book_tags (book_id, tag_id) VALUES (138, 4);
INSERT INTO book_tags (book_id, tag_id) VALUES (138, 10);
INSERT INTO books (id, created_at, updated_at, title, author, isbn, publisher, publication_year, page_count, description, price, book_type, total_stock, available_stock, is_active, is_editors_pick, rental_status, category_id) VALUES (139, '2025-12-18 20:39:24', '2025-12-18 20:39:24', 'Synergistic Holistic Conglomeration', 'Michael Powers', '978-0-367-49946-4', 'Kim-Barrett', 2002, 735, 'Century husband opportunity big. Ask window full organization.', 32.56, 'PHYSICAL', 10, 10, true, false, 'AVAILABLE', 6);
INSERT INTO book_tags (book_id, tag_id) VALUES (139, 3);
INSERT INTO book_tags (book_id, tag_id) VALUES (139, 2);
INSERT INTO book_tags (book_id, tag_id) VALUES (139, 1);
INSERT INTO books (id, created_at, updated_at, title, author, isbn, publisher, publication_year, page_count, description, price, book_type, total_stock, available_stock, is_active, is_editors_pick, rental_status, category_id) VALUES (140, '2025-12-18 20:39:24', '2025-12-18 20:39:24', 'Multi-Channeled Methodical Secured Line', 'Jennifer Washington', '978-0-499-11877-6', 'Hernandez-Gibson', 1992, 693, 'Majority discuss wall ahead scene. Marriage ago condition painting.', 42.84, 'DIGITAL', 10, 10, true, false, 'AVAILABLE', 5);
INSERT INTO book_tags (book_id, tag_id) VALUES (140, 2);
INSERT INTO books (id, created_at, updated_at, title, author, isbn, publisher, publication_year, page_count, description, price, book_type, total_stock, available_stock, is_active, is_editors_pick, rental_status, category_id) VALUES (141, '2025-12-18 20:39:24', '2025-12-18 20:39:24', 'Exclusive Explicit Protocol', 'Mr. Joshua Pacheco MD', '978-1-889778-28-0', 'Cisneros Inc', 2016, 279, 'Himself fire heavy least. Computer process single. Man care resource maintain.', 28.07, 'DIGITAL', 10, 10, true, false, 'AVAILABLE', 5);
INSERT INTO book_tags (book_id, tag_id) VALUES (141, 6);
INSERT INTO book_tags (book_id, tag_id) VALUES (141, 9);
INSERT INTO book_tags (book_id, tag_id) VALUES (141, 9);
INSERT INTO books (id, created_at, updated_at, title, author, isbn, publisher, publication_year, page_count, description, price, book_type, total_stock, available_stock, is_active, is_editors_pick, rental_status, category_id) VALUES (142, '2025-12-18 20:39:24', '2025-12-18 20:39:24', 'Centralized Hybrid Firmware', 'Wesley Jensen MD', '978-1-165-56503-0', 'Flores-Johnson', 2006, 593, 'Student give score agree.', 97.06, 'PHYSICAL', 10, 10, true, false, 'AVAILABLE', 5);
INSERT INTO book_tags (book_id, tag_id) VALUES (142, 6);
INSERT INTO book_tags (book_id, tag_id) VALUES (142, 2);
INSERT INTO books (id, created_at, updated_at, title, author, isbn, publisher, publication_year, page_count, description, price, book_type, total_stock, available_stock, is_active, is_editors_pick, rental_status, category_id) VALUES (143, '2025-12-18 20:39:24', '2025-12-18 20:39:24', 'Fully-Configurable Disintermediate Project', 'Bradley Watts', '978-1-371-83440-1', 'Wilson-Jackson', 1999, 331, 'Also price institution method inside after. Onto worry help hope occur space beyond. From me share fund pass.', 87.41, 'PHYSICAL', 10, 10, true, false, 'AVAILABLE', 8);
INSERT INTO book_tags (book_id, tag_id) VALUES (143, 7);
INSERT INTO book_tags (book_id, tag_id) VALUES (143, 9);
INSERT INTO book_tags (book_id, tag_id) VALUES (143, 6);
INSERT INTO books (id, created_at, updated_at, title, author, isbn, publisher, publication_year, page_count, description, price, book_type, total_stock, available_stock, is_active, is_editors_pick, rental_status, category_id) VALUES (144, '2025-12-18 20:39:24', '2025-12-18 20:39:24', 'Innovative Object-Oriented Initiative', 'Lori Rubio', '978-0-8297-3748-6', 'Richard, Davis and Rogers', 1990, 370, 'Song little decide somebody prepare few sound. Professional finish increase economy middle public.', 58.29, 'DIGITAL', 10, 10, true, false, 'AVAILABLE', 2);
INSERT INTO book_tags (book_id, tag_id) VALUES (144, 6);
INSERT INTO book_tags (book_id, tag_id) VALUES (144, 5);
INSERT INTO books (id, created_at, updated_at, title, author, isbn, publisher, publication_year, page_count, description, price, book_type, total_stock, available_stock, is_active, is_editors_pick, rental_status, category_id) VALUES (145, '2025-12-18 20:39:24', '2025-12-18 20:39:24', 'Seamless Zero Administration Internet Solution', 'Molly Brown', '978-1-936312-30-6', 'Diaz and Sons', 2013, 210, 'Second she such improve. Plant suffer environment expert.', 70.74, 'DIGITAL', 10, 10, true, false, 'AVAILABLE', 10);
INSERT INTO book_tags (book_id, tag_id) VALUES (145, 1);
INSERT INTO book_tags (book_id, tag_id) VALUES (145, 10);
INSERT INTO books (id, created_at, updated_at, title, author, isbn, publisher, publication_year, page_count, description, price, book_type, total_stock, available_stock, is_active, is_editors_pick, rental_status, category_id) VALUES (146, '2025-12-18 20:39:24', '2025-12-18 20:39:24', 'Fully-Configurable Fault-Tolerant Local Area Network', 'Dr. Javier Bullock', '978-0-01-594165-9', 'Moore and Sons', 2004, 763, 'Smile everyone nearly popular amount.', 15.69, 'DIGITAL', 10, 10, true, false, 'AVAILABLE', 9);
INSERT INTO book_tags (book_id, tag_id) VALUES (146, 5);
INSERT INTO book_tags (book_id, tag_id) VALUES (146, 7);
INSERT INTO books (id, created_at, updated_at, title, author, isbn, publisher, publication_year, page_count, description, price, book_type, total_stock, available_stock, is_active, is_editors_pick, rental_status, category_id) VALUES (147, '2025-12-18 20:39:24', '2025-12-18 20:39:24', 'Synchronized Stable Array', 'Ryan Cameron', '978-1-907851-58-2', 'Rodriguez Ltd', 1992, 138, 'Miss stock wear use. Market bed outside significant finish. Say south season very design blood degree ever.', 37.39, 'PHYSICAL', 10, 10, true, false, 'AVAILABLE', 2);
INSERT INTO book_tags (book_id, tag_id) VALUES (147, 2);
INSERT INTO book_tags (book_id, tag_id) VALUES (147, 2);
INSERT INTO books (id, created_at, updated_at, title, author, isbn, publisher, publication_year, page_count, description, price, book_type, total_stock, available_stock, is_active, is_editors_pick, rental_status, category_id) VALUES (148, '2025-12-18 20:39:24', '2025-12-18 20:39:24', 'Optimized Methodical Software', 'Donald Mueller', '978-1-06-441343-2', 'Cox Ltd', 1998, 497, 'Again whom paper success production. Real small dream. His police red total rate movement door.', 50.83, 'HYBRID', 10, 10, true, false, 'AVAILABLE', 4);
INSERT INTO book_tags (book_id, tag_id) VALUES (148, 9);
INSERT INTO book_tags (book_id, tag_id) VALUES (148, 7);
INSERT INTO book_tags (book_id, tag_id) VALUES (148, 10);
INSERT INTO books (id, created_at, updated_at, title, author, isbn, publisher, publication_year, page_count, description, price, book_type, total_stock, available_stock, is_active, is_editors_pick, rental_status, category_id) VALUES (149, '2025-12-18 20:39:24', '2025-12-18 20:39:24', 'Diverse Leadingedge Product', 'Robert Newman', '978-1-59112-382-8', 'Hill Inc', 1999, 524, 'Say unit four institution truth beyond civil. Media goal own spend scene. Receive seven political contain kitchen political able.', 68.94, 'HYBRID', 10, 10, true, false, 'AVAILABLE', 12);
INSERT INTO book_tags (book_id, tag_id) VALUES (149, 10);
INSERT INTO book_tags (book_id, tag_id) VALUES (149, 7);
INSERT INTO books (id, created_at, updated_at, title, author, isbn, publisher, publication_year, page_count, description, price, book_type, total_stock, available_stock, is_active, is_editors_pick, rental_status, category_id) VALUES (150, '2025-12-18 20:39:24', '2025-12-18 20:39:24', 'Right-Sized Systemic Installation', 'Emma Mendoza', '978-0-529-10867-8', 'Anderson, Thompson and Watkins', 2013, 322, 'Cup increase consider then war. Difference way type positive phone trade wind. Energy system anyone peace outside.', 49.9, 'PHYSICAL', 10, 10, true, false, 'AVAILABLE', 5);
INSERT INTO book_tags (book_id, tag_id) VALUES (150, 6);
INSERT INTO books (id, created_at, updated_at, title, author, isbn, publisher, publication_year, page_count, description, price, book_type, total_stock, available_stock, is_active, is_editors_pick, rental_status, category_id) VALUES (151, '2025-12-18 20:39:24', '2025-12-18 20:39:24', 'Synergistic Modular Capability', 'Dale Shah', '978-0-07-256366-5', 'Roberts-Snyder', 2013, 657, 'Task outside yet executive quality industry. Society agreement wish dog late eat.', 91.15, 'HYBRID', 10, 10, true, false, 'AVAILABLE', 2);
INSERT INTO book_tags (book_id, tag_id) VALUES (151, 6);
INSERT INTO book_tags (book_id, tag_id) VALUES (151, 1);
INSERT INTO book_tags (book_id, tag_id) VALUES (151, 7);
INSERT INTO books (id, created_at, updated_at, title, author, isbn, publisher, publication_year, page_count, description, price, book_type, total_stock, available_stock, is_active, is_editors_pick, rental_status, category_id) VALUES (152, '2025-12-18 20:39:24', '2025-12-18 20:39:24', 'User-Centric Radical Extranet', 'Justin Williams', '978-1-257-28703-1', 'Ruiz LLC', 1997, 565, 'Remember special accept mean herself within provide car. American conference college manage fund life bed. Item employee finish without material wind exactly. Unit executive theory party seven enough.', 18.25, 'PHYSICAL', 10, 10, true, false, 'AVAILABLE', 5);
INSERT INTO book_tags (book_id, tag_id) VALUES (152, 10);
INSERT INTO books (id, created_at, updated_at, title, author, isbn, publisher, publication_year, page_count, description, price, book_type, total_stock, available_stock, is_active, is_editors_pick, rental_status, category_id) VALUES (153, '2025-12-18 20:39:24', '2025-12-18 20:39:24', 'Distributed Actuating Emulation', 'John Martin', '978-0-89261-371-7', 'Graham-Carney', 2011, 349, 'Kid writer night. Manage suffer term buy behavior test Congress. Seek state none production.', 98.99, 'PHYSICAL', 10, 10, true, false, 'AVAILABLE', 1);
INSERT INTO book_tags (book_id, tag_id) VALUES (153, 4);
INSERT INTO book_tags (book_id, tag_id) VALUES (153, 2);
INSERT INTO book_tags (book_id, tag_id) VALUES (153, 9);
INSERT INTO books (id, created_at, updated_at, title, author, isbn, publisher, publication_year, page_count, description, price, book_type, total_stock, available_stock, is_active, is_editors_pick, rental_status, category_id) VALUES (154, '2025-12-18 20:39:24', '2025-12-18 20:39:24', 'Managed 4Thgeneration Forecast', 'Melanie Long', '978-0-509-75923-4', 'Hickman, Rodriguez and Morris', 2003, 338, 'Least remain look pick.', 39.57, 'HYBRID', 10, 10, true, false, 'AVAILABLE', 4);
INSERT INTO book_tags (book_id, tag_id) VALUES (154, 10);
INSERT INTO books (id, created_at, updated_at, title, author, isbn, publisher, publication_year, page_count, description, price, book_type, total_stock, available_stock, is_active, is_editors_pick, rental_status, category_id) VALUES (155, '2025-12-18 20:39:24', '2025-12-18 20:39:24', 'Business-Focused Secondary Forecast', 'Anthony Jones', '978-1-76749-961-0', 'James, Ross and Thompson', 1999, 233, 'After decade home I. Building make it south. Tough page grow benefit happen.', 58.62, 'DIGITAL', 10, 10, true, false, 'AVAILABLE', 1);
INSERT INTO book_tags (book_id, tag_id) VALUES (155, 2);
INSERT INTO books (id, created_at, updated_at, title, author, isbn, publisher, publication_year, page_count, description, price, book_type, total_stock, available_stock, is_active, is_editors_pick, rental_status, category_id) VALUES (156, '2025-12-18 20:39:24', '2025-12-18 20:39:24', 'Versatile Interactive Workforce', 'Cody Mccoy', '978-1-908108-18-0', 'Williams LLC', 1998, 115, 'Positive require us money positive. Fact join trade local. Worker range feel eat.', 42.24, 'PHYSICAL', 10, 10, true, false, 'AVAILABLE', 11);
INSERT INTO book_tags (book_id, tag_id) VALUES (156, 10);
INSERT INTO books (id, created_at, updated_at, title, author, isbn, publisher, publication_year, page_count, description, price, book_type, total_stock, available_stock, is_active, is_editors_pick, rental_status, category_id) VALUES (157, '2025-12-18 20:39:24', '2025-12-18 20:39:24', 'Optimized Incremental Attitude', 'Nathan Hess', '978-0-219-41680-9', 'Scott-Miller', 2001, 371, 'Box product conference. Successful and indicate region. Onto lawyer prove perhaps enter whom.', 14.72, 'PHYSICAL', 10, 10, true, false, 'AVAILABLE', 6);
INSERT INTO book_tags (book_id, tag_id) VALUES (157, 7);
INSERT INTO book_tags (book_id, tag_id) VALUES (157, 9);
INSERT INTO book_tags (book_id, tag_id) VALUES (157, 2);
INSERT INTO books (id, created_at, updated_at, title, author, isbn, publisher, publication_year, page_count, description, price, book_type, total_stock, available_stock, is_active, is_editors_pick, rental_status, category_id) VALUES (158, '2025-12-18 20:39:24', '2025-12-18 20:39:24', 'Adaptive Hybrid Budgetary Management', 'Matthew Stevens', '978-1-70793-349-5', 'Melton-Church', 2020, 559, 'Field spend pattern real white push source. By add born administration. Teacher decide possible power job. Teach Mrs beat show challenge instead bring total.', 80.02, 'PHYSICAL', 10, 10, true, false, 'AVAILABLE', 12);
INSERT INTO book_tags (book_id, tag_id) VALUES (158, 10);
INSERT INTO book_tags (book_id, tag_id) VALUES (158, 2);
INSERT INTO book_tags (book_id, tag_id) VALUES (158, 8);
INSERT INTO books (id, created_at, updated_at, title, author, isbn, publisher, publication_year, page_count, description, price, book_type, total_stock, available_stock, is_active, is_editors_pick, rental_status, category_id) VALUES (159, '2025-12-18 20:39:24', '2025-12-18 20:39:24', 'Object-Based Actuating Groupware', 'Mark Marquez', '978-0-466-57293-8', 'Allison-Mclaughlin', 1992, 774, 'Yourself already hundred message right very toward. Discussion art affect office network environmental possible. Bring performance position large job claim risk. Gas discussion detail training fund own successful.', 56.93, 'PHYSICAL', 10, 10, true, false, 'AVAILABLE', 9);
INSERT INTO book_tags (book_id, tag_id) VALUES (159, 1);
INSERT INTO book_tags (book_id, tag_id) VALUES (159, 1);
INSERT INTO books (id, created_at, updated_at, title, author, isbn, publisher, publication_year, page_count, description, price, book_type, total_stock, available_stock, is_active, is_editors_pick, rental_status, category_id) VALUES (160, '2025-12-18 20:39:24', '2025-12-18 20:39:24', 'Horizontal System-Worthy Synergy', 'John Thompson', '978-0-7711-9918-9', 'Obrien Inc', 2017, 210, 'Field decide another adult thing ground city. Allow as issue pay building difference election. Size show show news to table.', 54.12, 'DIGITAL', 10, 10, true, false, 'AVAILABLE', 8);
INSERT INTO book_tags (book_id, tag_id) VALUES (160, 2);
INSERT INTO book_tags (book_id, tag_id) VALUES (160, 2);
INSERT INTO books (id, created_at, updated_at, title, author, isbn, publisher, publication_year, page_count, description, price, book_type, total_stock, available_stock, is_active, is_editors_pick, rental_status, category_id) VALUES (161, '2025-12-18 20:39:24', '2025-12-18 20:39:24', 'Balanced Motivating Benchmark', 'Bruce Harris', '978-0-266-67850-2', 'Moore-Carter', 1999, 167, 'Marriage that child hair standard but dark. Shoulder according strong list expert commercial. Head senior guess professor charge.', 21.36, 'HYBRID', 10, 10, true, false, 'AVAILABLE', 6);
INSERT INTO book_tags (book_id, tag_id) VALUES (161, 10);
INSERT INTO book_tags (book_id, tag_id) VALUES (161, 9);
INSERT INTO book_tags (book_id, tag_id) VALUES (161, 6);
INSERT INTO books (id, created_at, updated_at, title, author, isbn, publisher, publication_year, page_count, description, price, book_type, total_stock, available_stock, is_active, is_editors_pick, rental_status, category_id) VALUES (162, '2025-12-18 20:39:24', '2025-12-18 20:39:24', 'Organic Client-Server Throughput', 'Robert Acevedo', '978-1-04-892673-6', 'Morgan Group', 2023, 401, 'Article service produce political total around. Woman sometimes then win information though red them.', 50.83, 'HYBRID', 10, 10, true, false, 'AVAILABLE', 7);
INSERT INTO book_tags (book_id, tag_id) VALUES (162, 7);
INSERT INTO book_tags (book_id, tag_id) VALUES (162, 2);
INSERT INTO book_tags (book_id, tag_id) VALUES (162, 2);
INSERT INTO books (id, created_at, updated_at, title, author, isbn, publisher, publication_year, page_count, description, price, book_type, total_stock, available_stock, is_active, is_editors_pick, rental_status, category_id) VALUES (163, '2025-12-18 20:39:24', '2025-12-18 20:39:24', 'Quality-Focused Regional Toolset', 'Jessica Reed', '978-1-200-89434-7', 'Sullivan, Gonzalez and Turner', 2003, 540, 'Free rise science call yeah exist behavior.', 50.64, 'HYBRID', 10, 10, true, false, 'AVAILABLE', 11);
INSERT INTO book_tags (book_id, tag_id) VALUES (163, 7);
INSERT INTO books (id, created_at, updated_at, title, author, isbn, publisher, publication_year, page_count, description, price, book_type, total_stock, available_stock, is_active, is_editors_pick, rental_status, category_id) VALUES (164, '2025-12-18 20:39:24', '2025-12-18 20:39:24', 'Up-Sized Interactive Middleware', 'Anthony Watson', '978-0-15-893571-3', 'Romero, Martinez and Sherman', 2015, 525, 'Fear say law work south writer not. Program suddenly doctor federal project spring of cause.', 75.67, 'DIGITAL', 10, 10, true, false, 'AVAILABLE', 6);
INSERT INTO book_tags (book_id, tag_id) VALUES (164, 7);
INSERT INTO book_tags (book_id, tag_id) VALUES (164, 6);
INSERT INTO books (id, created_at, updated_at, title, author, isbn, publisher, publication_year, page_count, description, price, book_type, total_stock, available_stock, is_active, is_editors_pick, rental_status, category_id) VALUES (165, '2025-12-18 20:39:24', '2025-12-18 20:39:24', 'Digitized Transitional Interface', 'Angela Brown', '978-1-72881-377-6', 'Alvarez Group', 2013, 256, 'Quality idea next single the once. You ready way rule indicate clear.', 71.81, 'DIGITAL', 10, 10, true, false, 'AVAILABLE', 11);
INSERT INTO book_tags (book_id, tag_id) VALUES (165, 2);
INSERT INTO book_tags (book_id, tag_id) VALUES (165, 2);
INSERT INTO books (id, created_at, updated_at, title, author, isbn, publisher, publication_year, page_count, description, price, book_type, total_stock, available_stock, is_active, is_editors_pick, rental_status, category_id) VALUES (166, '2025-12-18 20:39:24', '2025-12-18 20:39:24', 'Automated Value-Added Complexity', 'Jaclyn Crane', '978-1-327-01851-0', 'Phelps, Rodriguez and Wood', 2017, 198, 'Mission brother figure. Field magazine social central operation any.', 77.01, 'PHYSICAL', 10, 10, true, false, 'AVAILABLE', 2);
INSERT INTO book_tags (book_id, tag_id) VALUES (166, 3);
INSERT INTO book_tags (book_id, tag_id) VALUES (166, 9);
INSERT INTO books (id, created_at, updated_at, title, author, isbn, publisher, publication_year, page_count, description, price, book_type, total_stock, available_stock, is_active, is_editors_pick, rental_status, category_id) VALUES (167, '2025-12-18 20:39:24', '2025-12-18 20:39:24', 'Balanced Intangible Matrices', 'Krystal Mccullough', '978-0-398-90983-3', 'Alvarez-Cortez', 2011, 786, 'Seven measure leave last. Chance road become person perhaps hold too. Must when three save position tend. Occur someone religious.', 21.0, 'HYBRID', 10, 10, true, false, 'AVAILABLE', 1);
INSERT INTO book_tags (book_id, tag_id) VALUES (167, 7);
INSERT INTO book_tags (book_id, tag_id) VALUES (167, 1);
INSERT INTO books (id, created_at, updated_at, title, author, isbn, publisher, publication_year, page_count, description, price, book_type, total_stock, available_stock, is_active, is_editors_pick, rental_status, category_id) VALUES (168, '2025-12-18 20:39:24', '2025-12-18 20:39:24', 'Versatile Methodical Middleware', 'Barbara Mayer', '978-1-4111-8242-4', 'Rivers LLC', 2009, 460, 'Stop stuff often be move. I and technology age join increase.', 19.32, 'HYBRID', 10, 10, true, false, 'AVAILABLE', 5);
INSERT INTO book_tags (book_id, tag_id) VALUES (168, 4);
INSERT INTO book_tags (book_id, tag_id) VALUES (168, 3);
INSERT INTO book_tags (book_id, tag_id) VALUES (168, 8);
INSERT INTO books (id, created_at, updated_at, title, author, isbn, publisher, publication_year, page_count, description, price, book_type, total_stock, available_stock, is_active, is_editors_pick, rental_status, category_id) VALUES (169, '2025-12-18 20:39:24', '2025-12-18 20:39:24', 'Enterprise-Wide Eco-Centric Throughput', 'Eric Russell', '978-0-339-93788-8', 'Brown LLC', 2012, 669, 'Require fear better. Include food heart still.', 43.08, 'PHYSICAL', 10, 10, true, false, 'AVAILABLE', 4);
INSERT INTO book_tags (book_id, tag_id) VALUES (169, 10);
INSERT INTO book_tags (book_id, tag_id) VALUES (169, 4);
INSERT INTO books (id, created_at, updated_at, title, author, isbn, publisher, publication_year, page_count, description, price, book_type, total_stock, available_stock, is_active, is_editors_pick, rental_status, category_id) VALUES (170, '2025-12-18 20:39:24', '2025-12-18 20:39:24', 'Networked Bifurcated Flexibility', 'John Russell', '978-1-967183-25-8', 'Johnson-Schultz', 1991, 723, 'Never only big several prepare.', 93.62, 'HYBRID', 10, 10, true, false, 'AVAILABLE', 7);
INSERT INTO book_tags (book_id, tag_id) VALUES (170, 5);
INSERT INTO book_tags (book_id, tag_id) VALUES (170, 1);
INSERT INTO book_tags (book_id, tag_id) VALUES (170, 3);
INSERT INTO books (id, created_at, updated_at, title, author, isbn, publisher, publication_year, page_count, description, price, book_type, total_stock, available_stock, is_active, is_editors_pick, rental_status, category_id) VALUES (171, '2025-12-18 20:39:24', '2025-12-18 20:39:24', 'Quality-Focused Composite Toolset', 'Troy Ali', '978-1-4355-3795-8', 'Hayes, Smith and Marshall', 2009, 447, 'President cold art two event. Style herself goal place one. Example claim move attorney bed recognize store. Your there decision measure soon this war.', 41.59, 'HYBRID', 10, 10, true, false, 'AVAILABLE', 5);
INSERT INTO book_tags (book_id, tag_id) VALUES (171, 3);
INSERT INTO books (id, created_at, updated_at, title, author, isbn, publisher, publication_year, page_count, description, price, book_type, total_stock, available_stock, is_active, is_editors_pick, rental_status, category_id) VALUES (172, '2025-12-18 20:39:24', '2025-12-18 20:39:24', 'Ameliorated System-Worthy Challenge', 'April Alvarez', '978-0-04-531943-5', 'Chambers Group', 2015, 171, 'Several Mrs skin power back all story. Public good spend still group concern. By have cover.', 22.77, 'HYBRID', 10, 10, true, false, 'AVAILABLE', 10);
INSERT INTO book_tags (book_id, tag_id) VALUES (172, 1);
INSERT INTO book_tags (book_id, tag_id) VALUES (172, 2);
INSERT INTO book_tags (book_id, tag_id) VALUES (172, 9);
INSERT INTO books (id, created_at, updated_at, title, author, isbn, publisher, publication_year, page_count, description, price, book_type, total_stock, available_stock, is_active, is_editors_pick, rental_status, category_id) VALUES (173, '2025-12-18 20:39:24', '2025-12-18 20:39:24', 'Focused Modular Hierarchy', 'Johnathan Padilla', '978-1-06-056641-5', 'Clark, Gonzalez and Nicholson', 2016, 564, 'Thank notice management necessary. Public owner compare open second camera value. Thing rock ever summer age.', 40.68, 'DIGITAL', 10, 10, true, false, 'AVAILABLE', 4);
INSERT INTO book_tags (book_id, tag_id) VALUES (173, 5);
INSERT INTO book_tags (book_id, tag_id) VALUES (173, 6);
INSERT INTO books (id, created_at, updated_at, title, author, isbn, publisher, publication_year, page_count, description, price, book_type, total_stock, available_stock, is_active, is_editors_pick, rental_status, category_id) VALUES (174, '2025-12-18 20:39:24', '2025-12-18 20:39:24', 'Synergized Multi-State Local Area Network', 'Joseph Williams DDS', '978-1-317-35058-3', 'Ramirez Group', 1995, 153, 'First hot free they space wrong difficult. When true culture forget as personal. Lose space or.', 24.0, 'HYBRID', 10, 10, true, false, 'AVAILABLE', 10);
INSERT INTO book_tags (book_id, tag_id) VALUES (174, 1);
INSERT INTO book_tags (book_id, tag_id) VALUES (174, 2);
INSERT INTO book_tags (book_id, tag_id) VALUES (174, 5);
INSERT INTO books (id, created_at, updated_at, title, author, isbn, publisher, publication_year, page_count, description, price, book_type, total_stock, available_stock, is_active, is_editors_pick, rental_status, category_id) VALUES (175, '2025-12-18 20:39:24', '2025-12-18 20:39:24', 'Front-Line Asynchronous Time-Frame', 'Jessica Davis', '978-0-10-804661-2', 'Riley-Miller', 2017, 597, 'Help three really. Artist sort area particularly.', 64.64, 'HYBRID', 10, 10, true, false, 'AVAILABLE', 8);
INSERT INTO book_tags (book_id, tag_id) VALUES (175, 5);
INSERT INTO book_tags (book_id, tag_id) VALUES (175, 4);
INSERT INTO books (id, created_at, updated_at, title, author, isbn, publisher, publication_year, page_count, description, price, book_type, total_stock, available_stock, is_active, is_editors_pick, rental_status, category_id) VALUES (176, '2025-12-18 20:39:24', '2025-12-18 20:39:24', 'Secured Web-Enabled Installation', 'Kyle Keller', '978-0-274-95450-6', 'Chavez Group', 2012, 540, 'People fund visit situation law foreign court bill. Require or subject toward call meeting green loss. Know during someone art find job where senior.', 19.98, 'PHYSICAL', 10, 10, true, false, 'AVAILABLE', 9);
INSERT INTO book_tags (book_id, tag_id) VALUES (176, 10);
INSERT INTO book_tags (book_id, tag_id) VALUES (176, 8);
INSERT INTO book_tags (book_id, tag_id) VALUES (176, 9);
INSERT INTO books (id, created_at, updated_at, title, author, isbn, publisher, publication_year, page_count, description, price, book_type, total_stock, available_stock, is_active, is_editors_pick, rental_status, category_id) VALUES (177, '2025-12-18 20:39:24', '2025-12-18 20:39:24', 'Programmable Optimizing Protocol', 'Amy Hunter', '978-1-303-37933-8', 'Trevino, Henderson and Gonzalez', 1992, 325, 'Size game property reason word. Realize system not friend federal forget bit then.', 45.57, 'DIGITAL', 10, 10, true, false, 'AVAILABLE', 11);
INSERT INTO book_tags (book_id, tag_id) VALUES (177, 1);
INSERT INTO book_tags (book_id, tag_id) VALUES (177, 1);
INSERT INTO book_tags (book_id, tag_id) VALUES (177, 4);
INSERT INTO books (id, created_at, updated_at, title, author, isbn, publisher, publication_year, page_count, description, price, book_type, total_stock, available_stock, is_active, is_editors_pick, rental_status, category_id) VALUES (178, '2025-12-18 20:39:24', '2025-12-18 20:39:24', 'Polarized User-Facing Throughput', 'Erin Singh', '978-0-302-41026-4', 'Ross Inc', 1998, 361, 'Available air boy. Key place tree growth wish. Cup company those responsibility fund.', 36.05, 'PHYSICAL', 10, 10, true, false, 'AVAILABLE', 5);
INSERT INTO book_tags (book_id, tag_id) VALUES (178, 1);
INSERT INTO books (id, created_at, updated_at, title, author, isbn, publisher, publication_year, page_count, description, price, book_type, total_stock, available_stock, is_active, is_editors_pick, rental_status, category_id) VALUES (179, '2025-12-18 20:39:24', '2025-12-18 20:39:24', 'Streamlined Zero Tolerance Budgetary Management', 'Daniel Bryant', '978-0-17-912868-2', 'Pacheco-Guerrero', 2017, 279, 'Think there assume certain under some court her. Fish involve player TV several onto. Family chance easy picture evidence call meet.', 21.63, 'HYBRID', 10, 10, true, false, 'AVAILABLE', 8);
INSERT INTO book_tags (book_id, tag_id) VALUES (179, 4);
INSERT INTO book_tags (book_id, tag_id) VALUES (179, 9);
INSERT INTO book_tags (book_id, tag_id) VALUES (179, 9);
INSERT INTO books (id, created_at, updated_at, title, author, isbn, publisher, publication_year, page_count, description, price, book_type, total_stock, available_stock, is_active, is_editors_pick, rental_status, category_id) VALUES (180, '2025-12-18 20:39:24', '2025-12-18 20:39:24', 'Multi-Layered Modular Model', 'Frank Brooks', '978-1-65754-602-8', 'Webb, Sosa and Wells', 1994, 506, 'Point so power debate thus later. How fill thousand number very. Effort be seem far million discover. Let perform international.', 87.56, 'DIGITAL', 10, 10, true, false, 'AVAILABLE', 11);
INSERT INTO book_tags (book_id, tag_id) VALUES (180, 7);
INSERT INTO books (id, created_at, updated_at, title, author, isbn, publisher, publication_year, page_count, description, price, book_type, total_stock, available_stock, is_active, is_editors_pick, rental_status, category_id) VALUES (181, '2025-12-18 20:39:24', '2025-12-18 20:39:24', 'Organic Discrete Firmware', 'Heather Miller', '978-1-04-456690-5', 'Hunt, Schneider and Hartman', 1994, 420, 'Budget growth national free. Economic seat shoulder suddenly course page.', 61.82, 'DIGITAL', 10, 10, true, false, 'AVAILABLE', 1);
INSERT INTO book_tags (book_id, tag_id) VALUES (181, 7);
INSERT INTO book_tags (book_id, tag_id) VALUES (181, 7);
INSERT INTO book_tags (book_id, tag_id) VALUES (181, 5);
INSERT INTO books (id, created_at, updated_at, title, author, isbn, publisher, publication_year, page_count, description, price, book_type, total_stock, available_stock, is_active, is_editors_pick, rental_status, category_id) VALUES (182, '2025-12-18 20:39:24', '2025-12-18 20:39:24', 'Phased Solution-Oriented Migration', 'Tiffany Grimes MD', '978-1-68459-090-2', 'Curry, Wells and Black', 1991, 432, 'Reveal left social fine could show recently. Just table air catch them. Wall act special strong fund.', 25.47, 'DIGITAL', 10, 10, true, false, 'AVAILABLE', 2);
INSERT INTO book_tags (book_id, tag_id) VALUES (182, 8);
INSERT INTO book_tags (book_id, tag_id) VALUES (182, 6);
INSERT INTO book_tags (book_id, tag_id) VALUES (182, 2);
INSERT INTO books (id, created_at, updated_at, title, author, isbn, publisher, publication_year, page_count, description, price, book_type, total_stock, available_stock, is_active, is_editors_pick, rental_status, category_id) VALUES (183, '2025-12-18 20:39:24', '2025-12-18 20:39:24', 'Devolved Coherent Groupware', 'Rebecca Mcintyre', '978-0-348-17058-0', 'Camacho, Baird and Harris', 2005, 546, 'Move could board notice. Police fight commercial push concern step owner. Cost attorney white.', 63.0, 'PHYSICAL', 10, 10, true, false, 'AVAILABLE', 7);
INSERT INTO book_tags (book_id, tag_id) VALUES (183, 2);
INSERT INTO book_tags (book_id, tag_id) VALUES (183, 7);
INSERT INTO book_tags (book_id, tag_id) VALUES (183, 5);
INSERT INTO books (id, created_at, updated_at, title, author, isbn, publisher, publication_year, page_count, description, price, book_type, total_stock, available_stock, is_active, is_editors_pick, rental_status, category_id) VALUES (184, '2025-12-18 20:39:24', '2025-12-18 20:39:24', 'Advanced Composite Graphic Interface', 'Jennifer Moore', '978-1-9777-9014-9', 'Anderson Group', 2004, 441, 'Home tough deal that. It report little page voice. Data respond learn cut yard knowledge station painting.', 80.12, 'DIGITAL', 10, 10, true, false, 'AVAILABLE', 12);
INSERT INTO book_tags (book_id, tag_id) VALUES (184, 9);
INSERT INTO books (id, created_at, updated_at, title, author, isbn, publisher, publication_year, page_count, description, price, book_type, total_stock, available_stock, is_active, is_editors_pick, rental_status, category_id) VALUES (185, '2025-12-18 20:39:24', '2025-12-18 20:39:24', 'Stand-Alone Logistical Hardware', 'Michelle Evans', '978-1-68151-185-6', 'Colon, Horn and Perry', 2023, 622, 'Run leader treat contain notice hour watch dream. Event physical factor trouble.', 27.45, 'PHYSICAL', 10, 10, true, false, 'AVAILABLE', 11);
INSERT INTO book_tags (book_id, tag_id) VALUES (185, 6);
INSERT INTO book_tags (book_id, tag_id) VALUES (185, 3);
INSERT INTO books (id, created_at, updated_at, title, author, isbn, publisher, publication_year, page_count, description, price, book_type, total_stock, available_stock, is_active, is_editors_pick, rental_status, category_id) VALUES (186, '2025-12-18 20:39:24', '2025-12-18 20:39:24', 'Open-Source Local Concept', 'Jonathan Murray', '978-0-418-62104-2', 'Fowler Ltd', 1999, 362, 'Gas human create also economy remember. Force security machine attention. Prevent require just likely evidence claim stuff.', 27.75, 'PHYSICAL', 10, 10, true, false, 'AVAILABLE', 4);
INSERT INTO book_tags (book_id, tag_id) VALUES (186, 3);
INSERT INTO book_tags (book_id, tag_id) VALUES (186, 2);
INSERT INTO book_tags (book_id, tag_id) VALUES (186, 3);
INSERT INTO books (id, created_at, updated_at, title, author, isbn, publisher, publication_year, page_count, description, price, book_type, total_stock, available_stock, is_active, is_editors_pick, rental_status, category_id) VALUES (187, '2025-12-18 20:39:24', '2025-12-18 20:39:24', 'Distributed Leadingedge Help-Desk', 'Miguel Stafford', '978-0-220-68155-5', 'Robinson, Horton and Copeland', 2019, 677, 'Hospital final appear above. Short up hear draw before instead. Front court protect.', 78.39, 'DIGITAL', 10, 10, true, false, 'AVAILABLE', 11);
INSERT INTO book_tags (book_id, tag_id) VALUES (187, 10);
INSERT INTO book_tags (book_id, tag_id) VALUES (187, 10);
INSERT INTO books (id, created_at, updated_at, title, author, isbn, publisher, publication_year, page_count, description, price, book_type, total_stock, available_stock, is_active, is_editors_pick, rental_status, category_id) VALUES (188, '2025-12-18 20:39:24', '2025-12-18 20:39:24', 'Realigned Responsive Core', 'Taylor Foster', '978-1-252-57150-0', 'Martinez-Lewis', 2010, 254, 'Community I first home learn at. Practice hard attack despite feeling. Matter wrong Republican social two notice edge behind.', 49.58, 'HYBRID', 10, 10, true, false, 'AVAILABLE', 6);
INSERT INTO book_tags (book_id, tag_id) VALUES (188, 8);
INSERT INTO book_tags (book_id, tag_id) VALUES (188, 5);
INSERT INTO books (id, created_at, updated_at, title, author, isbn, publisher, publication_year, page_count, description, price, book_type, total_stock, available_stock, is_active, is_editors_pick, rental_status, category_id) VALUES (189, '2025-12-18 20:39:24', '2025-12-18 20:39:24', 'Robust Optimal Knowledge User', 'Martin Hall', '978-0-450-86403-2', 'Bush, Smith and Smith', 1993, 460, 'Door investment during bag case. Father charge daughter also type our watch.', 55.66, 'HYBRID', 10, 10, true, false, 'AVAILABLE', 5);
INSERT INTO book_tags (book_id, tag_id) VALUES (189, 8);
INSERT INTO book_tags (book_id, tag_id) VALUES (189, 8);
INSERT INTO books (id, created_at, updated_at, title, author, isbn, publisher, publication_year, page_count, description, price, book_type, total_stock, available_stock, is_active, is_editors_pick, rental_status, category_id) VALUES (190, '2025-12-18 20:39:24', '2025-12-18 20:39:24', 'Upgradable Full-Range Graphical User Interface', 'Joshua Knox', '978-0-8167-4233-2', 'Mcneil, Solis and Horton', 2013, 393, 'Their miss contain picture ask man west appear. Voice by community nature.', 16.91, 'PHYSICAL', 10, 10, true, false, 'AVAILABLE', 1);
INSERT INTO book_tags (book_id, tag_id) VALUES (190, 10);
INSERT INTO books (id, created_at, updated_at, title, author, isbn, publisher, publication_year, page_count, description, price, book_type, total_stock, available_stock, is_active, is_editors_pick, rental_status, category_id) VALUES (191, '2025-12-18 20:39:24', '2025-12-18 20:39:24', 'Optimized Context-Sensitive Portal', 'Dustin West', '978-0-527-32300-4', 'Harris, Huffman and Olson', 2014, 573, 'Help likely institution participant item choose. After high take serve TV organization check. Either less law heart.', 62.23, 'HYBRID', 10, 10, true, false, 'AVAILABLE', 10);
INSERT INTO book_tags (book_id, tag_id) VALUES (191, 1);
INSERT INTO book_tags (book_id, tag_id) VALUES (191, 8);
INSERT INTO book_tags (book_id, tag_id) VALUES (191, 10);
INSERT INTO books (id, created_at, updated_at, title, author, isbn, publisher, publication_year, page_count, description, price, book_type, total_stock, available_stock, is_active, is_editors_pick, rental_status, category_id) VALUES (192, '2025-12-18 20:39:24', '2025-12-18 20:39:24', 'Profit-Focused Upward-Trending Success', 'Jared Perry', '978-0-7050-2497-6', 'Waller-Brooks', 2010, 719, 'Political open impact although TV. Usually class several whatever side seem. Meeting major read recent prepare unit.', 52.81, 'PHYSICAL', 10, 10, true, false, 'AVAILABLE', 11);
INSERT INTO book_tags (book_id, tag_id) VALUES (192, 1);
INSERT INTO books (id, created_at, updated_at, title, author, isbn, publisher, publication_year, page_count, description, price, book_type, total_stock, available_stock, is_active, is_editors_pick, rental_status, category_id) VALUES (193, '2025-12-18 20:39:24', '2025-12-18 20:39:24', 'Synergized Client-Server Extranet', 'Kenneth Bates', '978-1-364-02701-8', 'Smith Inc', 2011, 186, 'Relationship wind ball travel then coach. Education few whose probably him final. Sell under thank body of something.', 55.41, 'PHYSICAL', 10, 10, true, false, 'AVAILABLE', 8);
INSERT INTO book_tags (book_id, tag_id) VALUES (193, 1);
INSERT INTO books (id, created_at, updated_at, title, author, isbn, publisher, publication_year, page_count, description, price, book_type, total_stock, available_stock, is_active, is_editors_pick, rental_status, category_id) VALUES (194, '2025-12-18 20:39:24', '2025-12-18 20:39:24', 'Cloned Zero-Defect Standardization', 'Jason Roberts', '978-1-912141-61-6', 'Jackson-Brooks', 2018, 549, 'Main me book note defense. Arrive consumer service else total.', 57.17, 'HYBRID', 10, 10, true, false, 'AVAILABLE', 4);
INSERT INTO book_tags (book_id, tag_id) VALUES (194, 3);
INSERT INTO book_tags (book_id, tag_id) VALUES (194, 6);
INSERT INTO book_tags (book_id, tag_id) VALUES (194, 6);
INSERT INTO books (id, created_at, updated_at, title, author, isbn, publisher, publication_year, page_count, description, price, book_type, total_stock, available_stock, is_active, is_editors_pick, rental_status, category_id) VALUES (195, '2025-12-18 20:39:24', '2025-12-18 20:39:24', 'Grass-Roots Asymmetric Graphical User Interface', 'David Washington', '978-1-59655-553-2', 'Smith LLC', 2016, 446, 'Smile among decision social heart mind while entire.', 71.1, 'DIGITAL', 10, 10, true, false, 'AVAILABLE', 5);
INSERT INTO book_tags (book_id, tag_id) VALUES (195, 6);
INSERT INTO books (id, created_at, updated_at, title, author, isbn, publisher, publication_year, page_count, description, price, book_type, total_stock, available_stock, is_active, is_editors_pick, rental_status, category_id) VALUES (196, '2025-12-18 20:39:24', '2025-12-18 20:39:24', 'Multi-Lateral Static Initiative', 'Anthony Kelly', '978-1-7397691-5-4', 'Drake-Smith', 1996, 671, 'Agent but most week. Happy peace probably little including. About point walk focus plant.', 71.05, 'DIGITAL', 10, 10, true, false, 'AVAILABLE', 2);
INSERT INTO book_tags (book_id, tag_id) VALUES (196, 5);
INSERT INTO book_tags (book_id, tag_id) VALUES (196, 10);
INSERT INTO books (id, created_at, updated_at, title, author, isbn, publisher, publication_year, page_count, description, price, book_type, total_stock, available_stock, is_active, is_editors_pick, rental_status, category_id) VALUES (197, '2025-12-18 20:39:24', '2025-12-18 20:39:24', 'Optimized Methodical Protocol', 'Susan Navarro', '978-1-4347-1287-5', 'Lawson-Joseph', 1995, 696, 'Size respond all marriage beautiful strategy you. Collection land break production drive deep send. Black year ahead upon.', 69.73, 'DIGITAL', 10, 10, true, false, 'AVAILABLE', 3);
INSERT INTO book_tags (book_id, tag_id) VALUES (197, 5);
INSERT INTO book_tags (book_id, tag_id) VALUES (197, 7);
INSERT INTO books (id, created_at, updated_at, title, author, isbn, publisher, publication_year, page_count, description, price, book_type, total_stock, available_stock, is_active, is_editors_pick, rental_status, category_id) VALUES (198, '2025-12-18 20:39:24', '2025-12-18 20:39:24', 'Cross-Group System-Worthy Groupware', 'Tara Miranda', '978-0-89931-608-6', 'Brown, Cooper and Kent', 1995, 417, 'Whom join do else fact born future. Visit seat break happy table west officer ability. Operation couple hold interest.', 60.3, 'HYBRID', 10, 10, true, false, 'AVAILABLE', 3);
INSERT INTO book_tags (book_id, tag_id) VALUES (198, 6);
INSERT INTO book_tags (book_id, tag_id) VALUES (198, 3);
INSERT INTO book_tags (book_id, tag_id) VALUES (198, 9);
INSERT INTO books (id, created_at, updated_at, title, author, isbn, publisher, publication_year, page_count, description, price, book_type, total_stock, available_stock, is_active, is_editors_pick, rental_status, category_id) VALUES (199, '2025-12-18 20:39:24', '2025-12-18 20:39:24', 'Persevering Foreground Circuit', 'Elizabeth Robinson', '978-1-05-233027-7', 'Bryant, Guzman and Thomas', 2017, 620, 'Floor maybe read event summer off piece democratic.', 42.56, 'HYBRID', 10, 10, true, false, 'AVAILABLE', 2);
INSERT INTO book_tags (book_id, tag_id) VALUES (199, 5);
INSERT INTO book_tags (book_id, tag_id) VALUES (199, 3);
INSERT INTO books (id, created_at, updated_at, title, author, isbn, publisher, publication_year, page_count, description, price, book_type, total_stock, available_stock, is_active, is_editors_pick, rental_status, category_id) VALUES (200, '2025-12-18 20:39:24', '2025-12-18 20:39:24', 'Upgradable Hybrid Framework', 'Miss Sarah Ritter', '978-0-330-59126-3', 'Long, Henderson and Kennedy', 2021, 296, 'Hospital month executive recent crime task. Best food social tend approach various. Leader clear case receive fact.', 30.39, 'DIGITAL', 10, 10, true, false, 'AVAILABLE', 4);
INSERT INTO book_tags (book_id, tag_id) VALUES (200, 3);
INSERT INTO rentals (id, created_at, updated_at, user_id, book_id, rent_date, due_date, return_date, status, penalty_fee) VALUES (1, '2025-09-01 20:39:24.175646', '2025-09-01 20:39:24.175646', 5, 76, '2025-09-01', '2025-09-15', NULL, 'LATE', 0);
INSERT INTO rentals (id, created_at, updated_at, user_id, book_id, rent_date, due_date, return_date, status, penalty_fee) VALUES (2, '2025-10-10 20:39:24.175646', '2025-10-10 20:39:24.175646', 33, 198, '2025-10-10', '2025-10-24', NULL, 'LATE', 0);
INSERT INTO rentals (id, created_at, updated_at, user_id, book_id, rent_date, due_date, return_date, status, penalty_fee) VALUES (3, '2025-09-25 20:39:24.175646', '2025-09-25 20:39:24.175646', 34, 10, '2025-09-25', '2025-10-09', '2025-10-15', 'RETURNED', 30.0);
INSERT INTO rentals (id, created_at, updated_at, user_id, book_id, rent_date, due_date, return_date, status, penalty_fee) VALUES (4, '2025-10-31 20:39:24.175646', '2025-10-31 20:39:24.175646', 9, 153, '2025-10-31', '2025-11-14', NULL, 'REJECTED', 0);
INSERT INTO rentals (id, created_at, updated_at, user_id, book_id, rent_date, due_date, return_date, status, penalty_fee) VALUES (5, '2025-09-11 20:39:24.175646', '2025-09-11 20:39:24.175646', 12, 178, '2025-09-11', '2025-09-25', '2025-09-17', 'RETURNED', 0);
INSERT INTO rentals (id, created_at, updated_at, user_id, book_id, rent_date, due_date, return_date, status, penalty_fee) VALUES (6, '2025-10-27 20:39:24.175646', '2025-10-27 20:39:24.175646', 29, 12, '2025-10-27', '2025-11-10', '2025-11-04', 'RETURNED', 0);
INSERT INTO rentals (id, created_at, updated_at, user_id, book_id, rent_date, due_date, return_date, status, penalty_fee) VALUES (7, '2025-11-12 20:39:24.175646', '2025-11-12 20:39:24.175646', 29, 157, '2025-11-12', '2025-11-26', NULL, 'LATE', 0);
INSERT INTO rentals (id, created_at, updated_at, user_id, book_id, rent_date, due_date, return_date, status, penalty_fee) VALUES (8, '2025-10-11 20:39:24.175646', '2025-10-11 20:39:24.175646', 29, 60, '2025-10-11', '2025-10-25', '2025-10-27', 'RETURNED', 10.0);
INSERT INTO rentals (id, created_at, updated_at, user_id, book_id, rent_date, due_date, return_date, status, penalty_fee) VALUES (9, '2025-09-23 20:39:24.175646', '2025-09-23 20:39:24.175646', 13, 95, '2025-09-23', '2025-10-07', NULL, 'LATE', 0);
INSERT INTO rentals (id, created_at, updated_at, user_id, book_id, rent_date, due_date, return_date, status, penalty_fee) VALUES (10, '2025-09-11 20:39:24.175646', '2025-09-11 20:39:24.175646', 29, 119, '2025-09-11', '2025-09-25', '2025-09-24', 'RETURNED', 0);
INSERT INTO rentals (id, created_at, updated_at, user_id, book_id, rent_date, due_date, return_date, status, penalty_fee) VALUES (11, '2025-10-26 20:39:24.175646', '2025-10-26 20:39:24.175646', 33, 136, '2025-10-26', '2025-11-09', NULL, 'LATE', 0);
INSERT INTO rentals (id, created_at, updated_at, user_id, book_id, rent_date, due_date, return_date, status, penalty_fee) VALUES (12, '2025-12-01 20:39:24.175646', '2025-12-01 20:39:24.175646', 13, 155, '2025-12-01', '2025-12-15', NULL, 'LATE', 0);
INSERT INTO rentals (id, created_at, updated_at, user_id, book_id, rent_date, due_date, return_date, status, penalty_fee) VALUES (13, '2025-10-18 20:39:24.175646', '2025-10-18 20:39:24.175646', 4, 165, '2025-10-18', '2025-11-01', NULL, 'LATE', 0);
INSERT INTO rentals (id, created_at, updated_at, user_id, book_id, rent_date, due_date, return_date, status, penalty_fee) VALUES (14, '2025-09-01 20:39:24.175646', '2025-09-01 20:39:24.175646', 7, 183, '2025-09-01', '2025-09-15', '2025-09-05', 'RETURNED', 0);
INSERT INTO rentals (id, created_at, updated_at, user_id, book_id, rent_date, due_date, return_date, status, penalty_fee) VALUES (15, '2025-09-12 20:39:24.175646', '2025-09-12 20:39:24.175646', 19, 22, '2025-09-12', '2025-09-26', NULL, 'REJECTED', 0);
INSERT INTO rentals (id, created_at, updated_at, user_id, book_id, rent_date, due_date, return_date, status, penalty_fee) VALUES (16, '2025-11-30 20:39:24.175646', '2025-11-30 20:39:24.175646', 29, 132, '2025-11-30', '2025-12-14', NULL, 'LATE', 0);
INSERT INTO rentals (id, created_at, updated_at, user_id, book_id, rent_date, due_date, return_date, status, penalty_fee) VALUES (17, '2025-09-05 20:39:24.175646', '2025-09-05 20:39:24.175646', 6, 57, '2025-09-05', '2025-09-19', '2025-09-17', 'RETURNED', 0);
INSERT INTO rentals (id, created_at, updated_at, user_id, book_id, rent_date, due_date, return_date, status, penalty_fee) VALUES (18, '2025-12-12 20:39:24.175646', '2025-12-12 20:39:24.175646', 2, 107, '2025-12-12', '2025-12-26', '2025-12-24', 'RETURNED', 0);
INSERT INTO rentals (id, created_at, updated_at, user_id, book_id, rent_date, due_date, return_date, status, penalty_fee) VALUES (19, '2025-12-08 20:39:24.175646', '2025-12-08 20:39:24.175646', 16, 99, '2025-12-08', '2025-12-22', '2025-12-09', 'RETURNED', 0);
INSERT INTO rentals (id, created_at, updated_at, user_id, book_id, rent_date, due_date, return_date, status, penalty_fee) VALUES (20, '2025-09-02 20:39:24.175646', '2025-09-02 20:39:24.175646', 21, 26, '2025-09-02', '2025-09-16', NULL, 'LATE', 0);
INSERT INTO rentals (id, created_at, updated_at, user_id, book_id, rent_date, due_date, return_date, status, penalty_fee) VALUES (21, '2025-12-01 20:39:24.175646', '2025-12-01 20:39:24.175646', 22, 38, '2025-12-01', '2025-12-15', NULL, 'REQUESTED', 0);
INSERT INTO rentals (id, created_at, updated_at, user_id, book_id, rent_date, due_date, return_date, status, penalty_fee) VALUES (22, '2025-09-03 20:39:24.175646', '2025-09-03 20:39:24.175646', 31, 179, '2025-09-03', '2025-09-17', NULL, 'REJECTED', 0);
INSERT INTO rentals (id, created_at, updated_at, user_id, book_id, rent_date, due_date, return_date, status, penalty_fee) VALUES (23, '2025-10-01 20:39:24.175646', '2025-10-01 20:39:24.175646', 31, 115, '2025-10-01', '2025-10-15', NULL, 'REQUESTED', 0);
INSERT INTO rentals (id, created_at, updated_at, user_id, book_id, rent_date, due_date, return_date, status, penalty_fee) VALUES (24, '2025-11-16 20:39:24.175646', '2025-11-16 20:39:24.175646', 6, 5, '2025-11-16', '2025-11-30', '2025-11-21', 'RETURNED', 0);
INSERT INTO rentals (id, created_at, updated_at, user_id, book_id, rent_date, due_date, return_date, status, penalty_fee) VALUES (25, '2025-12-04 20:39:24.175646', '2025-12-04 20:39:24.175646', 34, 109, '2025-12-04', '2025-12-18', NULL, 'APPROVED', 0);
INSERT INTO rentals (id, created_at, updated_at, user_id, book_id, rent_date, due_date, return_date, status, penalty_fee) VALUES (26, '2025-12-03 20:39:24.175646', '2025-12-03 20:39:24.175646', 16, 78, '2025-12-03', '2025-12-17', NULL, 'REQUESTED', 0);
INSERT INTO rentals (id, created_at, updated_at, user_id, book_id, rent_date, due_date, return_date, status, penalty_fee) VALUES (27, '2025-09-08 20:39:24.175646', '2025-09-08 20:39:24.175646', 27, 164, '2025-09-08', '2025-09-22', '2025-09-11', 'RETURNED', 0);
INSERT INTO rentals (id, created_at, updated_at, user_id, book_id, rent_date, due_date, return_date, status, penalty_fee) VALUES (28, '2025-10-03 20:39:24.175646', '2025-10-03 20:39:24.175646', 8, 128, '2025-10-03', '2025-10-17', '2025-10-20', 'RETURNED', 15.0);
INSERT INTO rentals (id, created_at, updated_at, user_id, book_id, rent_date, due_date, return_date, status, penalty_fee) VALUES (29, '2025-11-30 20:39:24.175646', '2025-11-30 20:39:24.175646', 16, 184, '2025-11-30', '2025-12-14', '2025-12-01', 'RETURNED', 0);
INSERT INTO rentals (id, created_at, updated_at, user_id, book_id, rent_date, due_date, return_date, status, penalty_fee) VALUES (30, '2025-10-06 20:39:24.175646', '2025-10-06 20:39:24.175646', 23, 62, '2025-10-06', '2025-10-20', '2025-10-09', 'RETURNED', 0);
INSERT INTO rentals (id, created_at, updated_at, user_id, book_id, rent_date, due_date, return_date, status, penalty_fee) VALUES (31, '2025-12-10 20:39:24.175646', '2025-12-10 20:39:24.175646', 34, 93, '2025-12-10', '2025-12-24', NULL, 'APPROVED', 0);
INSERT INTO rentals (id, created_at, updated_at, user_id, book_id, rent_date, due_date, return_date, status, penalty_fee) VALUES (32, '2025-09-09 20:39:24.175646', '2025-09-09 20:39:24.175646', 35, 130, '2025-09-09', '2025-09-23', NULL, 'LATE', 0);
INSERT INTO rentals (id, created_at, updated_at, user_id, book_id, rent_date, due_date, return_date, status, penalty_fee) VALUES (33, '2025-08-29 20:39:24.175646', '2025-08-29 20:39:24.175646', 2, 100, '2025-08-29', '2025-09-12', '2025-09-11', 'RETURNED', 0);
INSERT INTO rentals (id, created_at, updated_at, user_id, book_id, rent_date, due_date, return_date, status, penalty_fee) VALUES (34, '2025-09-14 20:39:24.175646', '2025-09-14 20:39:24.175646', 24, 65, '2025-09-14', '2025-09-28', NULL, 'REQUESTED', 0);
INSERT INTO rentals (id, created_at, updated_at, user_id, book_id, rent_date, due_date, return_date, status, penalty_fee) VALUES (35, '2025-11-18 20:39:24.175646', '2025-11-18 20:39:24.175646', 5, 89, '2025-11-18', '2025-12-02', NULL, 'LATE', 0);
INSERT INTO rentals (id, created_at, updated_at, user_id, book_id, rent_date, due_date, return_date, status, penalty_fee) VALUES (36, '2025-10-05 20:39:24.175646', '2025-10-05 20:39:24.175646', 7, 198, '2025-10-05', '2025-10-19', NULL, 'LATE', 0);
INSERT INTO rentals (id, created_at, updated_at, user_id, book_id, rent_date, due_date, return_date, status, penalty_fee) VALUES (37, '2025-12-13 20:39:24.175646', '2025-12-13 20:39:24.175646', 22, 35, '2025-12-13', '2025-12-27', '2025-12-24', 'RETURNED', 0);
INSERT INTO rentals (id, created_at, updated_at, user_id, book_id, rent_date, due_date, return_date, status, penalty_fee) VALUES (38, '2025-09-22 20:39:24.175646', '2025-09-22 20:39:24.175646', 12, 200, '2025-09-22', '2025-10-06', '2025-10-08', 'RETURNED', 10.0);
INSERT INTO rentals (id, created_at, updated_at, user_id, book_id, rent_date, due_date, return_date, status, penalty_fee) VALUES (39, '2025-12-10 20:39:24.175646', '2025-12-10 20:39:24.175646', 12, 35, '2025-12-10', '2025-12-24', NULL, 'APPROVED', 0);
INSERT INTO rentals (id, created_at, updated_at, user_id, book_id, rent_date, due_date, return_date, status, penalty_fee) VALUES (40, '2025-11-11 20:39:24.175646', '2025-11-11 20:39:24.175646', 30, 10, '2025-11-11', '2025-11-25', '2025-11-18', 'RETURNED', 0);
INSERT INTO rentals (id, created_at, updated_at, user_id, book_id, rent_date, due_date, return_date, status, penalty_fee) VALUES (41, '2025-08-21 20:39:24.175646', '2025-08-21 20:39:24.175646', 3, 81, '2025-08-21', '2025-09-04', '2025-09-03', 'RETURNED', 0);
INSERT INTO rentals (id, created_at, updated_at, user_id, book_id, rent_date, due_date, return_date, status, penalty_fee) VALUES (42, '2025-11-16 20:39:24.175646', '2025-11-16 20:39:24.175646', 35, 122, '2025-11-16', '2025-11-30', NULL, 'REQUESTED', 0);
INSERT INTO rentals (id, created_at, updated_at, user_id, book_id, rent_date, due_date, return_date, status, penalty_fee) VALUES (43, '2025-11-03 20:39:24.175646', '2025-11-03 20:39:24.175646', 13, 74, '2025-11-03', '2025-11-17', NULL, 'LATE', 0);
INSERT INTO rentals (id, created_at, updated_at, user_id, book_id, rent_date, due_date, return_date, status, penalty_fee) VALUES (44, '2025-11-06 20:39:24.175646', '2025-11-06 20:39:24.175646', 4, 168, '2025-11-06', '2025-11-20', '2025-11-18', 'RETURNED', 0);
INSERT INTO rentals (id, created_at, updated_at, user_id, book_id, rent_date, due_date, return_date, status, penalty_fee) VALUES (45, '2025-09-14 20:39:24.175646', '2025-09-14 20:39:24.175646', 28, 103, '2025-09-14', '2025-09-28', '2025-09-27', 'RETURNED', 0);
INSERT INTO rentals (id, created_at, updated_at, user_id, book_id, rent_date, due_date, return_date, status, penalty_fee) VALUES (46, '2025-10-16 20:39:24.175646', '2025-10-16 20:39:24.175646', 22, 48, '2025-10-16', '2025-10-30', '2025-10-28', 'RETURNED', 0);
INSERT INTO rentals (id, created_at, updated_at, user_id, book_id, rent_date, due_date, return_date, status, penalty_fee) VALUES (47, '2025-09-07 20:39:24.175646', '2025-09-07 20:39:24.175646', 34, 69, '2025-09-07', '2025-09-21', NULL, 'REQUESTED', 0);
INSERT INTO rentals (id, created_at, updated_at, user_id, book_id, rent_date, due_date, return_date, status, penalty_fee) VALUES (48, '2025-10-24 20:39:24.175646', '2025-10-24 20:39:24.175646', 28, 21, '2025-10-24', '2025-11-07', '2025-10-30', 'RETURNED', 0);
INSERT INTO rentals (id, created_at, updated_at, user_id, book_id, rent_date, due_date, return_date, status, penalty_fee) VALUES (49, '2025-11-07 20:39:24.175646', '2025-11-07 20:39:24.175646', 35, 76, '2025-11-07', '2025-11-21', NULL, 'REJECTED', 0);
INSERT INTO rentals (id, created_at, updated_at, user_id, book_id, rent_date, due_date, return_date, status, penalty_fee) VALUES (50, '2025-11-11 20:39:24.175646', '2025-11-11 20:39:24.175646', 21, 170, '2025-11-11', '2025-11-25', '2025-12-01', 'RETURNED', 30.0);
INSERT INTO rentals (id, created_at, updated_at, user_id, book_id, rent_date, due_date, return_date, status, penalty_fee) VALUES (51, '2025-09-21 20:39:24.175646', '2025-09-21 20:39:24.175646', 28, 43, '2025-09-21', '2025-10-05', '2025-10-06', 'RETURNED', 5.0);
INSERT INTO rentals (id, created_at, updated_at, user_id, book_id, rent_date, due_date, return_date, status, penalty_fee) VALUES (52, '2025-08-29 20:39:24.175646', '2025-08-29 20:39:24.175646', 3, 187, '2025-08-29', '2025-09-12', NULL, 'LATE', 0);
INSERT INTO rentals (id, created_at, updated_at, user_id, book_id, rent_date, due_date, return_date, status, penalty_fee) VALUES (53, '2025-09-28 20:39:24.175646', '2025-09-28 20:39:24.175646', 28, 71, '2025-09-28', '2025-10-12', NULL, 'LATE', 0);
INSERT INTO rentals (id, created_at, updated_at, user_id, book_id, rent_date, due_date, return_date, status, penalty_fee) VALUES (54, '2025-09-24 20:39:24.175646', '2025-09-24 20:39:24.175646', 4, 20, '2025-09-24', '2025-10-08', '2025-10-06', 'RETURNED', 0);
INSERT INTO rentals (id, created_at, updated_at, user_id, book_id, rent_date, due_date, return_date, status, penalty_fee) VALUES (55, '2025-09-23 20:39:24.175646', '2025-09-23 20:39:24.175646', 33, 192, '2025-09-23', '2025-10-07', NULL, 'REJECTED', 0);
INSERT INTO rentals (id, created_at, updated_at, user_id, book_id, rent_date, due_date, return_date, status, penalty_fee) VALUES (56, '2025-09-01 20:39:24.175646', '2025-09-01 20:39:24.175646', 2, 37, '2025-09-01', '2025-09-15', '2025-09-16', 'RETURNED', 5.0);
INSERT INTO rentals (id, created_at, updated_at, user_id, book_id, rent_date, due_date, return_date, status, penalty_fee) VALUES (57, '2025-12-10 20:39:24.175646', '2025-12-10 20:39:24.175646', 3, 33, '2025-12-10', '2025-12-24', '2025-12-22', 'RETURNED', 0);
INSERT INTO rentals (id, created_at, updated_at, user_id, book_id, rent_date, due_date, return_date, status, penalty_fee) VALUES (58, '2025-10-07 20:39:24.175646', '2025-10-07 20:39:24.175646', 24, 99, '2025-10-07', '2025-10-21', NULL, 'REQUESTED', 0);
INSERT INTO rentals (id, created_at, updated_at, user_id, book_id, rent_date, due_date, return_date, status, penalty_fee) VALUES (59, '2025-10-22 20:39:24.175646', '2025-10-22 20:39:24.175646', 10, 174, '2025-10-22', '2025-11-05', NULL, 'LATE', 0);
INSERT INTO rentals (id, created_at, updated_at, user_id, book_id, rent_date, due_date, return_date, status, penalty_fee) VALUES (60, '2025-09-12 20:39:24.175646', '2025-09-12 20:39:24.175646', 24, 114, '2025-09-12', '2025-09-26', NULL, 'REQUESTED', 0);
INSERT INTO rentals (id, created_at, updated_at, user_id, book_id, rent_date, due_date, return_date, status, penalty_fee) VALUES (61, '2025-11-02 20:39:24.175646', '2025-11-02 20:39:24.175646', 9, 136, '2025-11-02', '2025-11-16', '2025-11-11', 'RETURNED', 0);
INSERT INTO rentals (id, created_at, updated_at, user_id, book_id, rent_date, due_date, return_date, status, penalty_fee) VALUES (62, '2025-12-15 20:39:24.175646', '2025-12-15 20:39:24.175646', 16, 30, '2025-12-15', '2025-12-29', NULL, 'APPROVED', 0);
INSERT INTO rentals (id, created_at, updated_at, user_id, book_id, rent_date, due_date, return_date, status, penalty_fee) VALUES (63, '2025-10-30 20:39:24.175646', '2025-10-30 20:39:24.175646', 32, 133, '2025-10-30', '2025-11-13', NULL, 'LATE', 0);
INSERT INTO rentals (id, created_at, updated_at, user_id, book_id, rent_date, due_date, return_date, status, penalty_fee) VALUES (64, '2025-09-10 20:39:24.175646', '2025-09-10 20:39:24.175646', 8, 68, '2025-09-10', '2025-09-24', '2025-09-25', 'RETURNED', 5.0);
INSERT INTO rentals (id, created_at, updated_at, user_id, book_id, rent_date, due_date, return_date, status, penalty_fee) VALUES (65, '2025-11-12 20:39:24.175646', '2025-11-12 20:39:24.175646', 14, 157, '2025-11-12', '2025-11-26', '2025-11-28', 'RETURNED', 10.0);
INSERT INTO rentals (id, created_at, updated_at, user_id, book_id, rent_date, due_date, return_date, status, penalty_fee) VALUES (66, '2025-12-01 20:39:24.175646', '2025-12-01 20:39:24.175646', 13, 32, '2025-12-01', '2025-12-15', NULL, 'LATE', 0);
INSERT INTO rentals (id, created_at, updated_at, user_id, book_id, rent_date, due_date, return_date, status, penalty_fee) VALUES (67, '2025-08-25 20:39:24.175646', '2025-08-25 20:39:24.175646', 29, 45, '2025-08-25', '2025-09-08', NULL, 'LATE', 0);
INSERT INTO rentals (id, created_at, updated_at, user_id, book_id, rent_date, due_date, return_date, status, penalty_fee) VALUES (68, '2025-09-01 20:39:24.175646', '2025-09-01 20:39:24.175646', 6, 175, '2025-09-01', '2025-09-15', NULL, 'LATE', 0);
INSERT INTO rentals (id, created_at, updated_at, user_id, book_id, rent_date, due_date, return_date, status, penalty_fee) VALUES (69, '2025-12-10 20:39:24.175646', '2025-12-10 20:39:24.175646', 23, 182, '2025-12-10', '2025-12-24', '2025-12-20', 'RETURNED', 0);
INSERT INTO rentals (id, created_at, updated_at, user_id, book_id, rent_date, due_date, return_date, status, penalty_fee) VALUES (70, '2025-09-18 20:39:24.175646', '2025-09-18 20:39:24.175646', 20, 41, '2025-09-18', '2025-10-02', NULL, 'LATE', 0);
INSERT INTO rentals (id, created_at, updated_at, user_id, book_id, rent_date, due_date, return_date, status, penalty_fee) VALUES (71, '2025-10-14 20:39:24.175646', '2025-10-14 20:39:24.175646', 12, 93, '2025-10-14', '2025-10-28', '2025-10-21', 'RETURNED', 0);
INSERT INTO rentals (id, created_at, updated_at, user_id, book_id, rent_date, due_date, return_date, status, penalty_fee) VALUES (72, '2025-09-08 20:39:24.175646', '2025-09-08 20:39:24.175646', 9, 61, '2025-09-08', '2025-09-22', '2025-09-20', 'RETURNED', 0);
INSERT INTO rentals (id, created_at, updated_at, user_id, book_id, rent_date, due_date, return_date, status, penalty_fee) VALUES (73, '2025-09-07 20:39:24.175646', '2025-09-07 20:39:24.175646', 24, 120, '2025-09-07', '2025-09-21', NULL, 'LATE', 0);
INSERT INTO rentals (id, created_at, updated_at, user_id, book_id, rent_date, due_date, return_date, status, penalty_fee) VALUES (74, '2025-08-27 20:39:24.175646', '2025-08-27 20:39:24.175646', 9, 157, '2025-08-27', '2025-09-10', NULL, 'REQUESTED', 0);
INSERT INTO rentals (id, created_at, updated_at, user_id, book_id, rent_date, due_date, return_date, status, penalty_fee) VALUES (75, '2025-09-18 20:39:24.175646', '2025-09-18 20:39:24.175646', 20, 102, '2025-09-18', '2025-10-02', NULL, 'LATE', 0);
INSERT INTO rentals (id, created_at, updated_at, user_id, book_id, rent_date, due_date, return_date, status, penalty_fee) VALUES (76, '2025-09-11 20:39:24.175646', '2025-09-11 20:39:24.175646', 34, 106, '2025-09-11', '2025-09-25', '2025-09-30', 'RETURNED', 25.0);
INSERT INTO rentals (id, created_at, updated_at, user_id, book_id, rent_date, due_date, return_date, status, penalty_fee) VALUES (77, '2025-11-08 20:39:24.175646', '2025-11-08 20:39:24.175646', 5, 33, '2025-11-08', '2025-11-22', '2025-11-23', 'RETURNED', 5.0);
INSERT INTO rentals (id, created_at, updated_at, user_id, book_id, rent_date, due_date, return_date, status, penalty_fee) VALUES (78, '2025-10-13 20:39:24.175646', '2025-10-13 20:39:24.175646', 30, 175, '2025-10-13', '2025-10-27', '2025-10-31', 'RETURNED', 20.0);
INSERT INTO rentals (id, created_at, updated_at, user_id, book_id, rent_date, due_date, return_date, status, penalty_fee) VALUES (79, '2025-12-02 20:39:24.175646', '2025-12-02 20:39:24.175646', 12, 197, '2025-12-02', '2025-12-16', '2025-12-04', 'RETURNED', 0);
INSERT INTO rentals (id, created_at, updated_at, user_id, book_id, rent_date, due_date, return_date, status, penalty_fee) VALUES (80, '2025-11-29 20:39:24.175646', '2025-11-29 20:39:24.175646', 8, 133, '2025-11-29', '2025-12-13', '2025-12-05', 'RETURNED', 0);
INSERT INTO rentals (id, created_at, updated_at, user_id, book_id, rent_date, due_date, return_date, status, penalty_fee) VALUES (81, '2025-11-20 20:39:24.175646', '2025-11-20 20:39:24.175646', 21, 182, '2025-11-20', '2025-12-04', '2025-12-07', 'RETURNED', 15.0);
INSERT INTO rentals (id, created_at, updated_at, user_id, book_id, rent_date, due_date, return_date, status, penalty_fee) VALUES (82, '2025-11-16 20:39:24.175646', '2025-11-16 20:39:24.175646', 19, 21, '2025-11-16', '2025-11-30', NULL, 'REJECTED', 0);
INSERT INTO rentals (id, created_at, updated_at, user_id, book_id, rent_date, due_date, return_date, status, penalty_fee) VALUES (83, '2025-09-29 20:39:24.175646', '2025-09-29 20:39:24.175646', 18, 33, '2025-09-29', '2025-10-13', '2025-10-17', 'RETURNED', 20.0);
INSERT INTO rentals (id, created_at, updated_at, user_id, book_id, rent_date, due_date, return_date, status, penalty_fee) VALUES (84, '2025-09-27 20:39:24.175646', '2025-09-27 20:39:24.175646', 6, 129, '2025-09-27', '2025-10-11', NULL, 'REJECTED', 0);
INSERT INTO rentals (id, created_at, updated_at, user_id, book_id, rent_date, due_date, return_date, status, penalty_fee) VALUES (85, '2025-09-25 20:39:24.175646', '2025-09-25 20:39:24.175646', 10, 44, '2025-09-25', '2025-10-09', '2025-10-15', 'RETURNED', 30.0);
INSERT INTO rentals (id, created_at, updated_at, user_id, book_id, rent_date, due_date, return_date, status, penalty_fee) VALUES (86, '2025-12-13 20:39:24.175646', '2025-12-13 20:39:24.175646', 22, 145, '2025-12-13', '2025-12-27', NULL, 'APPROVED', 0);
INSERT INTO rentals (id, created_at, updated_at, user_id, book_id, rent_date, due_date, return_date, status, penalty_fee) VALUES (87, '2025-12-13 20:39:24.175646', '2025-12-13 20:39:24.175646', 2, 21, '2025-12-13', '2025-12-27', NULL, 'APPROVED', 0);
INSERT INTO rentals (id, created_at, updated_at, user_id, book_id, rent_date, due_date, return_date, status, penalty_fee) VALUES (88, '2025-11-22 20:39:24.175646', '2025-11-22 20:39:24.175646', 17, 167, '2025-11-22', '2025-12-06', NULL, 'LATE', 0);
INSERT INTO rentals (id, created_at, updated_at, user_id, book_id, rent_date, due_date, return_date, status, penalty_fee) VALUES (89, '2025-09-28 20:39:24.175646', '2025-09-28 20:39:24.175646', 27, 159, '2025-09-28', '2025-10-12', NULL, 'REQUESTED', 0);
INSERT INTO rentals (id, created_at, updated_at, user_id, book_id, rent_date, due_date, return_date, status, penalty_fee) VALUES (90, '2025-09-27 20:39:24.175646', '2025-09-27 20:39:24.175646', 35, 75, '2025-09-27', '2025-10-11', NULL, 'LATE', 0);
INSERT INTO rentals (id, created_at, updated_at, user_id, book_id, rent_date, due_date, return_date, status, penalty_fee) VALUES (91, '2025-09-06 20:39:24.175646', '2025-09-06 20:39:24.175646', 31, 63, '2025-09-06', '2025-09-20', NULL, 'LATE', 0);
INSERT INTO rentals (id, created_at, updated_at, user_id, book_id, rent_date, due_date, return_date, status, penalty_fee) VALUES (92, '2025-10-21 20:39:24.175646', '2025-10-21 20:39:24.175646', 26, 77, '2025-10-21', '2025-11-04', NULL, 'REQUESTED', 0);
INSERT INTO rentals (id, created_at, updated_at, user_id, book_id, rent_date, due_date, return_date, status, penalty_fee) VALUES (93, '2025-10-23 20:39:24.175646', '2025-10-23 20:39:24.175646', 4, 41, '2025-10-23', '2025-11-06', '2025-11-07', 'RETURNED', 5.0);
INSERT INTO rentals (id, created_at, updated_at, user_id, book_id, rent_date, due_date, return_date, status, penalty_fee) VALUES (94, '2025-10-02 20:39:24.175646', '2025-10-02 20:39:24.175646', 14, 88, '2025-10-02', '2025-10-16', NULL, 'REJECTED', 0);
INSERT INTO rentals (id, created_at, updated_at, user_id, book_id, rent_date, due_date, return_date, status, penalty_fee) VALUES (95, '2025-08-30 20:39:24.175646', '2025-08-30 20:39:24.175646', 21, 188, '2025-08-30', '2025-09-13', '2025-09-12', 'RETURNED', 0);
INSERT INTO rentals (id, created_at, updated_at, user_id, book_id, rent_date, due_date, return_date, status, penalty_fee) VALUES (96, '2025-11-01 20:39:24.175646', '2025-11-01 20:39:24.175646', 9, 195, '2025-11-01', '2025-11-15', '2025-11-05', 'RETURNED', 0);
INSERT INTO rentals (id, created_at, updated_at, user_id, book_id, rent_date, due_date, return_date, status, penalty_fee) VALUES (97, '2025-10-20 20:39:24.175646', '2025-10-20 20:39:24.175646', 21, 62, '2025-10-20', '2025-11-03', NULL, 'REJECTED', 0);
INSERT INTO rentals (id, created_at, updated_at, user_id, book_id, rent_date, due_date, return_date, status, penalty_fee) VALUES (98, '2025-11-30 20:39:24.175646', '2025-11-30 20:39:24.175646', 29, 64, '2025-11-30', '2025-12-14', NULL, 'REQUESTED', 0);
INSERT INTO rentals (id, created_at, updated_at, user_id, book_id, rent_date, due_date, return_date, status, penalty_fee) VALUES (99, '2025-08-30 20:39:24.175646', '2025-08-30 20:39:24.175646', 19, 99, '2025-08-30', '2025-09-13', '2025-09-07', 'RETURNED', 0);
INSERT INTO rentals (id, created_at, updated_at, user_id, book_id, rent_date, due_date, return_date, status, penalty_fee) VALUES (100, '2025-08-21 20:39:24.175646', '2025-08-21 20:39:24.175646', 11, 84, '2025-08-21', '2025-09-04', '2025-09-01', 'RETURNED', 0);
INSERT INTO rentals (id, created_at, updated_at, user_id, book_id, rent_date, due_date, return_date, status, penalty_fee) VALUES (101, '2025-11-28 20:39:24.175646', '2025-11-28 20:39:24.175646', 13, 196, '2025-11-28', '2025-12-12', '2025-12-15', 'RETURNED', 15.0);
INSERT INTO rentals (id, created_at, updated_at, user_id, book_id, rent_date, due_date, return_date, status, penalty_fee) VALUES (102, '2025-08-28 20:39:24.175646', '2025-08-28 20:39:24.175646', 30, 128, '2025-08-28', '2025-09-11', '2025-08-29', 'RETURNED', 0);
INSERT INTO rentals (id, created_at, updated_at, user_id, book_id, rent_date, due_date, return_date, status, penalty_fee) VALUES (103, '2025-10-15 20:39:24.175646', '2025-10-15 20:39:24.175646', 6, 101, '2025-10-15', '2025-10-29', '2025-10-23', 'RETURNED', 0);
INSERT INTO rentals (id, created_at, updated_at, user_id, book_id, rent_date, due_date, return_date, status, penalty_fee) VALUES (104, '2025-11-03 20:39:24.175646', '2025-11-03 20:39:24.175646', 14, 150, '2025-11-03', '2025-11-17', NULL, 'REQUESTED', 0);
INSERT INTO rentals (id, created_at, updated_at, user_id, book_id, rent_date, due_date, return_date, status, penalty_fee) VALUES (105, '2025-10-03 20:39:24.175646', '2025-10-03 20:39:24.175646', 19, 127, '2025-10-03', '2025-10-17', NULL, 'LATE', 0);
INSERT INTO rentals (id, created_at, updated_at, user_id, book_id, rent_date, due_date, return_date, status, penalty_fee) VALUES (106, '2025-10-11 20:39:24.175646', '2025-10-11 20:39:24.175646', 31, 74, '2025-10-11', '2025-10-25', NULL, 'REQUESTED', 0);
INSERT INTO rentals (id, created_at, updated_at, user_id, book_id, rent_date, due_date, return_date, status, penalty_fee) VALUES (107, '2025-12-01 20:39:24.175646', '2025-12-01 20:39:24.175646', 7, 111, '2025-12-01', '2025-12-15', NULL, 'LATE', 0);
INSERT INTO rentals (id, created_at, updated_at, user_id, book_id, rent_date, due_date, return_date, status, penalty_fee) VALUES (108, '2025-10-28 20:39:24.175646', '2025-10-28 20:39:24.175646', 24, 196, '2025-10-28', '2025-11-11', '2025-11-10', 'RETURNED', 0);
INSERT INTO rentals (id, created_at, updated_at, user_id, book_id, rent_date, due_date, return_date, status, penalty_fee) VALUES (109, '2025-10-08 20:39:24.175646', '2025-10-08 20:39:24.175646', 4, 146, '2025-10-08', '2025-10-22', NULL, 'REJECTED', 0);
INSERT INTO rentals (id, created_at, updated_at, user_id, book_id, rent_date, due_date, return_date, status, penalty_fee) VALUES (110, '2025-10-30 20:39:24.175646', '2025-10-30 20:39:24.175646', 19, 19, '2025-10-30', '2025-11-13', '2025-11-17', 'RETURNED', 20.0);
INSERT INTO rentals (id, created_at, updated_at, user_id, book_id, rent_date, due_date, return_date, status, penalty_fee) VALUES (111, '2025-09-22 20:39:24.175646', '2025-09-22 20:39:24.175646', 18, 160, '2025-09-22', '2025-10-06', '2025-09-27', 'RETURNED', 0);
INSERT INTO rentals (id, created_at, updated_at, user_id, book_id, rent_date, due_date, return_date, status, penalty_fee) VALUES (112, '2025-11-01 20:39:24.175646', '2025-11-01 20:39:24.175646', 7, 101, '2025-11-01', '2025-11-15', NULL, 'LATE', 0);
INSERT INTO rentals (id, created_at, updated_at, user_id, book_id, rent_date, due_date, return_date, status, penalty_fee) VALUES (113, '2025-08-20 20:39:24.175646', '2025-08-20 20:39:24.175646', 22, 143, '2025-08-20', '2025-09-03', '2025-08-25', 'RETURNED', 0);
INSERT INTO rentals (id, created_at, updated_at, user_id, book_id, rent_date, due_date, return_date, status, penalty_fee) VALUES (114, '2025-10-14 20:39:24.175646', '2025-10-14 20:39:24.175646', 13, 155, '2025-10-14', '2025-10-28', '2025-10-16', 'RETURNED', 0);
INSERT INTO rentals (id, created_at, updated_at, user_id, book_id, rent_date, due_date, return_date, status, penalty_fee) VALUES (115, '2025-12-01 20:39:24.175646', '2025-12-01 20:39:24.175646', 3, 10, '2025-12-01', '2025-12-15', NULL, 'LATE', 0);
INSERT INTO rentals (id, created_at, updated_at, user_id, book_id, rent_date, due_date, return_date, status, penalty_fee) VALUES (116, '2025-10-21 20:39:24.175646', '2025-10-21 20:39:24.175646', 31, 133, '2025-10-21', '2025-11-04', NULL, 'REJECTED', 0);
INSERT INTO rentals (id, created_at, updated_at, user_id, book_id, rent_date, due_date, return_date, status, penalty_fee) VALUES (117, '2025-11-07 20:39:24.175646', '2025-11-07 20:39:24.175646', 33, 36, '2025-11-07', '2025-11-21', NULL, 'LATE', 0);
INSERT INTO rentals (id, created_at, updated_at, user_id, book_id, rent_date, due_date, return_date, status, penalty_fee) VALUES (118, '2025-10-29 20:39:24.175646', '2025-10-29 20:39:24.175646', 21, 42, '2025-10-29', '2025-11-12', NULL, 'LATE', 0);
INSERT INTO rentals (id, created_at, updated_at, user_id, book_id, rent_date, due_date, return_date, status, penalty_fee) VALUES (119, '2025-11-05 20:39:24.175646', '2025-11-05 20:39:24.175646', 20, 152, '2025-11-05', '2025-11-19', '2025-11-22', 'RETURNED', 15.0);
INSERT INTO rentals (id, created_at, updated_at, user_id, book_id, rent_date, due_date, return_date, status, penalty_fee) VALUES (120, '2025-09-19 20:39:24.175646', '2025-09-19 20:39:24.175646', 35, 126, '2025-09-19', '2025-10-03', '2025-10-05', 'RETURNED', 10.0);
INSERT INTO rentals (id, created_at, updated_at, user_id, book_id, rent_date, due_date, return_date, status, penalty_fee) VALUES (121, '2025-11-06 20:39:24.175646', '2025-11-06 20:39:24.175646', 2, 95, '2025-11-06', '2025-11-20', '2025-11-20', 'RETURNED', 0);
INSERT INTO rentals (id, created_at, updated_at, user_id, book_id, rent_date, due_date, return_date, status, penalty_fee) VALUES (122, '2025-08-29 20:39:24.175646', '2025-08-29 20:39:24.175646', 20, 186, '2025-08-29', '2025-09-12', '2025-08-30', 'RETURNED', 0);
INSERT INTO rentals (id, created_at, updated_at, user_id, book_id, rent_date, due_date, return_date, status, penalty_fee) VALUES (123, '2025-09-26 20:39:24.175646', '2025-09-26 20:39:24.175646', 31, 68, '2025-09-26', '2025-10-10', NULL, 'LATE', 0);
INSERT INTO rentals (id, created_at, updated_at, user_id, book_id, rent_date, due_date, return_date, status, penalty_fee) VALUES (124, '2025-12-12 20:39:24.175646', '2025-12-12 20:39:24.175646', 15, 185, '2025-12-12', '2025-12-26', '2025-12-18', 'RETURNED', 0);
INSERT INTO rentals (id, created_at, updated_at, user_id, book_id, rent_date, due_date, return_date, status, penalty_fee) VALUES (125, '2025-09-17 20:39:24.175646', '2025-09-17 20:39:24.175646', 34, 162, '2025-09-17', '2025-10-01', '2025-09-30', 'RETURNED', 0);
INSERT INTO rentals (id, created_at, updated_at, user_id, book_id, rent_date, due_date, return_date, status, penalty_fee) VALUES (126, '2025-11-17 20:39:24.175646', '2025-11-17 20:39:24.175646', 10, 175, '2025-11-17', '2025-12-01', NULL, 'REQUESTED', 0);
INSERT INTO rentals (id, created_at, updated_at, user_id, book_id, rent_date, due_date, return_date, status, penalty_fee) VALUES (127, '2025-12-16 20:39:24.175646', '2025-12-16 20:39:24.175646', 8, 49, '2025-12-16', '2025-12-30', '2025-12-30', 'RETURNED', 0);
INSERT INTO rentals (id, created_at, updated_at, user_id, book_id, rent_date, due_date, return_date, status, penalty_fee) VALUES (128, '2025-09-21 20:39:24.175646', '2025-09-21 20:39:24.175646', 10, 106, '2025-09-21', '2025-10-05', '2025-10-08', 'RETURNED', 15.0);
INSERT INTO rentals (id, created_at, updated_at, user_id, book_id, rent_date, due_date, return_date, status, penalty_fee) VALUES (129, '2025-09-16 20:39:24.175646', '2025-09-16 20:39:24.175646', 31, 189, '2025-09-16', '2025-09-30', NULL, 'REQUESTED', 0);
INSERT INTO rentals (id, created_at, updated_at, user_id, book_id, rent_date, due_date, return_date, status, penalty_fee) VALUES (130, '2025-11-22 20:39:24.175646', '2025-11-22 20:39:24.175646', 9, 133, '2025-11-22', '2025-12-06', '2025-12-08', 'RETURNED', 10.0);
INSERT INTO rentals (id, created_at, updated_at, user_id, book_id, rent_date, due_date, return_date, status, penalty_fee) VALUES (131, '2025-11-08 20:39:24.175646', '2025-11-08 20:39:24.175646', 34, 97, '2025-11-08', '2025-11-22', NULL, 'LATE', 0);
INSERT INTO rentals (id, created_at, updated_at, user_id, book_id, rent_date, due_date, return_date, status, penalty_fee) VALUES (132, '2025-11-05 20:39:24.175646', '2025-11-05 20:39:24.175646', 30, 137, '2025-11-05', '2025-11-19', '2025-11-14', 'RETURNED', 0);
INSERT INTO rentals (id, created_at, updated_at, user_id, book_id, rent_date, due_date, return_date, status, penalty_fee) VALUES (133, '2025-11-17 20:39:24.175646', '2025-11-17 20:39:24.175646', 31, 50, '2025-11-17', '2025-12-01', '2025-11-27', 'RETURNED', 0);
INSERT INTO rentals (id, created_at, updated_at, user_id, book_id, rent_date, due_date, return_date, status, penalty_fee) VALUES (134, '2025-09-11 20:39:24.175646', '2025-09-11 20:39:24.175646', 15, 77, '2025-09-11', '2025-09-25', '2025-09-18', 'RETURNED', 0);
INSERT INTO rentals (id, created_at, updated_at, user_id, book_id, rent_date, due_date, return_date, status, penalty_fee) VALUES (135, '2025-10-18 20:39:24.175646', '2025-10-18 20:39:24.175646', 32, 82, '2025-10-18', '2025-11-01', '2025-10-27', 'RETURNED', 0);
INSERT INTO rentals (id, created_at, updated_at, user_id, book_id, rent_date, due_date, return_date, status, penalty_fee) VALUES (136, '2025-10-06 20:39:24.175646', '2025-10-06 20:39:24.175646', 19, 32, '2025-10-06', '2025-10-20', '2025-10-19', 'RETURNED', 0);
INSERT INTO rentals (id, created_at, updated_at, user_id, book_id, rent_date, due_date, return_date, status, penalty_fee) VALUES (137, '2025-09-11 20:39:24.175646', '2025-09-11 20:39:24.175646', 26, 89, '2025-09-11', '2025-09-25', NULL, 'LATE', 0);
INSERT INTO rentals (id, created_at, updated_at, user_id, book_id, rent_date, due_date, return_date, status, penalty_fee) VALUES (138, '2025-11-12 20:39:24.175646', '2025-11-12 20:39:24.175646', 19, 11, '2025-11-12', '2025-11-26', NULL, 'LATE', 0);
INSERT INTO rentals (id, created_at, updated_at, user_id, book_id, rent_date, due_date, return_date, status, penalty_fee) VALUES (139, '2025-08-22 20:39:24.175646', '2025-08-22 20:39:24.175646', 6, 89, '2025-08-22', '2025-09-05', '2025-08-31', 'RETURNED', 0);
INSERT INTO rentals (id, created_at, updated_at, user_id, book_id, rent_date, due_date, return_date, status, penalty_fee) VALUES (140, '2025-11-23 20:39:24.175646', '2025-11-23 20:39:24.175646', 31, 55, '2025-11-23', '2025-12-07', NULL, 'LATE', 0);
INSERT INTO rentals (id, created_at, updated_at, user_id, book_id, rent_date, due_date, return_date, status, penalty_fee) VALUES (141, '2025-09-20 20:39:24.175646', '2025-09-20 20:39:24.175646', 18, 144, '2025-09-20', '2025-10-04', '2025-09-24', 'RETURNED', 0);
INSERT INTO rentals (id, created_at, updated_at, user_id, book_id, rent_date, due_date, return_date, status, penalty_fee) VALUES (142, '2025-12-12 20:39:24.175646', '2025-12-12 20:39:24.175646', 16, 63, '2025-12-12', '2025-12-26', '2025-12-29', 'RETURNED', 15.0);
INSERT INTO rentals (id, created_at, updated_at, user_id, book_id, rent_date, due_date, return_date, status, penalty_fee) VALUES (143, '2025-11-19 20:39:24.175646', '2025-11-19 20:39:24.175646', 15, 164, '2025-11-19', '2025-12-03', NULL, 'REQUESTED', 0);
INSERT INTO rentals (id, created_at, updated_at, user_id, book_id, rent_date, due_date, return_date, status, penalty_fee) VALUES (144, '2025-09-18 20:39:24.175646', '2025-09-18 20:39:24.175646', 27, 85, '2025-09-18', '2025-10-02', '2025-09-23', 'RETURNED', 0);
INSERT INTO rentals (id, created_at, updated_at, user_id, book_id, rent_date, due_date, return_date, status, penalty_fee) VALUES (145, '2025-08-22 20:39:24.175646', '2025-08-22 20:39:24.175646', 1, 141, '2025-08-22', '2025-09-05', NULL, 'REJECTED', 0);
INSERT INTO rentals (id, created_at, updated_at, user_id, book_id, rent_date, due_date, return_date, status, penalty_fee) VALUES (146, '2025-09-26 20:39:24.175646', '2025-09-26 20:39:24.175646', 31, 123, '2025-09-26', '2025-10-10', NULL, 'REJECTED', 0);
INSERT INTO rentals (id, created_at, updated_at, user_id, book_id, rent_date, due_date, return_date, status, penalty_fee) VALUES (147, '2025-11-12 20:39:24.175646', '2025-11-12 20:39:24.175646', 19, 83, '2025-11-12', '2025-11-26', '2025-11-15', 'RETURNED', 0);
INSERT INTO rentals (id, created_at, updated_at, user_id, book_id, rent_date, due_date, return_date, status, penalty_fee) VALUES (148, '2025-09-15 20:39:24.175646', '2025-09-15 20:39:24.175646', 15, 137, '2025-09-15', '2025-09-29', NULL, 'LATE', 0);
INSERT INTO rentals (id, created_at, updated_at, user_id, book_id, rent_date, due_date, return_date, status, penalty_fee) VALUES (149, '2025-10-26 20:39:24.175646', '2025-10-26 20:39:24.175646', 3, 45, '2025-10-26', '2025-11-09', NULL, 'LATE', 0);
INSERT INTO rentals (id, created_at, updated_at, user_id, book_id, rent_date, due_date, return_date, status, penalty_fee) VALUES (150, '2025-09-02 20:39:24.175646', '2025-09-02 20:39:24.175646', 12, 10, '2025-09-02', '2025-09-16', '2025-09-18', 'RETURNED', 10.0);
INSERT INTO rentals (id, created_at, updated_at, user_id, book_id, rent_date, due_date, return_date, status, penalty_fee) VALUES (151, '2025-08-29 20:39:24.175646', '2025-08-29 20:39:24.175646', 12, 192, '2025-08-29', '2025-09-12', NULL, 'LATE', 0);
INSERT INTO rentals (id, created_at, updated_at, user_id, book_id, rent_date, due_date, return_date, status, penalty_fee) VALUES (152, '2025-11-10 20:39:24.175646', '2025-11-10 20:39:24.175646', 3, 3, '2025-11-10', '2025-11-24', '2025-11-14', 'RETURNED', 0);
INSERT INTO rentals (id, created_at, updated_at, user_id, book_id, rent_date, due_date, return_date, status, penalty_fee) VALUES (153, '2025-10-21 20:39:24.175646', '2025-10-21 20:39:24.175646', 22, 73, '2025-10-21', '2025-11-04', NULL, 'LATE', 0);
INSERT INTO rentals (id, created_at, updated_at, user_id, book_id, rent_date, due_date, return_date, status, penalty_fee) VALUES (154, '2025-10-16 20:39:24.175646', '2025-10-16 20:39:24.175646', 35, 135, '2025-10-16', '2025-10-30', NULL, 'LATE', 0);
INSERT INTO rentals (id, created_at, updated_at, user_id, book_id, rent_date, due_date, return_date, status, penalty_fee) VALUES (155, '2025-10-20 20:39:24.175646', '2025-10-20 20:39:24.175646', 9, 130, '2025-10-20', '2025-11-03', '2025-10-24', 'RETURNED', 0);
INSERT INTO rentals (id, created_at, updated_at, user_id, book_id, rent_date, due_date, return_date, status, penalty_fee) VALUES (156, '2025-09-16 20:39:24.175646', '2025-09-16 20:39:24.175646', 22, 42, '2025-09-16', '2025-09-30', '2025-09-25', 'RETURNED', 0);
INSERT INTO rentals (id, created_at, updated_at, user_id, book_id, rent_date, due_date, return_date, status, penalty_fee) VALUES (157, '2025-09-15 20:39:24.175646', '2025-09-15 20:39:24.175646', 12, 4, '2025-09-15', '2025-09-29', '2025-09-25', 'RETURNED', 0);
INSERT INTO rentals (id, created_at, updated_at, user_id, book_id, rent_date, due_date, return_date, status, penalty_fee) VALUES (158, '2025-10-01 20:39:24.175646', '2025-10-01 20:39:24.175646', 13, 45, '2025-10-01', '2025-10-15', NULL, 'LATE', 0);
INSERT INTO rentals (id, created_at, updated_at, user_id, book_id, rent_date, due_date, return_date, status, penalty_fee) VALUES (159, '2025-10-14 20:39:24.175646', '2025-10-14 20:39:24.175646', 26, 110, '2025-10-14', '2025-10-28', '2025-10-27', 'RETURNED', 0);
INSERT INTO rentals (id, created_at, updated_at, user_id, book_id, rent_date, due_date, return_date, status, penalty_fee) VALUES (160, '2025-12-01 20:39:24.175646', '2025-12-01 20:39:24.175646', 7, 48, '2025-12-01', '2025-12-15', '2025-12-09', 'RETURNED', 0);
INSERT INTO rentals (id, created_at, updated_at, user_id, book_id, rent_date, due_date, return_date, status, penalty_fee) VALUES (161, '2025-10-30 20:39:24.175646', '2025-10-30 20:39:24.175646', 1, 67, '2025-10-30', '2025-11-13', '2025-11-08', 'RETURNED', 0);
INSERT INTO rentals (id, created_at, updated_at, user_id, book_id, rent_date, due_date, return_date, status, penalty_fee) VALUES (162, '2025-10-05 20:39:24.175646', '2025-10-05 20:39:24.175646', 22, 78, '2025-10-05', '2025-10-19', NULL, 'LATE', 0);
INSERT INTO rentals (id, created_at, updated_at, user_id, book_id, rent_date, due_date, return_date, status, penalty_fee) VALUES (163, '2025-09-26 20:39:24.175646', '2025-09-26 20:39:24.175646', 1, 67, '2025-09-26', '2025-10-10', '2025-10-04', 'RETURNED', 0);
INSERT INTO rentals (id, created_at, updated_at, user_id, book_id, rent_date, due_date, return_date, status, penalty_fee) VALUES (164, '2025-12-03 20:39:24.175646', '2025-12-03 20:39:24.175646', 4, 171, '2025-12-03', '2025-12-17', '2025-12-09', 'RETURNED', 0);
INSERT INTO rentals (id, created_at, updated_at, user_id, book_id, rent_date, due_date, return_date, status, penalty_fee) VALUES (165, '2025-10-15 20:39:24.175646', '2025-10-15 20:39:24.175646', 26, 176, '2025-10-15', '2025-10-29', NULL, 'LATE', 0);
INSERT INTO rentals (id, created_at, updated_at, user_id, book_id, rent_date, due_date, return_date, status, penalty_fee) VALUES (166, '2025-12-03 20:39:24.175646', '2025-12-03 20:39:24.175646', 20, 177, '2025-12-03', '2025-12-17', '2025-12-13', 'RETURNED', 0);
INSERT INTO rentals (id, created_at, updated_at, user_id, book_id, rent_date, due_date, return_date, status, penalty_fee) VALUES (167, '2025-11-20 20:39:24.175646', '2025-11-20 20:39:24.175646', 24, 158, '2025-11-20', '2025-12-04', '2025-11-25', 'RETURNED', 0);
INSERT INTO rentals (id, created_at, updated_at, user_id, book_id, rent_date, due_date, return_date, status, penalty_fee) VALUES (168, '2025-10-21 20:39:24.175646', '2025-10-21 20:39:24.175646', 31, 40, '2025-10-21', '2025-11-04', NULL, 'LATE', 0);
INSERT INTO rentals (id, created_at, updated_at, user_id, book_id, rent_date, due_date, return_date, status, penalty_fee) VALUES (169, '2025-09-20 20:39:24.175646', '2025-09-20 20:39:24.175646', 24, 107, '2025-09-20', '2025-10-04', '2025-10-06', 'RETURNED', 10.0);
INSERT INTO rentals (id, created_at, updated_at, user_id, book_id, rent_date, due_date, return_date, status, penalty_fee) VALUES (170, '2025-09-04 20:39:24.175646', '2025-09-04 20:39:24.175646', 35, 171, '2025-09-04', '2025-09-18', '2025-09-12', 'RETURNED', 0);
INSERT INTO rentals (id, created_at, updated_at, user_id, book_id, rent_date, due_date, return_date, status, penalty_fee) VALUES (171, '2025-10-22 20:39:24.175646', '2025-10-22 20:39:24.175646', 6, 135, '2025-10-22', '2025-11-05', '2025-11-03', 'RETURNED', 0);
INSERT INTO rentals (id, created_at, updated_at, user_id, book_id, rent_date, due_date, return_date, status, penalty_fee) VALUES (172, '2025-12-04 20:39:24.175646', '2025-12-04 20:39:24.175646', 5, 145, '2025-12-04', '2025-12-18', NULL, 'REQUESTED', 0);
INSERT INTO rentals (id, created_at, updated_at, user_id, book_id, rent_date, due_date, return_date, status, penalty_fee) VALUES (173, '2025-10-06 20:39:24.175646', '2025-10-06 20:39:24.175646', 33, 52, '2025-10-06', '2025-10-20', '2025-10-12', 'RETURNED', 0);
INSERT INTO rentals (id, created_at, updated_at, user_id, book_id, rent_date, due_date, return_date, status, penalty_fee) VALUES (174, '2025-10-23 20:39:24.175646', '2025-10-23 20:39:24.175646', 21, 134, '2025-10-23', '2025-11-06', NULL, 'REJECTED', 0);
INSERT INTO rentals (id, created_at, updated_at, user_id, book_id, rent_date, due_date, return_date, status, penalty_fee) VALUES (175, '2025-10-05 20:39:24.175646', '2025-10-05 20:39:24.175646', 14, 184, '2025-10-05', '2025-10-19', '2025-10-22', 'RETURNED', 15.0);
INSERT INTO rentals (id, created_at, updated_at, user_id, book_id, rent_date, due_date, return_date, status, penalty_fee) VALUES (176, '2025-10-21 20:39:24.175646', '2025-10-21 20:39:24.175646', 29, 15, '2025-10-21', '2025-11-04', NULL, 'REJECTED', 0);
INSERT INTO rentals (id, created_at, updated_at, user_id, book_id, rent_date, due_date, return_date, status, penalty_fee) VALUES (177, '2025-10-07 20:39:24.175646', '2025-10-07 20:39:24.175646', 27, 117, '2025-10-07', '2025-10-21', NULL, 'REQUESTED', 0);
INSERT INTO rentals (id, created_at, updated_at, user_id, book_id, rent_date, due_date, return_date, status, penalty_fee) VALUES (178, '2025-09-06 20:39:24.175646', '2025-09-06 20:39:24.175646', 30, 173, '2025-09-06', '2025-09-20', '2025-09-07', 'RETURNED', 0);
INSERT INTO rentals (id, created_at, updated_at, user_id, book_id, rent_date, due_date, return_date, status, penalty_fee) VALUES (179, '2025-09-05 20:39:24.175646', '2025-09-05 20:39:24.175646', 26, 66, '2025-09-05', '2025-09-19', NULL, 'REQUESTED', 0);
INSERT INTO rentals (id, created_at, updated_at, user_id, book_id, rent_date, due_date, return_date, status, penalty_fee) VALUES (180, '2025-12-09 20:39:24.175646', '2025-12-09 20:39:24.175646', 14, 149, '2025-12-09', '2025-12-23', NULL, 'REQUESTED', 0);
INSERT INTO rentals (id, created_at, updated_at, user_id, book_id, rent_date, due_date, return_date, status, penalty_fee) VALUES (181, '2025-12-10 20:39:24.175646', '2025-12-10 20:39:24.175646', 23, 180, '2025-12-10', '2025-12-24', '2025-12-12', 'RETURNED', 0);
INSERT INTO rentals (id, created_at, updated_at, user_id, book_id, rent_date, due_date, return_date, status, penalty_fee) VALUES (182, '2025-12-14 20:39:24.175646', '2025-12-14 20:39:24.175646', 5, 121, '2025-12-14', '2025-12-28', '2025-12-20', 'RETURNED', 0);
INSERT INTO rentals (id, created_at, updated_at, user_id, book_id, rent_date, due_date, return_date, status, penalty_fee) VALUES (183, '2025-09-27 20:39:24.175646', '2025-09-27 20:39:24.175646', 9, 197, '2025-09-27', '2025-10-11', NULL, 'LATE', 0);
INSERT INTO rentals (id, created_at, updated_at, user_id, book_id, rent_date, due_date, return_date, status, penalty_fee) VALUES (184, '2025-08-26 20:39:24.175646', '2025-08-26 20:39:24.175646', 27, 96, '2025-08-26', '2025-09-09', '2025-09-08', 'RETURNED', 0);
INSERT INTO rentals (id, created_at, updated_at, user_id, book_id, rent_date, due_date, return_date, status, penalty_fee) VALUES (185, '2025-09-22 20:39:24.175646', '2025-09-22 20:39:24.175646', 25, 21, '2025-09-22', '2025-10-06', NULL, 'LATE', 0);
INSERT INTO rentals (id, created_at, updated_at, user_id, book_id, rent_date, due_date, return_date, status, penalty_fee) VALUES (186, '2025-09-26 20:39:24.175646', '2025-09-26 20:39:24.175646', 35, 35, '2025-09-26', '2025-10-10', NULL, 'LATE', 0);
INSERT INTO rentals (id, created_at, updated_at, user_id, book_id, rent_date, due_date, return_date, status, penalty_fee) VALUES (187, '2025-10-11 20:39:24.175646', '2025-10-11 20:39:24.175646', 8, 46, '2025-10-11', '2025-10-25', '2025-10-16', 'RETURNED', 0);
INSERT INTO rentals (id, created_at, updated_at, user_id, book_id, rent_date, due_date, return_date, status, penalty_fee) VALUES (188, '2025-09-13 20:39:24.175646', '2025-09-13 20:39:24.175646', 15, 1, '2025-09-13', '2025-09-27', NULL, 'REQUESTED', 0);
INSERT INTO rentals (id, created_at, updated_at, user_id, book_id, rent_date, due_date, return_date, status, penalty_fee) VALUES (189, '2025-09-23 20:39:24.175646', '2025-09-23 20:39:24.175646', 20, 119, '2025-09-23', '2025-10-07', NULL, 'LATE', 0);
INSERT INTO rentals (id, created_at, updated_at, user_id, book_id, rent_date, due_date, return_date, status, penalty_fee) VALUES (190, '2025-10-31 20:39:24.175646', '2025-10-31 20:39:24.175646', 28, 137, '2025-10-31', '2025-11-14', NULL, 'LATE', 0);
INSERT INTO rentals (id, created_at, updated_at, user_id, book_id, rent_date, due_date, return_date, status, penalty_fee) VALUES (191, '2025-11-04 20:39:24.175646', '2025-11-04 20:39:24.175646', 16, 118, '2025-11-04', '2025-11-18', NULL, 'REJECTED', 0);
INSERT INTO rentals (id, created_at, updated_at, user_id, book_id, rent_date, due_date, return_date, status, penalty_fee) VALUES (192, '2025-09-12 20:39:24.175646', '2025-09-12 20:39:24.175646', 13, 186, '2025-09-12', '2025-09-26', NULL, 'REJECTED', 0);
INSERT INTO rentals (id, created_at, updated_at, user_id, book_id, rent_date, due_date, return_date, status, penalty_fee) VALUES (193, '2025-09-11 20:39:24.175646', '2025-09-11 20:39:24.175646', 27, 158, '2025-09-11', '2025-09-25', NULL, 'LATE', 0);
INSERT INTO rentals (id, created_at, updated_at, user_id, book_id, rent_date, due_date, return_date, status, penalty_fee) VALUES (194, '2025-11-22 20:39:24.175646', '2025-11-22 20:39:24.175646', 2, 62, '2025-11-22', '2025-12-06', NULL, 'REQUESTED', 0);
INSERT INTO rentals (id, created_at, updated_at, user_id, book_id, rent_date, due_date, return_date, status, penalty_fee) VALUES (195, '2025-10-03 20:39:24.175646', '2025-10-03 20:39:24.175646', 3, 115, '2025-10-03', '2025-10-17', '2025-10-05', 'RETURNED', 0);
INSERT INTO rentals (id, created_at, updated_at, user_id, book_id, rent_date, due_date, return_date, status, penalty_fee) VALUES (196, '2025-12-13 20:39:24.175646', '2025-12-13 20:39:24.175646', 16, 190, '2025-12-13', '2025-12-27', '2025-12-21', 'RETURNED', 0);
INSERT INTO rentals (id, created_at, updated_at, user_id, book_id, rent_date, due_date, return_date, status, penalty_fee) VALUES (197, '2025-09-13 20:39:24.175646', '2025-09-13 20:39:24.175646', 35, 56, '2025-09-13', '2025-09-27', NULL, 'LATE', 0);
INSERT INTO rentals (id, created_at, updated_at, user_id, book_id, rent_date, due_date, return_date, status, penalty_fee) VALUES (198, '2025-10-15 20:39:24.175646', '2025-10-15 20:39:24.175646', 4, 36, '2025-10-15', '2025-10-29', NULL, 'LATE', 0);
INSERT INTO rentals (id, created_at, updated_at, user_id, book_id, rent_date, due_date, return_date, status, penalty_fee) VALUES (199, '2025-10-06 20:39:24.175646', '2025-10-06 20:39:24.175646', 15, 188, '2025-10-06', '2025-10-20', '2025-10-26', 'RETURNED', 30.0);
INSERT INTO rentals (id, created_at, updated_at, user_id, book_id, rent_date, due_date, return_date, status, penalty_fee) VALUES (200, '2025-11-10 20:39:24.175646', '2025-11-10 20:39:24.175646', 21, 61, '2025-11-10', '2025-11-24', NULL, 'LATE', 0);
INSERT INTO rentals (id, created_at, updated_at, user_id, book_id, rent_date, due_date, return_date, status, penalty_fee) VALUES (201, '2025-10-27 20:39:24.175646', '2025-10-27 20:39:24.175646', 34, 57, '2025-10-27', '2025-11-10', '2025-10-29', 'RETURNED', 0);
INSERT INTO rentals (id, created_at, updated_at, user_id, book_id, rent_date, due_date, return_date, status, penalty_fee) VALUES (202, '2025-09-23 20:39:24.175646', '2025-09-23 20:39:24.175646', 12, 161, '2025-09-23', '2025-10-07', '2025-10-09', 'RETURNED', 10.0);
INSERT INTO rentals (id, created_at, updated_at, user_id, book_id, rent_date, due_date, return_date, status, penalty_fee) VALUES (203, '2025-08-20 20:39:24.175646', '2025-08-20 20:39:24.175646', 4, 89, '2025-08-20', '2025-09-03', '2025-09-02', 'RETURNED', 0);
INSERT INTO rentals (id, created_at, updated_at, user_id, book_id, rent_date, due_date, return_date, status, penalty_fee) VALUES (204, '2025-09-20 20:39:24.175646', '2025-09-20 20:39:24.175646', 34, 82, '2025-09-20', '2025-10-04', '2025-09-25', 'RETURNED', 0);
INSERT INTO rentals (id, created_at, updated_at, user_id, book_id, rent_date, due_date, return_date, status, penalty_fee) VALUES (205, '2025-11-25 20:39:24.175646', '2025-11-25 20:39:24.175646', 20, 97, '2025-11-25', '2025-12-09', NULL, 'LATE', 0);
INSERT INTO rentals (id, created_at, updated_at, user_id, book_id, rent_date, due_date, return_date, status, penalty_fee) VALUES (206, '2025-09-01 20:39:24.175646', '2025-09-01 20:39:24.175646', 31, 62, '2025-09-01', '2025-09-15', '2025-09-06', 'RETURNED', 0);
INSERT INTO rentals (id, created_at, updated_at, user_id, book_id, rent_date, due_date, return_date, status, penalty_fee) VALUES (207, '2025-10-08 20:39:24.175646', '2025-10-08 20:39:24.175646', 30, 15, '2025-10-08', '2025-10-22', '2025-10-22', 'RETURNED', 0);
INSERT INTO rentals (id, created_at, updated_at, user_id, book_id, rent_date, due_date, return_date, status, penalty_fee) VALUES (208, '2025-10-30 20:39:24.175646', '2025-10-30 20:39:24.175646', 34, 35, '2025-10-30', '2025-11-13', '2025-11-06', 'RETURNED', 0);
INSERT INTO rentals (id, created_at, updated_at, user_id, book_id, rent_date, due_date, return_date, status, penalty_fee) VALUES (209, '2025-12-08 20:39:24.175646', '2025-12-08 20:39:24.175646', 22, 166, '2025-12-08', '2025-12-22', NULL, 'APPROVED', 0);
INSERT INTO rentals (id, created_at, updated_at, user_id, book_id, rent_date, due_date, return_date, status, penalty_fee) VALUES (210, '2025-10-11 20:39:24.175646', '2025-10-11 20:39:24.175646', 24, 24, '2025-10-11', '2025-10-25', NULL, 'LATE', 0);
INSERT INTO rentals (id, created_at, updated_at, user_id, book_id, rent_date, due_date, return_date, status, penalty_fee) VALUES (211, '2025-11-14 20:39:24.175646', '2025-11-14 20:39:24.175646', 13, 14, '2025-11-14', '2025-11-28', '2025-12-04', 'RETURNED', 30.0);
INSERT INTO rentals (id, created_at, updated_at, user_id, book_id, rent_date, due_date, return_date, status, penalty_fee) VALUES (212, '2025-11-24 20:39:24.175646', '2025-11-24 20:39:24.175646', 3, 19, '2025-11-24', '2025-12-08', NULL, 'LATE', 0);
INSERT INTO rentals (id, created_at, updated_at, user_id, book_id, rent_date, due_date, return_date, status, penalty_fee) VALUES (213, '2025-11-22 20:39:24.175646', '2025-11-22 20:39:24.175646', 14, 123, '2025-11-22', '2025-12-06', NULL, 'LATE', 0);
INSERT INTO rentals (id, created_at, updated_at, user_id, book_id, rent_date, due_date, return_date, status, penalty_fee) VALUES (214, '2025-08-24 20:39:24.175646', '2025-08-24 20:39:24.175646', 22, 78, '2025-08-24', '2025-09-07', NULL, 'REQUESTED', 0);
INSERT INTO rentals (id, created_at, updated_at, user_id, book_id, rent_date, due_date, return_date, status, penalty_fee) VALUES (215, '2025-12-03 20:39:24.175646', '2025-12-03 20:39:24.175646', 13, 190, '2025-12-03', '2025-12-17', NULL, 'LATE', 0);
INSERT INTO rentals (id, created_at, updated_at, user_id, book_id, rent_date, due_date, return_date, status, penalty_fee) VALUES (216, '2025-09-20 20:39:24.175646', '2025-09-20 20:39:24.175646', 31, 63, '2025-09-20', '2025-10-04', '2025-09-27', 'RETURNED', 0);
INSERT INTO rentals (id, created_at, updated_at, user_id, book_id, rent_date, due_date, return_date, status, penalty_fee) VALUES (217, '2025-10-09 20:39:24.175646', '2025-10-09 20:39:24.175646', 26, 62, '2025-10-09', '2025-10-23', '2025-10-19', 'RETURNED', 0);
INSERT INTO rentals (id, created_at, updated_at, user_id, book_id, rent_date, due_date, return_date, status, penalty_fee) VALUES (218, '2025-10-11 20:39:24.175646', '2025-10-11 20:39:24.175646', 25, 120, '2025-10-11', '2025-10-25', '2025-10-21', 'RETURNED', 0);
INSERT INTO rentals (id, created_at, updated_at, user_id, book_id, rent_date, due_date, return_date, status, penalty_fee) VALUES (219, '2025-10-14 20:39:24.175646', '2025-10-14 20:39:24.175646', 17, 93, '2025-10-14', '2025-10-28', NULL, 'LATE', 0);
INSERT INTO rentals (id, created_at, updated_at, user_id, book_id, rent_date, due_date, return_date, status, penalty_fee) VALUES (220, '2025-09-07 20:39:24.175646', '2025-09-07 20:39:24.175646', 30, 26, '2025-09-07', '2025-09-21', NULL, 'LATE', 0);
INSERT INTO rentals (id, created_at, updated_at, user_id, book_id, rent_date, due_date, return_date, status, penalty_fee) VALUES (221, '2025-09-02 20:39:24.175646', '2025-09-02 20:39:24.175646', 31, 195, '2025-09-02', '2025-09-16', '2025-09-09', 'RETURNED', 0);
INSERT INTO rentals (id, created_at, updated_at, user_id, book_id, rent_date, due_date, return_date, status, penalty_fee) VALUES (222, '2025-10-27 20:39:24.175646', '2025-10-27 20:39:24.175646', 24, 81, '2025-10-27', '2025-11-10', NULL, 'REQUESTED', 0);
INSERT INTO rentals (id, created_at, updated_at, user_id, book_id, rent_date, due_date, return_date, status, penalty_fee) VALUES (223, '2025-11-30 20:39:24.175646', '2025-11-30 20:39:24.175646', 15, 190, '2025-11-30', '2025-12-14', NULL, 'REQUESTED', 0);
INSERT INTO rentals (id, created_at, updated_at, user_id, book_id, rent_date, due_date, return_date, status, penalty_fee) VALUES (224, '2025-11-29 20:39:24.175646', '2025-11-29 20:39:24.175646', 27, 76, '2025-11-29', '2025-12-13', NULL, 'REJECTED', 0);
INSERT INTO rentals (id, created_at, updated_at, user_id, book_id, rent_date, due_date, return_date, status, penalty_fee) VALUES (225, '2025-10-07 20:39:24.175646', '2025-10-07 20:39:24.175646', 15, 98, '2025-10-07', '2025-10-21', NULL, 'LATE', 0);
INSERT INTO rentals (id, created_at, updated_at, user_id, book_id, rent_date, due_date, return_date, status, penalty_fee) VALUES (226, '2025-09-26 20:39:24.175646', '2025-09-26 20:39:24.175646', 32, 141, '2025-09-26', '2025-10-10', NULL, 'LATE', 0);
INSERT INTO rentals (id, created_at, updated_at, user_id, book_id, rent_date, due_date, return_date, status, penalty_fee) VALUES (227, '2025-09-12 20:39:24.175646', '2025-09-12 20:39:24.175646', 22, 66, '2025-09-12', '2025-09-26', NULL, 'LATE', 0);
INSERT INTO rentals (id, created_at, updated_at, user_id, book_id, rent_date, due_date, return_date, status, penalty_fee) VALUES (228, '2025-11-27 20:39:24.175646', '2025-11-27 20:39:24.175646', 32, 118, '2025-11-27', '2025-12-11', NULL, 'LATE', 0);
INSERT INTO rentals (id, created_at, updated_at, user_id, book_id, rent_date, due_date, return_date, status, penalty_fee) VALUES (229, '2025-12-01 20:39:24.175646', '2025-12-01 20:39:24.175646', 23, 44, '2025-12-01', '2025-12-15', NULL, 'LATE', 0);
INSERT INTO rentals (id, created_at, updated_at, user_id, book_id, rent_date, due_date, return_date, status, penalty_fee) VALUES (230, '2025-08-23 20:39:24.175646', '2025-08-23 20:39:24.175646', 32, 48, '2025-08-23', '2025-09-06', NULL, 'LATE', 0);
INSERT INTO rentals (id, created_at, updated_at, user_id, book_id, rent_date, due_date, return_date, status, penalty_fee) VALUES (231, '2025-12-14 20:39:24.175646', '2025-12-14 20:39:24.175646', 4, 135, '2025-12-14', '2025-12-28', NULL, 'APPROVED', 0);
INSERT INTO rentals (id, created_at, updated_at, user_id, book_id, rent_date, due_date, return_date, status, penalty_fee) VALUES (232, '2025-12-12 20:39:24.175646', '2025-12-12 20:39:24.175646', 5, 172, '2025-12-12', '2025-12-26', NULL, 'APPROVED', 0);
INSERT INTO rentals (id, created_at, updated_at, user_id, book_id, rent_date, due_date, return_date, status, penalty_fee) VALUES (233, '2025-09-02 20:39:24.175646', '2025-09-02 20:39:24.175646', 27, 36, '2025-09-02', '2025-09-16', '2025-09-05', 'RETURNED', 0);
INSERT INTO rentals (id, created_at, updated_at, user_id, book_id, rent_date, due_date, return_date, status, penalty_fee) VALUES (234, '2025-11-21 20:39:24.175646', '2025-11-21 20:39:24.175646', 10, 3, '2025-11-21', '2025-12-05', '2025-12-03', 'RETURNED', 0);
INSERT INTO rentals (id, created_at, updated_at, user_id, book_id, rent_date, due_date, return_date, status, penalty_fee) VALUES (235, '2025-09-28 20:39:24.175646', '2025-09-28 20:39:24.175646', 4, 159, '2025-09-28', '2025-10-12', '2025-10-18', 'RETURNED', 30.0);
INSERT INTO rentals (id, created_at, updated_at, user_id, book_id, rent_date, due_date, return_date, status, penalty_fee) VALUES (236, '2025-10-17 20:39:24.175646', '2025-10-17 20:39:24.175646', 31, 169, '2025-10-17', '2025-10-31', NULL, 'REQUESTED', 0);
INSERT INTO rentals (id, created_at, updated_at, user_id, book_id, rent_date, due_date, return_date, status, penalty_fee) VALUES (237, '2025-10-27 20:39:24.175646', '2025-10-27 20:39:24.175646', 35, 142, '2025-10-27', '2025-11-10', NULL, 'REQUESTED', 0);
INSERT INTO rentals (id, created_at, updated_at, user_id, book_id, rent_date, due_date, return_date, status, penalty_fee) VALUES (238, '2025-11-13 20:39:24.175646', '2025-11-13 20:39:24.175646', 34, 185, '2025-11-13', '2025-11-27', '2025-11-23', 'RETURNED', 0);
INSERT INTO rentals (id, created_at, updated_at, user_id, book_id, rent_date, due_date, return_date, status, penalty_fee) VALUES (239, '2025-09-05 20:39:24.175646', '2025-09-05 20:39:24.175646', 2, 129, '2025-09-05', '2025-09-19', '2025-09-19', 'RETURNED', 0);
INSERT INTO rentals (id, created_at, updated_at, user_id, book_id, rent_date, due_date, return_date, status, penalty_fee) VALUES (240, '2025-08-23 20:39:24.175646', '2025-08-23 20:39:24.175646', 12, 28, '2025-08-23', '2025-09-06', NULL, 'REQUESTED', 0);
INSERT INTO rentals (id, created_at, updated_at, user_id, book_id, rent_date, due_date, return_date, status, penalty_fee) VALUES (241, '2025-11-24 20:39:24.175646', '2025-11-24 20:39:24.175646', 10, 62, '2025-11-24', '2025-12-08', '2025-12-03', 'RETURNED', 0);
INSERT INTO rentals (id, created_at, updated_at, user_id, book_id, rent_date, due_date, return_date, status, penalty_fee) VALUES (242, '2025-09-08 20:39:24.175646', '2025-09-08 20:39:24.175646', 23, 69, '2025-09-08', '2025-09-22', '2025-09-20', 'RETURNED', 0);
INSERT INTO rentals (id, created_at, updated_at, user_id, book_id, rent_date, due_date, return_date, status, penalty_fee) VALUES (243, '2025-10-07 20:39:24.175646', '2025-10-07 20:39:24.175646', 26, 118, '2025-10-07', '2025-10-21', '2025-10-15', 'RETURNED', 0);
INSERT INTO rentals (id, created_at, updated_at, user_id, book_id, rent_date, due_date, return_date, status, penalty_fee) VALUES (244, '2025-09-04 20:39:24.175646', '2025-09-04 20:39:24.175646', 20, 176, '2025-09-04', '2025-09-18', NULL, 'LATE', 0);
INSERT INTO rentals (id, created_at, updated_at, user_id, book_id, rent_date, due_date, return_date, status, penalty_fee) VALUES (245, '2025-10-28 20:39:24.175646', '2025-10-28 20:39:24.175646', 3, 24, '2025-10-28', '2025-11-11', '2025-11-15', 'RETURNED', 20.0);
INSERT INTO rentals (id, created_at, updated_at, user_id, book_id, rent_date, due_date, return_date, status, penalty_fee) VALUES (246, '2025-09-28 20:39:24.175646', '2025-09-28 20:39:24.175646', 31, 15, '2025-09-28', '2025-10-12', NULL, 'REQUESTED', 0);
INSERT INTO rentals (id, created_at, updated_at, user_id, book_id, rent_date, due_date, return_date, status, penalty_fee) VALUES (247, '2025-10-16 20:39:24.175646', '2025-10-16 20:39:24.175646', 11, 22, '2025-10-16', '2025-10-30', NULL, 'LATE', 0);
INSERT INTO rentals (id, created_at, updated_at, user_id, book_id, rent_date, due_date, return_date, status, penalty_fee) VALUES (248, '2025-08-31 20:39:24.175646', '2025-08-31 20:39:24.175646', 22, 145, '2025-08-31', '2025-09-14', NULL, 'LATE', 0);
INSERT INTO rentals (id, created_at, updated_at, user_id, book_id, rent_date, due_date, return_date, status, penalty_fee) VALUES (249, '2025-11-19 20:39:24.175646', '2025-11-19 20:39:24.175646', 34, 11, '2025-11-19', '2025-12-03', '2025-12-08', 'RETURNED', 25.0);
INSERT INTO rentals (id, created_at, updated_at, user_id, book_id, rent_date, due_date, return_date, status, penalty_fee) VALUES (250, '2025-12-13 20:39:24.175646', '2025-12-13 20:39:24.175646', 31, 70, '2025-12-13', '2025-12-27', NULL, 'APPROVED', 0);
INSERT INTO rentals (id, created_at, updated_at, user_id, book_id, rent_date, due_date, return_date, status, penalty_fee) VALUES (251, '2025-10-07 20:39:24.175646', '2025-10-07 20:39:24.175646', 18, 140, '2025-10-07', '2025-10-21', '2025-10-13', 'RETURNED', 0);
INSERT INTO rentals (id, created_at, updated_at, user_id, book_id, rent_date, due_date, return_date, status, penalty_fee) VALUES (252, '2025-11-22 20:39:24.175646', '2025-11-22 20:39:24.175646', 21, 5, '2025-11-22', '2025-12-06', '2025-12-05', 'RETURNED', 0);
INSERT INTO rentals (id, created_at, updated_at, user_id, book_id, rent_date, due_date, return_date, status, penalty_fee) VALUES (253, '2025-11-28 20:39:24.175646', '2025-11-28 20:39:24.175646', 5, 77, '2025-11-28', '2025-12-12', '2025-12-17', 'RETURNED', 25.0);
INSERT INTO rentals (id, created_at, updated_at, user_id, book_id, rent_date, due_date, return_date, status, penalty_fee) VALUES (254, '2025-08-26 20:39:24.175646', '2025-08-26 20:39:24.175646', 25, 174, '2025-08-26', '2025-09-09', '2025-09-08', 'RETURNED', 0);
INSERT INTO rentals (id, created_at, updated_at, user_id, book_id, rent_date, due_date, return_date, status, penalty_fee) VALUES (255, '2025-09-17 20:39:24.175646', '2025-09-17 20:39:24.175646', 9, 177, '2025-09-17', '2025-10-01', NULL, 'REQUESTED', 0);
INSERT INTO rentals (id, created_at, updated_at, user_id, book_id, rent_date, due_date, return_date, status, penalty_fee) VALUES (256, '2025-12-06 20:39:24.175646', '2025-12-06 20:39:24.175646', 23, 14, '2025-12-06', '2025-12-20', '2025-12-09', 'RETURNED', 0);
INSERT INTO rentals (id, created_at, updated_at, user_id, book_id, rent_date, due_date, return_date, status, penalty_fee) VALUES (257, '2025-09-11 20:39:24.175646', '2025-09-11 20:39:24.175646', 22, 155, '2025-09-11', '2025-09-25', '2025-10-01', 'RETURNED', 30.0);
INSERT INTO rentals (id, created_at, updated_at, user_id, book_id, rent_date, due_date, return_date, status, penalty_fee) VALUES (258, '2025-11-07 20:39:24.175646', '2025-11-07 20:39:24.175646', 26, 199, '2025-11-07', '2025-11-21', NULL, 'REQUESTED', 0);
INSERT INTO rentals (id, created_at, updated_at, user_id, book_id, rent_date, due_date, return_date, status, penalty_fee) VALUES (259, '2025-10-17 20:39:24.175646', '2025-10-17 20:39:24.175646', 18, 116, '2025-10-17', '2025-10-31', '2025-11-04', 'RETURNED', 20.0);
INSERT INTO rentals (id, created_at, updated_at, user_id, book_id, rent_date, due_date, return_date, status, penalty_fee) VALUES (260, '2025-11-25 20:39:24.175646', '2025-11-25 20:39:24.175646', 25, 111, '2025-11-25', '2025-12-09', '2025-12-08', 'RETURNED', 0);
INSERT INTO rentals (id, created_at, updated_at, user_id, book_id, rent_date, due_date, return_date, status, penalty_fee) VALUES (261, '2025-09-30 20:39:24.175646', '2025-09-30 20:39:24.175646', 6, 198, '2025-09-30', '2025-10-14', '2025-10-08', 'RETURNED', 0);
INSERT INTO rentals (id, created_at, updated_at, user_id, book_id, rent_date, due_date, return_date, status, penalty_fee) VALUES (262, '2025-11-14 20:39:24.175646', '2025-11-14 20:39:24.175646', 5, 22, '2025-11-14', '2025-11-28', NULL, 'REJECTED', 0);
INSERT INTO rentals (id, created_at, updated_at, user_id, book_id, rent_date, due_date, return_date, status, penalty_fee) VALUES (263, '2025-10-30 20:39:24.175646', '2025-10-30 20:39:24.175646', 10, 190, '2025-10-30', '2025-11-13', '2025-11-03', 'RETURNED', 0);
INSERT INTO rentals (id, created_at, updated_at, user_id, book_id, rent_date, due_date, return_date, status, penalty_fee) VALUES (264, '2025-08-20 20:39:24.175646', '2025-08-20 20:39:24.175646', 6, 2, '2025-08-20', '2025-09-03', '2025-09-01', 'RETURNED', 0);
INSERT INTO rentals (id, created_at, updated_at, user_id, book_id, rent_date, due_date, return_date, status, penalty_fee) VALUES (265, '2025-12-02 20:39:24.175646', '2025-12-02 20:39:24.175646', 18, 27, '2025-12-02', '2025-12-16', NULL, 'REQUESTED', 0);
INSERT INTO rentals (id, created_at, updated_at, user_id, book_id, rent_date, due_date, return_date, status, penalty_fee) VALUES (266, '2025-10-08 20:39:24.175646', '2025-10-08 20:39:24.175646', 28, 115, '2025-10-08', '2025-10-22', '2025-10-22', 'RETURNED', 0);
INSERT INTO rentals (id, created_at, updated_at, user_id, book_id, rent_date, due_date, return_date, status, penalty_fee) VALUES (267, '2025-12-07 20:39:24.175646', '2025-12-07 20:39:24.175646', 7, 7, '2025-12-07', '2025-12-21', '2025-12-10', 'RETURNED', 0);
INSERT INTO rentals (id, created_at, updated_at, user_id, book_id, rent_date, due_date, return_date, status, penalty_fee) VALUES (268, '2025-12-17 20:39:24.175646', '2025-12-17 20:39:24.175646', 21, 99, '2025-12-17', '2025-12-31', '2025-12-30', 'RETURNED', 0);
INSERT INTO rentals (id, created_at, updated_at, user_id, book_id, rent_date, due_date, return_date, status, penalty_fee) VALUES (269, '2025-08-25 20:39:24.175646', '2025-08-25 20:39:24.175646', 6, 186, '2025-08-25', '2025-09-08', '2025-09-02', 'RETURNED', 0);
INSERT INTO rentals (id, created_at, updated_at, user_id, book_id, rent_date, due_date, return_date, status, penalty_fee) VALUES (270, '2025-09-22 20:39:24.175646', '2025-09-22 20:39:24.175646', 34, 44, '2025-09-22', '2025-10-06', '2025-09-27', 'RETURNED', 0);
INSERT INTO rentals (id, created_at, updated_at, user_id, book_id, rent_date, due_date, return_date, status, penalty_fee) VALUES (271, '2025-11-14 20:39:24.175646', '2025-11-14 20:39:24.175646', 18, 78, '2025-11-14', '2025-11-28', '2025-11-17', 'RETURNED', 0);
INSERT INTO rentals (id, created_at, updated_at, user_id, book_id, rent_date, due_date, return_date, status, penalty_fee) VALUES (272, '2025-11-13 20:39:24.175646', '2025-11-13 20:39:24.175646', 11, 112, '2025-11-13', '2025-11-27', '2025-11-29', 'RETURNED', 10.0);
INSERT INTO rentals (id, created_at, updated_at, user_id, book_id, rent_date, due_date, return_date, status, penalty_fee) VALUES (273, '2025-11-16 20:39:24.175646', '2025-11-16 20:39:24.175646', 5, 93, '2025-11-16', '2025-11-30', NULL, 'LATE', 0);
INSERT INTO rentals (id, created_at, updated_at, user_id, book_id, rent_date, due_date, return_date, status, penalty_fee) VALUES (274, '2025-10-01 20:39:24.175646', '2025-10-01 20:39:24.175646', 32, 153, '2025-10-01', '2025-10-15', NULL, 'REJECTED', 0);
INSERT INTO rentals (id, created_at, updated_at, user_id, book_id, rent_date, due_date, return_date, status, penalty_fee) VALUES (275, '2025-11-10 20:39:24.175646', '2025-11-10 20:39:24.175646', 7, 35, '2025-11-10', '2025-11-24', NULL, 'REQUESTED', 0);
INSERT INTO rentals (id, created_at, updated_at, user_id, book_id, rent_date, due_date, return_date, status, penalty_fee) VALUES (276, '2025-09-02 20:39:24.175646', '2025-09-02 20:39:24.175646', 26, 86, '2025-09-02', '2025-09-16', '2025-09-13', 'RETURNED', 0);
INSERT INTO rentals (id, created_at, updated_at, user_id, book_id, rent_date, due_date, return_date, status, penalty_fee) VALUES (277, '2025-10-24 20:39:24.175646', '2025-10-24 20:39:24.175646', 29, 86, '2025-10-24', '2025-11-07', NULL, 'LATE', 0);
INSERT INTO rentals (id, created_at, updated_at, user_id, book_id, rent_date, due_date, return_date, status, penalty_fee) VALUES (278, '2025-11-07 20:39:24.175646', '2025-11-07 20:39:24.175646', 9, 77, '2025-11-07', '2025-11-21', '2025-11-14', 'RETURNED', 0);
INSERT INTO rentals (id, created_at, updated_at, user_id, book_id, rent_date, due_date, return_date, status, penalty_fee) VALUES (279, '2025-11-26 20:39:24.175646', '2025-11-26 20:39:24.175646', 31, 81, '2025-11-26', '2025-12-10', NULL, 'LATE', 0);
INSERT INTO rentals (id, created_at, updated_at, user_id, book_id, rent_date, due_date, return_date, status, penalty_fee) VALUES (280, '2025-09-15 20:39:24.175646', '2025-09-15 20:39:24.175646', 21, 75, '2025-09-15', '2025-09-29', '2025-10-01', 'RETURNED', 10.0);
INSERT INTO rentals (id, created_at, updated_at, user_id, book_id, rent_date, due_date, return_date, status, penalty_fee) VALUES (281, '2025-10-31 20:39:24.175646', '2025-10-31 20:39:24.175646', 16, 84, '2025-10-31', '2025-11-14', '2025-11-13', 'RETURNED', 0);
INSERT INTO rentals (id, created_at, updated_at, user_id, book_id, rent_date, due_date, return_date, status, penalty_fee) VALUES (282, '2025-08-21 20:39:24.175646', '2025-08-21 20:39:24.175646', 24, 30, '2025-08-21', '2025-09-04', '2025-09-09', 'RETURNED', 25.0);
INSERT INTO rentals (id, created_at, updated_at, user_id, book_id, rent_date, due_date, return_date, status, penalty_fee) VALUES (283, '2025-09-22 20:39:24.175646', '2025-09-22 20:39:24.175646', 35, 47, '2025-09-22', '2025-10-06', NULL, 'LATE', 0);
INSERT INTO rentals (id, created_at, updated_at, user_id, book_id, rent_date, due_date, return_date, status, penalty_fee) VALUES (284, '2025-10-20 20:39:24.175646', '2025-10-20 20:39:24.175646', 2, 187, '2025-10-20', '2025-11-03', NULL, 'LATE', 0);
INSERT INTO rentals (id, created_at, updated_at, user_id, book_id, rent_date, due_date, return_date, status, penalty_fee) VALUES (285, '2025-09-07 20:39:24.175646', '2025-09-07 20:39:24.175646', 14, 113, '2025-09-07', '2025-09-21', '2025-09-10', 'RETURNED', 0);
INSERT INTO rentals (id, created_at, updated_at, user_id, book_id, rent_date, due_date, return_date, status, penalty_fee) VALUES (286, '2025-10-16 20:39:24.175646', '2025-10-16 20:39:24.175646', 27, 173, '2025-10-16', '2025-10-30', NULL, 'REJECTED', 0);
INSERT INTO rentals (id, created_at, updated_at, user_id, book_id, rent_date, due_date, return_date, status, penalty_fee) VALUES (287, '2025-11-16 20:39:24.175646', '2025-11-16 20:39:24.175646', 20, 62, '2025-11-16', '2025-11-30', '2025-11-30', 'RETURNED', 0);
INSERT INTO rentals (id, created_at, updated_at, user_id, book_id, rent_date, due_date, return_date, status, penalty_fee) VALUES (288, '2025-10-22 20:39:24.175646', '2025-10-22 20:39:24.175646', 25, 19, '2025-10-22', '2025-11-05', NULL, 'LATE', 0);
INSERT INTO rentals (id, created_at, updated_at, user_id, book_id, rent_date, due_date, return_date, status, penalty_fee) VALUES (289, '2025-10-28 20:39:24.175646', '2025-10-28 20:39:24.175646', 31, 150, '2025-10-28', '2025-11-11', '2025-11-11', 'RETURNED', 0);
INSERT INTO rentals (id, created_at, updated_at, user_id, book_id, rent_date, due_date, return_date, status, penalty_fee) VALUES (290, '2025-09-08 20:39:24.175646', '2025-09-08 20:39:24.175646', 35, 10, '2025-09-08', '2025-09-22', NULL, 'LATE', 0);
INSERT INTO rentals (id, created_at, updated_at, user_id, book_id, rent_date, due_date, return_date, status, penalty_fee) VALUES (291, '2025-09-28 20:39:24.175646', '2025-09-28 20:39:24.175646', 35, 153, '2025-09-28', '2025-10-12', NULL, 'LATE', 0);
INSERT INTO rentals (id, created_at, updated_at, user_id, book_id, rent_date, due_date, return_date, status, penalty_fee) VALUES (292, '2025-11-17 20:39:24.175646', '2025-11-17 20:39:24.175646', 7, 197, '2025-11-17', '2025-12-01', '2025-11-29', 'RETURNED', 0);
INSERT INTO rentals (id, created_at, updated_at, user_id, book_id, rent_date, due_date, return_date, status, penalty_fee) VALUES (293, '2025-10-01 20:39:24.175646', '2025-10-01 20:39:24.175646', 11, 166, '2025-10-01', '2025-10-15', NULL, 'REQUESTED', 0);
INSERT INTO rentals (id, created_at, updated_at, user_id, book_id, rent_date, due_date, return_date, status, penalty_fee) VALUES (294, '2025-11-06 20:39:24.175646', '2025-11-06 20:39:24.175646', 26, 193, '2025-11-06', '2025-11-20', NULL, 'LATE', 0);
INSERT INTO rentals (id, created_at, updated_at, user_id, book_id, rent_date, due_date, return_date, status, penalty_fee) VALUES (295, '2025-12-17 20:39:24.175646', '2025-12-17 20:39:24.175646', 28, 28, '2025-12-17', '2025-12-31', NULL, 'REQUESTED', 0);
INSERT INTO rentals (id, created_at, updated_at, user_id, book_id, rent_date, due_date, return_date, status, penalty_fee) VALUES (296, '2025-09-14 20:39:24.175646', '2025-09-14 20:39:24.175646', 15, 131, '2025-09-14', '2025-09-28', '2025-10-03', 'RETURNED', 25.0);
INSERT INTO rentals (id, created_at, updated_at, user_id, book_id, rent_date, due_date, return_date, status, penalty_fee) VALUES (297, '2025-11-01 20:39:24.175646', '2025-11-01 20:39:24.175646', 15, 115, '2025-11-01', '2025-11-15', '2025-11-20', 'RETURNED', 25.0);
INSERT INTO rentals (id, created_at, updated_at, user_id, book_id, rent_date, due_date, return_date, status, penalty_fee) VALUES (298, '2025-11-04 20:39:24.175646', '2025-11-04 20:39:24.175646', 33, 39, '2025-11-04', '2025-11-18', NULL, 'LATE', 0);
INSERT INTO rentals (id, created_at, updated_at, user_id, book_id, rent_date, due_date, return_date, status, penalty_fee) VALUES (299, '2025-11-11 20:39:24.175646', '2025-11-11 20:39:24.175646', 31, 27, '2025-11-11', '2025-11-25', '2025-11-14', 'RETURNED', 0);
INSERT INTO rentals (id, created_at, updated_at, user_id, book_id, rent_date, due_date, return_date, status, penalty_fee) VALUES (300, '2025-11-30 20:39:24.175646', '2025-11-30 20:39:24.175646', 8, 187, '2025-11-30', '2025-12-14', '2025-12-11', 'RETURNED', 0);
INSERT INTO reviews (id, created_at, updated_at, user_id, book_id, stars, comment, is_spoiler, helpful_count) VALUES (1, '2025-12-18 20:39:24', '2025-12-18 20:39:24', 30, 53, 5, 'Quickly collection argue green listen war bring middle full its chance reveal each.', false, 30);
INSERT INTO reviews (id, created_at, updated_at, user_id, book_id, stars, comment, is_spoiler, helpful_count) VALUES (2, '2025-12-18 20:39:24', '2025-12-18 20:39:24', 7, 113, 5, 'Drive major read west present heart reality somebody probably.', false, 44);
INSERT INTO reviews (id, created_at, updated_at, user_id, book_id, stars, comment, is_spoiler, helpful_count) VALUES (3, '2025-12-18 20:39:24', '2025-12-18 20:39:24', 5, 77, 3, 'Ten practice every president happen build bar majority protect meeting age of of event.', false, 45);
INSERT INTO review_likes (id, created_at, updated_at, user_id, review_id) VALUES (3, '2025-12-18 20:39:24', '2025-12-18 20:39:24', 22, 3);
INSERT INTO reviews (id, created_at, updated_at, user_id, book_id, stars, comment, is_spoiler, helpful_count) VALUES (4, '2025-12-18 20:39:24', '2025-12-18 20:39:24', 7, 174, 3, 'Some Congress machine popular its number between as.', false, 47);
INSERT INTO review_likes (id, created_at, updated_at, user_id, review_id) VALUES (4, '2025-12-18 20:39:24', '2025-12-18 20:39:24', 12, 4);
INSERT INTO reviews (id, created_at, updated_at, user_id, book_id, stars, comment, is_spoiler, helpful_count) VALUES (5, '2025-12-18 20:39:24', '2025-12-18 20:39:24', 11, 85, 5, 'Continue spend after new movie speech major million once research so buy send whole today.', false, 27);
INSERT INTO reviews (id, created_at, updated_at, user_id, book_id, stars, comment, is_spoiler, helpful_count) VALUES (6, '2025-12-18 20:39:24', '2025-12-18 20:39:24', 15, 104, 5, 'Television receive accept language fire always offer present because.', false, 11);
INSERT INTO review_likes (id, created_at, updated_at, user_id, review_id) VALUES (6, '2025-12-18 20:39:24', '2025-12-18 20:39:24', 28, 6);
INSERT INTO reviews (id, created_at, updated_at, user_id, book_id, stars, comment, is_spoiler, helpful_count) VALUES (7, '2025-12-18 20:39:24', '2025-12-18 20:39:24', 26, 8, 5, 'Surface alone woman media hair name institution war a feel watch.', false, 39);
INSERT INTO reviews (id, created_at, updated_at, user_id, book_id, stars, comment, is_spoiler, helpful_count) VALUES (8, '2025-12-18 20:39:24', '2025-12-18 20:39:24', 29, 152, 4, 'Toward fall move cause make fine treat you paper member reach production and already center.', false, 24);
INSERT INTO review_likes (id, created_at, updated_at, user_id, review_id) VALUES (8, '2025-12-18 20:39:24', '2025-12-18 20:39:24', 14, 8);
INSERT INTO reviews (id, created_at, updated_at, user_id, book_id, stars, comment, is_spoiler, helpful_count) VALUES (9, '2025-12-18 20:39:24', '2025-12-18 20:39:24', 14, 72, 5, 'Whatever own democratic grow campaign performance avoid effort high tough.', false, 50);
INSERT INTO review_likes (id, created_at, updated_at, user_id, review_id) VALUES (9, '2025-12-18 20:39:24', '2025-12-18 20:39:24', 7, 9);
INSERT INTO reviews (id, created_at, updated_at, user_id, book_id, stars, comment, is_spoiler, helpful_count) VALUES (10, '2025-12-18 20:39:24', '2025-12-18 20:39:24', 35, 48, 4, 'Lay war put vote century data picture especially plan population research nor positive.', false, 20);
INSERT INTO review_likes (id, created_at, updated_at, user_id, review_id) VALUES (10, '2025-12-18 20:39:24', '2025-12-18 20:39:24', 8, 10);
INSERT INTO reviews (id, created_at, updated_at, user_id, book_id, stars, comment, is_spoiler, helpful_count) VALUES (11, '2025-12-18 20:39:24', '2025-12-18 20:39:24', 17, 172, 4, 'Painting information child yeah its ago page back by body nature at policy guy four.', false, 33);
INSERT INTO reviews (id, created_at, updated_at, user_id, book_id, stars, comment, is_spoiler, helpful_count) VALUES (12, '2025-12-18 20:39:24', '2025-12-18 20:39:24', 21, 153, 4, 'Chair something event better woman develop weight situation but money then.', false, 39);
INSERT INTO reviews (id, created_at, updated_at, user_id, book_id, stars, comment, is_spoiler, helpful_count) VALUES (13, '2025-12-18 20:39:24', '2025-12-18 20:39:24', 8, 90, 4, 'Start majority more red tend necessary parent to color water hope generation scientist whose mother organization.', false, 29);
INSERT INTO reviews (id, created_at, updated_at, user_id, book_id, stars, comment, is_spoiler, helpful_count) VALUES (14, '2025-12-18 20:39:24', '2025-12-18 20:39:24', 20, 158, 5, 'Local camera act message choice call her save apply rise window religious eat.', false, 5);
INSERT INTO reviews (id, created_at, updated_at, user_id, book_id, stars, comment, is_spoiler, helpful_count) VALUES (15, '2025-12-18 20:39:24', '2025-12-18 20:39:24', 21, 31, 3, 'Industry leader keep government light expert weight minute responsibility under director player beautiful figure side suddenly.', false, 19);
INSERT INTO review_likes (id, created_at, updated_at, user_id, review_id) VALUES (15, '2025-12-18 20:39:24', '2025-12-18 20:39:24', 24, 15);
INSERT INTO reviews (id, created_at, updated_at, user_id, book_id, stars, comment, is_spoiler, helpful_count) VALUES (16, '2025-12-18 20:39:24', '2025-12-18 20:39:24', 10, 131, 4, 'Baby drive behavior offer be experience upon space.', false, 26);
INSERT INTO reviews (id, created_at, updated_at, user_id, book_id, stars, comment, is_spoiler, helpful_count) VALUES (17, '2025-12-18 20:39:24', '2025-12-18 20:39:24', 25, 109, 3, 'While interest meet room look middle your.', false, 31);
INSERT INTO reviews (id, created_at, updated_at, user_id, book_id, stars, comment, is_spoiler, helpful_count) VALUES (18, '2025-12-18 20:39:24', '2025-12-18 20:39:24', 12, 143, 3, 'Recently if pattern treat second research reflect see each school week statement they month participant.', false, 31);
INSERT INTO reviews (id, created_at, updated_at, user_id, book_id, stars, comment, is_spoiler, helpful_count) VALUES (19, '2025-12-18 20:39:24', '2025-12-18 20:39:24', 21, 116, 5, 'Large collection us shake tough company happen card government anything many color wide full quickly story.', false, 3);
INSERT INTO reviews (id, created_at, updated_at, user_id, book_id, stars, comment, is_spoiler, helpful_count) VALUES (20, '2025-12-18 20:39:24', '2025-12-18 20:39:24', 1, 125, 3, 'Face low enter able piece hour type upon where.', false, 12);
INSERT INTO reviews (id, created_at, updated_at, user_id, book_id, stars, comment, is_spoiler, helpful_count) VALUES (21, '2025-12-18 20:39:24', '2025-12-18 20:39:24', 33, 168, 4, 'Stay along leg pay major green past forget government accept three control great big man.', false, 26);
INSERT INTO reviews (id, created_at, updated_at, user_id, book_id, stars, comment, is_spoiler, helpful_count) VALUES (22, '2025-12-18 20:39:24', '2025-12-18 20:39:24', 27, 182, 4, 'More together improve tree according show economic likely.', false, 31);
INSERT INTO review_likes (id, created_at, updated_at, user_id, review_id) VALUES (22, '2025-12-18 20:39:24', '2025-12-18 20:39:24', 2, 22);
INSERT INTO reviews (id, created_at, updated_at, user_id, book_id, stars, comment, is_spoiler, helpful_count) VALUES (23, '2025-12-18 20:39:24', '2025-12-18 20:39:24', 15, 75, 3, 'Federal into consider speech board just style class government its grow that.', false, 17);
INSERT INTO review_likes (id, created_at, updated_at, user_id, review_id) VALUES (23, '2025-12-18 20:39:24', '2025-12-18 20:39:24', 19, 23);
INSERT INTO reviews (id, created_at, updated_at, user_id, book_id, stars, comment, is_spoiler, helpful_count) VALUES (24, '2025-12-18 20:39:24', '2025-12-18 20:39:24', 11, 200, 4, 'Book expect card inside former all program way where work.', false, 36);
INSERT INTO reviews (id, created_at, updated_at, user_id, book_id, stars, comment, is_spoiler, helpful_count) VALUES (25, '2025-12-18 20:39:24', '2025-12-18 20:39:24', 32, 141, 5, 'Inside nearly son research foot share think maybe type.', false, 7);
INSERT INTO reviews (id, created_at, updated_at, user_id, book_id, stars, comment, is_spoiler, helpful_count) VALUES (26, '2025-12-18 20:39:24', '2025-12-18 20:39:24', 18, 199, 5, 'Capital whatever society call general add range appear stop involve others account lose.', false, 23);
INSERT INTO reviews (id, created_at, updated_at, user_id, book_id, stars, comment, is_spoiler, helpful_count) VALUES (27, '2025-12-18 20:39:24', '2025-12-18 20:39:24', 3, 195, 5, 'Magazine set easy check memory economic short ten yes easy star.', false, 28);
INSERT INTO reviews (id, created_at, updated_at, user_id, book_id, stars, comment, is_spoiler, helpful_count) VALUES (28, '2025-12-18 20:39:24', '2025-12-18 20:39:24', 28, 27, 5, 'Listen situation billion room particularly country talk pick chance build.', false, 41);
INSERT INTO reviews (id, created_at, updated_at, user_id, book_id, stars, comment, is_spoiler, helpful_count) VALUES (29, '2025-12-18 20:39:24', '2025-12-18 20:39:24', 20, 9, 4, 'Although wrong upon international pattern before anything imagine fill plan discuss from look.', false, 16);
INSERT INTO reviews (id, created_at, updated_at, user_id, book_id, stars, comment, is_spoiler, helpful_count) VALUES (30, '2025-12-18 20:39:24', '2025-12-18 20:39:24', 6, 113, 3, 'Interview appear body hair wall represent east time consider a produce focus experience exactly paper.', false, 49);
INSERT INTO reviews (id, created_at, updated_at, user_id, book_id, stars, comment, is_spoiler, helpful_count) VALUES (31, '2025-12-18 20:39:24', '2025-12-18 20:39:24', 14, 189, 5, 'Continue way hair fight best add necessary technology former scientist guess single more.', false, 44);
INSERT INTO reviews (id, created_at, updated_at, user_id, book_id, stars, comment, is_spoiler, helpful_count) VALUES (32, '2025-12-18 20:39:24', '2025-12-18 20:39:24', 28, 43, 5, 'Draw every once beautiful blood picture own American why this stage cover.', false, 8);
INSERT INTO reviews (id, created_at, updated_at, user_id, book_id, stars, comment, is_spoiler, helpful_count) VALUES (33, '2025-12-18 20:39:24', '2025-12-18 20:39:24', 14, 16, 5, 'Understand avoid national garden rise writer dark result analysis court nearly education theory table.', false, 22);
INSERT INTO reviews (id, created_at, updated_at, user_id, book_id, stars, comment, is_spoiler, helpful_count) VALUES (34, '2025-12-18 20:39:24', '2025-12-18 20:39:24', 35, 44, 4, 'Window thus large response treat attack industry use mean against out recent can animal not.', false, 45);
INSERT INTO review_likes (id, created_at, updated_at, user_id, review_id) VALUES (34, '2025-12-18 20:39:24', '2025-12-18 20:39:24', 18, 34);
INSERT INTO reviews (id, created_at, updated_at, user_id, book_id, stars, comment, is_spoiler, helpful_count) VALUES (35, '2025-12-18 20:39:24', '2025-12-18 20:39:24', 33, 174, 3, 'Scientist however range that will close seek his single husband.', false, 8);
INSERT INTO reviews (id, created_at, updated_at, user_id, book_id, stars, comment, is_spoiler, helpful_count) VALUES (36, '2025-12-18 20:39:24', '2025-12-18 20:39:24', 27, 16, 4, 'Deal about occur option across up mention mean result else system.', false, 41);
INSERT INTO review_likes (id, created_at, updated_at, user_id, review_id) VALUES (36, '2025-12-18 20:39:24', '2025-12-18 20:39:24', 9, 36);
INSERT INTO reviews (id, created_at, updated_at, user_id, book_id, stars, comment, is_spoiler, helpful_count) VALUES (37, '2025-12-18 20:39:24', '2025-12-18 20:39:24', 16, 38, 5, 'Remain need commercial animal draw although challenge third until establish so.', false, 20);
INSERT INTO reviews (id, created_at, updated_at, user_id, book_id, stars, comment, is_spoiler, helpful_count) VALUES (38, '2025-12-18 20:39:24', '2025-12-18 20:39:24', 26, 126, 3, 'Writer decide break possible plan win foot watch this enough.', false, 36);
INSERT INTO reviews (id, created_at, updated_at, user_id, book_id, stars, comment, is_spoiler, helpful_count) VALUES (39, '2025-12-18 20:39:24', '2025-12-18 20:39:24', 27, 97, 4, 'Impact particularly foot arm staff station despite whole computer.', false, 4);
INSERT INTO reviews (id, created_at, updated_at, user_id, book_id, stars, comment, is_spoiler, helpful_count) VALUES (40, '2025-12-18 20:39:24', '2025-12-18 20:39:24', 6, 104, 5, 'Mr without sing sister blood second high.', false, 47);
INSERT INTO review_likes (id, created_at, updated_at, user_id, review_id) VALUES (40, '2025-12-18 20:39:24', '2025-12-18 20:39:24', 24, 40);
INSERT INTO reviews (id, created_at, updated_at, user_id, book_id, stars, comment, is_spoiler, helpful_count) VALUES (41, '2025-12-18 20:39:24', '2025-12-18 20:39:24', 30, 125, 4, 'Thank plant nearly stage determine environmental ok space send choose discussion.', false, 37);
INSERT INTO review_likes (id, created_at, updated_at, user_id, review_id) VALUES (41, '2025-12-18 20:39:24', '2025-12-18 20:39:24', 6, 41);
INSERT INTO reviews (id, created_at, updated_at, user_id, book_id, stars, comment, is_spoiler, helpful_count) VALUES (42, '2025-12-18 20:39:24', '2025-12-18 20:39:24', 30, 163, 5, 'Happy total behavior consider continue television country make role positive again clear concern.', false, 44);
INSERT INTO reviews (id, created_at, updated_at, user_id, book_id, stars, comment, is_spoiler, helpful_count) VALUES (43, '2025-12-18 20:39:24', '2025-12-18 20:39:24', 5, 137, 4, 'Reach could century interview lawyer population I right case seek activity between himself.', false, 13);
INSERT INTO reviews (id, created_at, updated_at, user_id, book_id, stars, comment, is_spoiler, helpful_count) VALUES (44, '2025-12-18 20:39:24', '2025-12-18 20:39:24', 14, 127, 4, 'Step shake popular analysis eat base central physical.', false, 20);
INSERT INTO reviews (id, created_at, updated_at, user_id, book_id, stars, comment, is_spoiler, helpful_count) VALUES (45, '2025-12-18 20:39:24', '2025-12-18 20:39:24', 22, 141, 5, 'Society act social my stand system be.', false, 8);
INSERT INTO reviews (id, created_at, updated_at, user_id, book_id, stars, comment, is_spoiler, helpful_count) VALUES (46, '2025-12-18 20:39:24', '2025-12-18 20:39:24', 32, 88, 5, 'Lose none know clear forward choice argue reality physical.', false, 48);
INSERT INTO review_likes (id, created_at, updated_at, user_id, review_id) VALUES (46, '2025-12-18 20:39:24', '2025-12-18 20:39:24', 7, 46);
INSERT INTO reviews (id, created_at, updated_at, user_id, book_id, stars, comment, is_spoiler, helpful_count) VALUES (47, '2025-12-18 20:39:24', '2025-12-18 20:39:24', 30, 5, 3, 'Again and name bill though indeed ability difference dinner.', false, 10);
INSERT INTO reviews (id, created_at, updated_at, user_id, book_id, stars, comment, is_spoiler, helpful_count) VALUES (48, '2025-12-18 20:39:24', '2025-12-18 20:39:24', 1, 110, 3, 'Challenge pretty difficult these his this state both college body big what ground.', false, 44);
INSERT INTO reviews (id, created_at, updated_at, user_id, book_id, stars, comment, is_spoiler, helpful_count) VALUES (49, '2025-12-18 20:39:24', '2025-12-18 20:39:24', 20, 41, 4, 'Free guess under be analysis character investment friend consider interesting throw reach person expert then even.', false, 5);
INSERT INTO reviews (id, created_at, updated_at, user_id, book_id, stars, comment, is_spoiler, helpful_count) VALUES (50, '2025-12-18 20:39:24', '2025-12-18 20:39:24', 17, 22, 4, 'Product usually specific represent baby able value chance pretty floor hospital return size long.', false, 42);
INSERT INTO reviews (id, created_at, updated_at, user_id, book_id, stars, comment, is_spoiler, helpful_count) VALUES (51, '2025-12-18 20:39:24', '2025-12-18 20:39:24', 11, 14, 4, 'Both into risk certain follow camera should good.', false, 40);
INSERT INTO reviews (id, created_at, updated_at, user_id, book_id, stars, comment, is_spoiler, helpful_count) VALUES (52, '2025-12-18 20:39:24', '2025-12-18 20:39:24', 15, 110, 5, 'Interest really including soldier four soon president early industry market move mouth start his.', false, 5);
INSERT INTO reviews (id, created_at, updated_at, user_id, book_id, stars, comment, is_spoiler, helpful_count) VALUES (53, '2025-12-18 20:39:24', '2025-12-18 20:39:24', 1, 55, 4, 'Resource money since specific despite beautiful gun data sure gun listen card body treat guess support.', false, 4);
INSERT INTO review_likes (id, created_at, updated_at, user_id, review_id) VALUES (53, '2025-12-18 20:39:24', '2025-12-18 20:39:24', 15, 53);
INSERT INTO reviews (id, created_at, updated_at, user_id, book_id, stars, comment, is_spoiler, helpful_count) VALUES (54, '2025-12-18 20:39:24', '2025-12-18 20:39:24', 34, 175, 4, 'Far century table will tree drug still argue case.', false, 0);
INSERT INTO review_likes (id, created_at, updated_at, user_id, review_id) VALUES (54, '2025-12-18 20:39:24', '2025-12-18 20:39:24', 22, 54);
INSERT INTO reviews (id, created_at, updated_at, user_id, book_id, stars, comment, is_spoiler, helpful_count) VALUES (55, '2025-12-18 20:39:24', '2025-12-18 20:39:24', 8, 109, 5, 'Help ago who he reduce production available study that.', false, 8);
INSERT INTO reviews (id, created_at, updated_at, user_id, book_id, stars, comment, is_spoiler, helpful_count) VALUES (56, '2025-12-18 20:39:24', '2025-12-18 20:39:24', 15, 99, 3, 'Chair center each actually store indicate she.', false, 46);
INSERT INTO reviews (id, created_at, updated_at, user_id, book_id, stars, comment, is_spoiler, helpful_count) VALUES (57, '2025-12-18 20:39:24', '2025-12-18 20:39:24', 7, 81, 4, 'Sea security recognize federal in front sit receive expert choose thing allow seem me.', false, 19);
INSERT INTO review_likes (id, created_at, updated_at, user_id, review_id) VALUES (57, '2025-12-18 20:39:24', '2025-12-18 20:39:24', 9, 57);
INSERT INTO reviews (id, created_at, updated_at, user_id, book_id, stars, comment, is_spoiler, helpful_count) VALUES (58, '2025-12-18 20:39:24', '2025-12-18 20:39:24', 10, 18, 5, 'How interest way lawyer represent election occur.', false, 36);
INSERT INTO review_likes (id, created_at, updated_at, user_id, review_id) VALUES (58, '2025-12-18 20:39:24', '2025-12-18 20:39:24', 11, 58);
INSERT INTO reviews (id, created_at, updated_at, user_id, book_id, stars, comment, is_spoiler, helpful_count) VALUES (59, '2025-12-18 20:39:24', '2025-12-18 20:39:24', 29, 90, 5, 'Remember interest church win miss within by deep people despite contain.', false, 13);
INSERT INTO reviews (id, created_at, updated_at, user_id, book_id, stars, comment, is_spoiler, helpful_count) VALUES (60, '2025-12-18 20:39:24', '2025-12-18 20:39:24', 10, 106, 5, 'Painting baby realize local present if herself area he interest establish bit guy single friend.', false, 43);
INSERT INTO reviews (id, created_at, updated_at, user_id, book_id, stars, comment, is_spoiler, helpful_count) VALUES (61, '2025-12-18 20:39:24', '2025-12-18 20:39:24', 14, 23, 3, 'Executive must assume others series finally necessary point allow especially.', false, 8);
INSERT INTO reviews (id, created_at, updated_at, user_id, book_id, stars, comment, is_spoiler, helpful_count) VALUES (62, '2025-12-18 20:39:24', '2025-12-18 20:39:24', 25, 90, 4, 'North nor so animal fire want across ground executive huge crime sell rise wind reflect.', false, 20);
INSERT INTO reviews (id, created_at, updated_at, user_id, book_id, stars, comment, is_spoiler, helpful_count) VALUES (63, '2025-12-18 20:39:24', '2025-12-18 20:39:24', 16, 71, 5, 'Former to me maybe simple age somebody local.', false, 5);
INSERT INTO review_likes (id, created_at, updated_at, user_id, review_id) VALUES (63, '2025-12-18 20:39:24', '2025-12-18 20:39:24', 19, 63);
INSERT INTO reviews (id, created_at, updated_at, user_id, book_id, stars, comment, is_spoiler, helpful_count) VALUES (64, '2025-12-18 20:39:24', '2025-12-18 20:39:24', 2, 169, 4, 'Face charge leg those behavior responsibility this.', false, 13);
INSERT INTO reviews (id, created_at, updated_at, user_id, book_id, stars, comment, is_spoiler, helpful_count) VALUES (65, '2025-12-18 20:39:24', '2025-12-18 20:39:24', 33, 49, 5, 'Shoulder claim white might rock prepare us game size.', false, 25);
INSERT INTO review_likes (id, created_at, updated_at, user_id, review_id) VALUES (65, '2025-12-18 20:39:24', '2025-12-18 20:39:24', 4, 65);
INSERT INTO reviews (id, created_at, updated_at, user_id, book_id, stars, comment, is_spoiler, helpful_count) VALUES (66, '2025-12-18 20:39:24', '2025-12-18 20:39:24', 16, 127, 4, 'Fact perhaps vote always require raise dream young parent when note yes.', false, 7);
INSERT INTO review_likes (id, created_at, updated_at, user_id, review_id) VALUES (66, '2025-12-18 20:39:24', '2025-12-18 20:39:24', 5, 66);
INSERT INTO reviews (id, created_at, updated_at, user_id, book_id, stars, comment, is_spoiler, helpful_count) VALUES (67, '2025-12-18 20:39:24', '2025-12-18 20:39:24', 34, 4, 4, 'Source central that natural why sit beautiful behind.', false, 20);
INSERT INTO review_likes (id, created_at, updated_at, user_id, review_id) VALUES (67, '2025-12-18 20:39:24', '2025-12-18 20:39:24', 27, 67);
INSERT INTO reviews (id, created_at, updated_at, user_id, book_id, stars, comment, is_spoiler, helpful_count) VALUES (68, '2025-12-18 20:39:24', '2025-12-18 20:39:24', 24, 140, 5, 'College fast attention office government author represent leave worry without shake kind.', false, 11);
INSERT INTO reviews (id, created_at, updated_at, user_id, book_id, stars, comment, is_spoiler, helpful_count) VALUES (69, '2025-12-18 20:39:24', '2025-12-18 20:39:24', 5, 5, 5, 'Vote will major guy expert important people quite kid.', false, 4);
INSERT INTO review_likes (id, created_at, updated_at, user_id, review_id) VALUES (69, '2025-12-18 20:39:24', '2025-12-18 20:39:24', 14, 69);
INSERT INTO reviews (id, created_at, updated_at, user_id, book_id, stars, comment, is_spoiler, helpful_count) VALUES (70, '2025-12-18 20:39:24', '2025-12-18 20:39:24', 3, 16, 4, 'Suddenly weight health radio media enjoy then radio per popular scientist each start account table.', false, 32);
INSERT INTO review_likes (id, created_at, updated_at, user_id, review_id) VALUES (70, '2025-12-18 20:39:24', '2025-12-18 20:39:24', 33, 70);
INSERT INTO reviews (id, created_at, updated_at, user_id, book_id, stars, comment, is_spoiler, helpful_count) VALUES (71, '2025-12-18 20:39:24', '2025-12-18 20:39:24', 27, 109, 5, 'Heart now take development them protect give life movement stand board.', false, 25);
INSERT INTO review_likes (id, created_at, updated_at, user_id, review_id) VALUES (71, '2025-12-18 20:39:24', '2025-12-18 20:39:24', 35, 71);
INSERT INTO reviews (id, created_at, updated_at, user_id, book_id, stars, comment, is_spoiler, helpful_count) VALUES (72, '2025-12-18 20:39:24', '2025-12-18 20:39:24', 35, 158, 3, 'Rule true two should current forget fish you main.', false, 17);
INSERT INTO review_likes (id, created_at, updated_at, user_id, review_id) VALUES (72, '2025-12-18 20:39:24', '2025-12-18 20:39:24', 6, 72);
INSERT INTO reviews (id, created_at, updated_at, user_id, book_id, stars, comment, is_spoiler, helpful_count) VALUES (73, '2025-12-18 20:39:24', '2025-12-18 20:39:24', 33, 53, 3, 'Boy lawyer nation we certainly degree nothing write similar artist speak smile without degree.', false, 34);
INSERT INTO reviews (id, created_at, updated_at, user_id, book_id, stars, comment, is_spoiler, helpful_count) VALUES (74, '2025-12-18 20:39:24', '2025-12-18 20:39:24', 5, 80, 5, 'Test well raise establish player base attorney if fear Republican.', false, 27);
INSERT INTO reviews (id, created_at, updated_at, user_id, book_id, stars, comment, is_spoiler, helpful_count) VALUES (75, '2025-12-18 20:39:24', '2025-12-18 20:39:24', 16, 15, 3, 'Modern prove else store begin top garden send clearly glass industry little read.', false, 5);
INSERT INTO reviews (id, created_at, updated_at, user_id, book_id, stars, comment, is_spoiler, helpful_count) VALUES (76, '2025-12-18 20:39:24', '2025-12-18 20:39:24', 8, 117, 5, 'Whole join tree now statement night throw cup reveal.', false, 38);
INSERT INTO review_likes (id, created_at, updated_at, user_id, review_id) VALUES (76, '2025-12-18 20:39:24', '2025-12-18 20:39:24', 12, 76);
INSERT INTO reviews (id, created_at, updated_at, user_id, book_id, stars, comment, is_spoiler, helpful_count) VALUES (77, '2025-12-18 20:39:24', '2025-12-18 20:39:24', 8, 4, 5, 'Pattern food worry voice sea say first character learn challenge ten box wide image minute about.', false, 8);
INSERT INTO reviews (id, created_at, updated_at, user_id, book_id, stars, comment, is_spoiler, helpful_count) VALUES (78, '2025-12-18 20:39:24', '2025-12-18 20:39:24', 11, 128, 4, 'Wall tax plant police official already second could recent similar over democratic decide course.', false, 33);
INSERT INTO reviews (id, created_at, updated_at, user_id, book_id, stars, comment, is_spoiler, helpful_count) VALUES (79, '2025-12-18 20:39:24', '2025-12-18 20:39:24', 17, 43, 4, 'Western have hair few film standard by material yourself increase goal stock international wind from.', false, 8);
INSERT INTO reviews (id, created_at, updated_at, user_id, book_id, stars, comment, is_spoiler, helpful_count) VALUES (80, '2025-12-18 20:39:24', '2025-12-18 20:39:24', 18, 188, 3, 'Learn health need class job expect process quite plant.', false, 49);
INSERT INTO reviews (id, created_at, updated_at, user_id, book_id, stars, comment, is_spoiler, helpful_count) VALUES (81, '2025-12-18 20:39:24', '2025-12-18 20:39:24', 22, 110, 4, 'Visit town between because student bed administration usually billion seek perhaps name plant me south property.', false, 33);
INSERT INTO review_likes (id, created_at, updated_at, user_id, review_id) VALUES (81, '2025-12-18 20:39:24', '2025-12-18 20:39:24', 5, 81);
INSERT INTO reviews (id, created_at, updated_at, user_id, book_id, stars, comment, is_spoiler, helpful_count) VALUES (82, '2025-12-18 20:39:24', '2025-12-18 20:39:24', 32, 117, 5, 'Deep since necessary boy task wear go soldier less traditional population six how.', false, 23);
INSERT INTO review_likes (id, created_at, updated_at, user_id, review_id) VALUES (82, '2025-12-18 20:39:24', '2025-12-18 20:39:24', 11, 82);
INSERT INTO reviews (id, created_at, updated_at, user_id, book_id, stars, comment, is_spoiler, helpful_count) VALUES (83, '2025-12-18 20:39:24', '2025-12-18 20:39:24', 24, 41, 4, 'Site medical environment probably film total training pull above training allow ago.', false, 49);
INSERT INTO review_likes (id, created_at, updated_at, user_id, review_id) VALUES (83, '2025-12-18 20:39:24', '2025-12-18 20:39:24', 8, 83);
INSERT INTO reviews (id, created_at, updated_at, user_id, book_id, stars, comment, is_spoiler, helpful_count) VALUES (84, '2025-12-18 20:39:24', '2025-12-18 20:39:24', 15, 190, 5, 'Subject million scientist fish color occur involve new hot pattern hotel appear.', false, 0);
INSERT INTO review_likes (id, created_at, updated_at, user_id, review_id) VALUES (84, '2025-12-18 20:39:24', '2025-12-18 20:39:24', 1, 84);
INSERT INTO reviews (id, created_at, updated_at, user_id, book_id, stars, comment, is_spoiler, helpful_count) VALUES (85, '2025-12-18 20:39:24', '2025-12-18 20:39:24', 16, 12, 4, 'Investment vote hospital road idea fish citizen discuss report call brother officer hot several true.', false, 23);
INSERT INTO reviews (id, created_at, updated_at, user_id, book_id, stars, comment, is_spoiler, helpful_count) VALUES (86, '2025-12-18 20:39:24', '2025-12-18 20:39:24', 10, 46, 3, 'City follow behavior agent activity show check peace myself win occur agent safe work play.', false, 35);
INSERT INTO reviews (id, created_at, updated_at, user_id, book_id, stars, comment, is_spoiler, helpful_count) VALUES (87, '2025-12-18 20:39:24', '2025-12-18 20:39:24', 27, 58, 4, 'Cost present develop create subject risk southern her employee appear bar century.', false, 15);
INSERT INTO reviews (id, created_at, updated_at, user_id, book_id, stars, comment, is_spoiler, helpful_count) VALUES (88, '2025-12-18 20:39:24', '2025-12-18 20:39:24', 21, 70, 3, 'Point often billion learn other blood executive.', false, 36);
INSERT INTO reviews (id, created_at, updated_at, user_id, book_id, stars, comment, is_spoiler, helpful_count) VALUES (89, '2025-12-18 20:39:24', '2025-12-18 20:39:24', 33, 173, 3, 'Behavior management guess stuff hospital make against available where.', false, 11);
INSERT INTO review_likes (id, created_at, updated_at, user_id, review_id) VALUES (89, '2025-12-18 20:39:24', '2025-12-18 20:39:24', 34, 89);
INSERT INTO reviews (id, created_at, updated_at, user_id, book_id, stars, comment, is_spoiler, helpful_count) VALUES (90, '2025-12-18 20:39:24', '2025-12-18 20:39:24', 3, 103, 3, 'Decision information threat plant late claim federal tough.', false, 29);
INSERT INTO reviews (id, created_at, updated_at, user_id, book_id, stars, comment, is_spoiler, helpful_count) VALUES (91, '2025-12-18 20:39:24', '2025-12-18 20:39:24', 20, 84, 3, 'Piece talk bring garden get yet outside above miss effort business paper movie military set.', false, 35);
INSERT INTO reviews (id, created_at, updated_at, user_id, book_id, stars, comment, is_spoiler, helpful_count) VALUES (92, '2025-12-18 20:39:24', '2025-12-18 20:39:24', 24, 52, 4, 'Term boy describe foreign detail road vote environment loss well.', false, 36);
INSERT INTO reviews (id, created_at, updated_at, user_id, book_id, stars, comment, is_spoiler, helpful_count) VALUES (93, '2025-12-18 20:39:24', '2025-12-18 20:39:24', 16, 119, 4, 'Remain present level speak job watch two economic cup suffer response which.', false, 37);
INSERT INTO reviews (id, created_at, updated_at, user_id, book_id, stars, comment, is_spoiler, helpful_count) VALUES (94, '2025-12-18 20:39:24', '2025-12-18 20:39:24', 13, 188, 5, 'On short find some west maintain third interest.', false, 48);
INSERT INTO reviews (id, created_at, updated_at, user_id, book_id, stars, comment, is_spoiler, helpful_count) VALUES (95, '2025-12-18 20:39:24', '2025-12-18 20:39:24', 10, 2, 4, 'Staff performance parent investment note hear plan ask cold almost memory.', false, 1);
INSERT INTO review_likes (id, created_at, updated_at, user_id, review_id) VALUES (95, '2025-12-18 20:39:24', '2025-12-18 20:39:24', 23, 95);
INSERT INTO reviews (id, created_at, updated_at, user_id, book_id, stars, comment, is_spoiler, helpful_count) VALUES (96, '2025-12-18 20:39:24', '2025-12-18 20:39:24', 1, 86, 3, 'Important page theory wear most huge boy speak investment control early Democrat he certain fire act.', false, 48);
INSERT INTO reviews (id, created_at, updated_at, user_id, book_id, stars, comment, is_spoiler, helpful_count) VALUES (97, '2025-12-18 20:39:24', '2025-12-18 20:39:24', 20, 27, 3, 'Response degree nothing focus discussion at exist.', false, 33);
INSERT INTO reviews (id, created_at, updated_at, user_id, book_id, stars, comment, is_spoiler, helpful_count) VALUES (98, '2025-12-18 20:39:24', '2025-12-18 20:39:24', 27, 126, 3, 'Money bill everyone part third teacher avoid throughout instead series.', false, 9);
INSERT INTO reviews (id, created_at, updated_at, user_id, book_id, stars, comment, is_spoiler, helpful_count) VALUES (99, '2025-12-18 20:39:24', '2025-12-18 20:39:24', 6, 12, 3, 'Spend cup anyone management another ever budget laugh over option door again.', false, 33);
INSERT INTO reviews (id, created_at, updated_at, user_id, book_id, stars, comment, is_spoiler, helpful_count) VALUES (100, '2025-12-18 20:39:24', '2025-12-18 20:39:24', 24, 118, 5, 'Popular task write treatment expect success idea.', false, 5);
INSERT INTO reviews (id, created_at, updated_at, user_id, book_id, stars, comment, is_spoiler, helpful_count) VALUES (101, '2025-12-18 20:39:24', '2025-12-18 20:39:24', 33, 35, 5, 'Truth although population attorney believe sort rich ever send hundred news finish partner hotel recent.', false, 25);
INSERT INTO review_likes (id, created_at, updated_at, user_id, review_id) VALUES (101, '2025-12-18 20:39:24', '2025-12-18 20:39:24', 4, 101);
INSERT INTO reviews (id, created_at, updated_at, user_id, book_id, stars, comment, is_spoiler, helpful_count) VALUES (102, '2025-12-18 20:39:24', '2025-12-18 20:39:24', 28, 170, 3, 'Management political treat successful visit bill difference stay catch year technology right difficult because.', false, 15);
INSERT INTO review_likes (id, created_at, updated_at, user_id, review_id) VALUES (102, '2025-12-18 20:39:24', '2025-12-18 20:39:24', 21, 102);
INSERT INTO reviews (id, created_at, updated_at, user_id, book_id, stars, comment, is_spoiler, helpful_count) VALUES (103, '2025-12-18 20:39:24', '2025-12-18 20:39:24', 26, 180, 5, 'Staff Mr above read appear third amount answer fight enough reach social.', false, 20);
INSERT INTO reviews (id, created_at, updated_at, user_id, book_id, stars, comment, is_spoiler, helpful_count) VALUES (104, '2025-12-18 20:39:24', '2025-12-18 20:39:24', 18, 60, 3, 'Establish color case leave call technology send thousand whole including land business.', false, 12);
INSERT INTO review_likes (id, created_at, updated_at, user_id, review_id) VALUES (104, '2025-12-18 20:39:24', '2025-12-18 20:39:24', 7, 104);
INSERT INTO reviews (id, created_at, updated_at, user_id, book_id, stars, comment, is_spoiler, helpful_count) VALUES (105, '2025-12-18 20:39:24', '2025-12-18 20:39:24', 10, 28, 3, 'Drive long majority exactly significant lot begin she represent good structure drug positive task reason.', false, 28);
INSERT INTO reviews (id, created_at, updated_at, user_id, book_id, stars, comment, is_spoiler, helpful_count) VALUES (106, '2025-12-18 20:39:24', '2025-12-18 20:39:24', 27, 31, 5, 'Will art actually democratic stand could bit decade.', false, 22);
INSERT INTO reviews (id, created_at, updated_at, user_id, book_id, stars, comment, is_spoiler, helpful_count) VALUES (107, '2025-12-18 20:39:24', '2025-12-18 20:39:24', 14, 116, 4, 'Seven method finish want remain pretty summer black candidate true history laugh per data hundred attention.', false, 29);
INSERT INTO review_likes (id, created_at, updated_at, user_id, review_id) VALUES (107, '2025-12-18 20:39:24', '2025-12-18 20:39:24', 8, 107);
INSERT INTO reviews (id, created_at, updated_at, user_id, book_id, stars, comment, is_spoiler, helpful_count) VALUES (108, '2025-12-18 20:39:24', '2025-12-18 20:39:24', 6, 41, 5, 'Clearly film thank possible challenge then seat drive thus cost agreement product laugh.', false, 19);
INSERT INTO reviews (id, created_at, updated_at, user_id, book_id, stars, comment, is_spoiler, helpful_count) VALUES (109, '2025-12-18 20:39:24', '2025-12-18 20:39:24', 3, 56, 4, 'Brother nearly great deep however issue free kid have any him.', false, 9);
INSERT INTO review_likes (id, created_at, updated_at, user_id, review_id) VALUES (109, '2025-12-18 20:39:24', '2025-12-18 20:39:24', 16, 109);
INSERT INTO reviews (id, created_at, updated_at, user_id, book_id, stars, comment, is_spoiler, helpful_count) VALUES (110, '2025-12-18 20:39:24', '2025-12-18 20:39:24', 23, 102, 5, 'Create country computer every parent million body anyone eat book boy time offer.', false, 3);
INSERT INTO reviews (id, created_at, updated_at, user_id, book_id, stars, comment, is_spoiler, helpful_count) VALUES (111, '2025-12-18 20:39:24', '2025-12-18 20:39:24', 17, 45, 3, 'Assume big difficult per respond hot big safe they environmental.', false, 25);
INSERT INTO reviews (id, created_at, updated_at, user_id, book_id, stars, comment, is_spoiler, helpful_count) VALUES (112, '2025-12-18 20:39:24', '2025-12-18 20:39:24', 16, 25, 4, 'Commercial data PM relationship explain about continue traditional performance school.', false, 6);
INSERT INTO reviews (id, created_at, updated_at, user_id, book_id, stars, comment, is_spoiler, helpful_count) VALUES (113, '2025-12-18 20:39:24', '2025-12-18 20:39:24', 9, 32, 3, 'Color race coach forward lay while program into again window.', false, 3);
INSERT INTO reviews (id, created_at, updated_at, user_id, book_id, stars, comment, is_spoiler, helpful_count) VALUES (114, '2025-12-18 20:39:24', '2025-12-18 20:39:24', 15, 34, 3, 'Color set act goal listen a their line.', false, 25);
INSERT INTO reviews (id, created_at, updated_at, user_id, book_id, stars, comment, is_spoiler, helpful_count) VALUES (115, '2025-12-18 20:39:24', '2025-12-18 20:39:24', 6, 150, 5, 'Standard note wrong structure moment cold chair.', false, 16);
INSERT INTO reviews (id, created_at, updated_at, user_id, book_id, stars, comment, is_spoiler, helpful_count) VALUES (116, '2025-12-18 20:39:24', '2025-12-18 20:39:24', 5, 6, 3, 'Beyond sound friend make go nation professional effect.', false, 12);
INSERT INTO reviews (id, created_at, updated_at, user_id, book_id, stars, comment, is_spoiler, helpful_count) VALUES (117, '2025-12-18 20:39:24', '2025-12-18 20:39:24', 29, 33, 3, 'Add good report through simple tax total other both rate rock again without task.', false, 21);
INSERT INTO review_likes (id, created_at, updated_at, user_id, review_id) VALUES (117, '2025-12-18 20:39:24', '2025-12-18 20:39:24', 30, 117);
INSERT INTO reviews (id, created_at, updated_at, user_id, book_id, stars, comment, is_spoiler, helpful_count) VALUES (118, '2025-12-18 20:39:24', '2025-12-18 20:39:24', 4, 44, 5, 'Ground all officer receive issue deal become turn help.', false, 27);
INSERT INTO reviews (id, created_at, updated_at, user_id, book_id, stars, comment, is_spoiler, helpful_count) VALUES (119, '2025-12-18 20:39:24', '2025-12-18 20:39:24', 26, 128, 3, 'Whole theory quickly tonight last when money enter.', false, 24);
INSERT INTO reviews (id, created_at, updated_at, user_id, book_id, stars, comment, is_spoiler, helpful_count) VALUES (120, '2025-12-18 20:39:24', '2025-12-18 20:39:24', 12, 91, 3, 'Thousand hospital individual yes finally American mind gas partner item lawyer why.', false, 11);
INSERT INTO review_likes (id, created_at, updated_at, user_id, review_id) VALUES (120, '2025-12-18 20:39:24', '2025-12-18 20:39:24', 29, 120);
INSERT INTO reviews (id, created_at, updated_at, user_id, book_id, stars, comment, is_spoiler, helpful_count) VALUES (121, '2025-12-18 20:39:24', '2025-12-18 20:39:24', 10, 9, 5, 'Eye wide material rate letter change whom perhaps professor field explain son.', false, 39);
INSERT INTO reviews (id, created_at, updated_at, user_id, book_id, stars, comment, is_spoiler, helpful_count) VALUES (122, '2025-12-18 20:39:24', '2025-12-18 20:39:24', 19, 128, 4, 'Law design stay but major above good.', false, 35);
INSERT INTO reviews (id, created_at, updated_at, user_id, book_id, stars, comment, is_spoiler, helpful_count) VALUES (123, '2025-12-18 20:39:24', '2025-12-18 20:39:24', 6, 72, 4, 'Anyone case these size maybe when night.', false, 8);
INSERT INTO reviews (id, created_at, updated_at, user_id, book_id, stars, comment, is_spoiler, helpful_count) VALUES (124, '2025-12-18 20:39:24', '2025-12-18 20:39:24', 34, 64, 5, 'Require central run it truth fact allow usually.', false, 34);
INSERT INTO reviews (id, created_at, updated_at, user_id, book_id, stars, comment, is_spoiler, helpful_count) VALUES (125, '2025-12-18 20:39:24', '2025-12-18 20:39:24', 25, 183, 4, 'Speech PM institution whom better end few financial nor quickly.', false, 30);
INSERT INTO reviews (id, created_at, updated_at, user_id, book_id, stars, comment, is_spoiler, helpful_count) VALUES (126, '2025-12-18 20:39:24', '2025-12-18 20:39:24', 32, 89, 5, 'Source cause should economic indicate current figure father until leave contain site.', false, 32);
INSERT INTO reviews (id, created_at, updated_at, user_id, book_id, stars, comment, is_spoiler, helpful_count) VALUES (127, '2025-12-18 20:39:24', '2025-12-18 20:39:24', 18, 47, 3, 'Benefit money reason mean rate group government level which leave tree ago short.', false, 20);
INSERT INTO reviews (id, created_at, updated_at, user_id, book_id, stars, comment, is_spoiler, helpful_count) VALUES (128, '2025-12-18 20:39:24', '2025-12-18 20:39:24', 2, 200, 4, 'Sense past few drug mention camera myself not.', false, 3);
INSERT INTO reviews (id, created_at, updated_at, user_id, book_id, stars, comment, is_spoiler, helpful_count) VALUES (129, '2025-12-18 20:39:24', '2025-12-18 20:39:24', 31, 136, 4, 'Apply suddenly call prove leg several military stuff be establish worry.', false, 49);
INSERT INTO reviews (id, created_at, updated_at, user_id, book_id, stars, comment, is_spoiler, helpful_count) VALUES (130, '2025-12-18 20:39:24', '2025-12-18 20:39:24', 15, 41, 3, 'Four best fact loss former article science purpose.', false, 15);
INSERT INTO reviews (id, created_at, updated_at, user_id, book_id, stars, comment, is_spoiler, helpful_count) VALUES (131, '2025-12-18 20:39:24', '2025-12-18 20:39:24', 18, 137, 5, 'Reduce might no whose carry time policy.', false, 3);
INSERT INTO reviews (id, created_at, updated_at, user_id, book_id, stars, comment, is_spoiler, helpful_count) VALUES (132, '2025-12-18 20:39:24', '2025-12-18 20:39:24', 15, 148, 4, 'Feeling financial writer according machine reach boy a page.', false, 22);
INSERT INTO reviews (id, created_at, updated_at, user_id, book_id, stars, comment, is_spoiler, helpful_count) VALUES (133, '2025-12-18 20:39:24', '2025-12-18 20:39:24', 12, 46, 3, 'Mind easy billion agency media hospital unit feel low.', false, 37);
INSERT INTO reviews (id, created_at, updated_at, user_id, book_id, stars, comment, is_spoiler, helpful_count) VALUES (134, '2025-12-18 20:39:24', '2025-12-18 20:39:24', 23, 152, 3, 'Star success national start race teacher pay it player.', false, 45);
INSERT INTO reviews (id, created_at, updated_at, user_id, book_id, stars, comment, is_spoiler, helpful_count) VALUES (135, '2025-12-18 20:39:24', '2025-12-18 20:39:24', 10, 145, 3, 'Center seat drive memory record customer lose face beyond.', false, 31);
INSERT INTO reviews (id, created_at, updated_at, user_id, book_id, stars, comment, is_spoiler, helpful_count) VALUES (136, '2025-12-18 20:39:24', '2025-12-18 20:39:24', 12, 126, 3, 'Manage property hospital recently blue indicate interesting agreement lead nor action few population throw people amount.', false, 5);
INSERT INTO review_likes (id, created_at, updated_at, user_id, review_id) VALUES (136, '2025-12-18 20:39:24', '2025-12-18 20:39:24', 15, 136);
INSERT INTO reviews (id, created_at, updated_at, user_id, book_id, stars, comment, is_spoiler, helpful_count) VALUES (137, '2025-12-18 20:39:24', '2025-12-18 20:39:24', 2, 135, 4, 'While life rich everybody word group task me give relationship hospital artist.', false, 0);
INSERT INTO reviews (id, created_at, updated_at, user_id, book_id, stars, comment, is_spoiler, helpful_count) VALUES (138, '2025-12-18 20:39:24', '2025-12-18 20:39:24', 13, 34, 4, 'Goal rest fund resource skill everything several field hour.', false, 45);
INSERT INTO review_likes (id, created_at, updated_at, user_id, review_id) VALUES (138, '2025-12-18 20:39:24', '2025-12-18 20:39:24', 21, 138);
INSERT INTO reviews (id, created_at, updated_at, user_id, book_id, stars, comment, is_spoiler, helpful_count) VALUES (139, '2025-12-18 20:39:24', '2025-12-18 20:39:24', 4, 6, 3, 'Heavy line probably office until simple moment can food western give pay identify and.', false, 37);
INSERT INTO reviews (id, created_at, updated_at, user_id, book_id, stars, comment, is_spoiler, helpful_count) VALUES (140, '2025-12-18 20:39:24', '2025-12-18 20:39:24', 10, 199, 3, 'Discuss professor material quickly food discuss sign true somebody.', false, 33);
INSERT INTO reviews (id, created_at, updated_at, user_id, book_id, stars, comment, is_spoiler, helpful_count) VALUES (141, '2025-12-18 20:39:24', '2025-12-18 20:39:24', 5, 96, 5, 'Tonight community throughout sense information ask partner boy.', false, 42);
INSERT INTO reviews (id, created_at, updated_at, user_id, book_id, stars, comment, is_spoiler, helpful_count) VALUES (142, '2025-12-18 20:39:24', '2025-12-18 20:39:24', 7, 87, 4, 'Kid hear piece ahead company blue last card.', false, 20);
INSERT INTO review_likes (id, created_at, updated_at, user_id, review_id) VALUES (142, '2025-12-18 20:39:24', '2025-12-18 20:39:24', 11, 142);
INSERT INTO reviews (id, created_at, updated_at, user_id, book_id, stars, comment, is_spoiler, helpful_count) VALUES (143, '2025-12-18 20:39:24', '2025-12-18 20:39:24', 28, 164, 4, 'News cultural make quickly different score its more so beat agency where benefit almost cell.', false, 41);
INSERT INTO reviews (id, created_at, updated_at, user_id, book_id, stars, comment, is_spoiler, helpful_count) VALUES (144, '2025-12-18 20:39:24', '2025-12-18 20:39:24', 23, 58, 5, 'Growth impact national author continue role treat.', false, 37);
INSERT INTO reviews (id, created_at, updated_at, user_id, book_id, stars, comment, is_spoiler, helpful_count) VALUES (145, '2025-12-18 20:39:24', '2025-12-18 20:39:24', 25, 79, 5, 'Many strategy now list goal peace next case attack into heavy audience back site fear.', false, 44);
INSERT INTO review_likes (id, created_at, updated_at, user_id, review_id) VALUES (145, '2025-12-18 20:39:24', '2025-12-18 20:39:24', 12, 145);
INSERT INTO reviews (id, created_at, updated_at, user_id, book_id, stars, comment, is_spoiler, helpful_count) VALUES (146, '2025-12-18 20:39:24', '2025-12-18 20:39:24', 1, 180, 5, 'Material anything music against start face stock hospital group.', false, 25);
INSERT INTO reviews (id, created_at, updated_at, user_id, book_id, stars, comment, is_spoiler, helpful_count) VALUES (147, '2025-12-18 20:39:24', '2025-12-18 20:39:24', 3, 47, 5, 'Why avoid offer table use matter human arm recently.', false, 20);
INSERT INTO reviews (id, created_at, updated_at, user_id, book_id, stars, comment, is_spoiler, helpful_count) VALUES (148, '2025-12-18 20:39:24', '2025-12-18 20:39:24', 15, 164, 5, 'Old view world president allow instead customer thousand.', false, 6);
INSERT INTO reviews (id, created_at, updated_at, user_id, book_id, stars, comment, is_spoiler, helpful_count) VALUES (149, '2025-12-18 20:39:24', '2025-12-18 20:39:24', 10, 85, 5, 'Cause natural safe under professional there dog authority.', false, 4);
INSERT INTO review_likes (id, created_at, updated_at, user_id, review_id) VALUES (149, '2025-12-18 20:39:24', '2025-12-18 20:39:24', 21, 149);
INSERT INTO reviews (id, created_at, updated_at, user_id, book_id, stars, comment, is_spoiler, helpful_count) VALUES (150, '2025-12-18 20:39:24', '2025-12-18 20:39:24', 11, 163, 3, 'Toward reflect she along wonder wear our partner ball necessary water establish among along medical.', false, 45);
INSERT INTO reviews (id, created_at, updated_at, user_id, book_id, stars, comment, is_spoiler, helpful_count) VALUES (151, '2025-12-18 20:39:24', '2025-12-18 20:39:24', 22, 115, 3, 'It field sure will again area similar specific move team radio scene.', false, 16);
INSERT INTO review_likes (id, created_at, updated_at, user_id, review_id) VALUES (151, '2025-12-18 20:39:24', '2025-12-18 20:39:24', 5, 151);
INSERT INTO reviews (id, created_at, updated_at, user_id, book_id, stars, comment, is_spoiler, helpful_count) VALUES (152, '2025-12-18 20:39:24', '2025-12-18 20:39:24', 23, 66, 3, 'Lot hit help by red near break brother past tough goal gas truth draw begin.', false, 46);
INSERT INTO review_likes (id, created_at, updated_at, user_id, review_id) VALUES (152, '2025-12-18 20:39:24', '2025-12-18 20:39:24', 25, 152);
INSERT INTO reviews (id, created_at, updated_at, user_id, book_id, stars, comment, is_spoiler, helpful_count) VALUES (153, '2025-12-18 20:39:24', '2025-12-18 20:39:24', 29, 188, 4, 'Dinner section thousand soldier nothing yard address.', false, 10);
INSERT INTO reviews (id, created_at, updated_at, user_id, book_id, stars, comment, is_spoiler, helpful_count) VALUES (154, '2025-12-18 20:39:24', '2025-12-18 20:39:24', 32, 97, 4, 'Spend baby camera Congress analysis glass pretty each factor paper.', false, 34);
INSERT INTO reviews (id, created_at, updated_at, user_id, book_id, stars, comment, is_spoiler, helpful_count) VALUES (155, '2025-12-18 20:39:24', '2025-12-18 20:39:24', 31, 148, 5, 'Price prevent baby voice day relate spend today teach kitchen few happen necessary than.', false, 48);
INSERT INTO reviews (id, created_at, updated_at, user_id, book_id, stars, comment, is_spoiler, helpful_count) VALUES (156, '2025-12-18 20:39:24', '2025-12-18 20:39:24', 11, 116, 3, 'Money environment recently me approach too relationship perform evidence data.', false, 2);
INSERT INTO review_likes (id, created_at, updated_at, user_id, review_id) VALUES (156, '2025-12-18 20:39:24', '2025-12-18 20:39:24', 21, 156);
INSERT INTO reviews (id, created_at, updated_at, user_id, book_id, stars, comment, is_spoiler, helpful_count) VALUES (157, '2025-12-18 20:39:24', '2025-12-18 20:39:24', 17, 27, 3, 'Success minute figure need but right small along dog.', false, 21);
INSERT INTO review_likes (id, created_at, updated_at, user_id, review_id) VALUES (157, '2025-12-18 20:39:24', '2025-12-18 20:39:24', 25, 157);
INSERT INTO reviews (id, created_at, updated_at, user_id, book_id, stars, comment, is_spoiler, helpful_count) VALUES (158, '2025-12-18 20:39:24', '2025-12-18 20:39:24', 11, 188, 3, 'Practice law box material almost everyone his still be everything particular manager television.', false, 35);
INSERT INTO reviews (id, created_at, updated_at, user_id, book_id, stars, comment, is_spoiler, helpful_count) VALUES (159, '2025-12-18 20:39:24', '2025-12-18 20:39:24', 6, 87, 5, 'Know difference here process mouth produce all several visit travel senior from stock.', false, 39);
INSERT INTO reviews (id, created_at, updated_at, user_id, book_id, stars, comment, is_spoiler, helpful_count) VALUES (160, '2025-12-18 20:39:24', '2025-12-18 20:39:24', 2, 111, 5, 'Special opportunity serious game stop its into role save arm body.', false, 10);
INSERT INTO reviews (id, created_at, updated_at, user_id, book_id, stars, comment, is_spoiler, helpful_count) VALUES (161, '2025-12-18 20:39:24', '2025-12-18 20:39:24', 28, 41, 3, 'Weight usually explain yard movement interest rest shoulder employee whether level yeah draw.', false, 6);
INSERT INTO reviews (id, created_at, updated_at, user_id, book_id, stars, comment, is_spoiler, helpful_count) VALUES (162, '2025-12-18 20:39:24', '2025-12-18 20:39:24', 13, 105, 5, 'Exactly radio ever your side fast number.', false, 35);
INSERT INTO reviews (id, created_at, updated_at, user_id, book_id, stars, comment, is_spoiler, helpful_count) VALUES (163, '2025-12-18 20:39:24', '2025-12-18 20:39:24', 35, 68, 5, 'Past gun process site special part buy.', false, 18);
INSERT INTO review_likes (id, created_at, updated_at, user_id, review_id) VALUES (163, '2025-12-18 20:39:24', '2025-12-18 20:39:24', 7, 163);
INSERT INTO reviews (id, created_at, updated_at, user_id, book_id, stars, comment, is_spoiler, helpful_count) VALUES (164, '2025-12-18 20:39:24', '2025-12-18 20:39:24', 4, 101, 5, 'Produce structure summer kitchen admit across already grow point news impact often bag today necessary.', false, 35);
INSERT INTO reviews (id, created_at, updated_at, user_id, book_id, stars, comment, is_spoiler, helpful_count) VALUES (165, '2025-12-18 20:39:24', '2025-12-18 20:39:24', 10, 14, 4, 'Key election skill employee manager dinner company that.', false, 0);
INSERT INTO reviews (id, created_at, updated_at, user_id, book_id, stars, comment, is_spoiler, helpful_count) VALUES (166, '2025-12-18 20:39:24', '2025-12-18 20:39:24', 19, 170, 5, 'Discussion pressure contain medical key fish network.', false, 38);
INSERT INTO reviews (id, created_at, updated_at, user_id, book_id, stars, comment, is_spoiler, helpful_count) VALUES (167, '2025-12-18 20:39:24', '2025-12-18 20:39:24', 7, 7, 3, 'Article research else either question tax government responsibility over glass.', false, 10);
INSERT INTO reviews (id, created_at, updated_at, user_id, book_id, stars, comment, is_spoiler, helpful_count) VALUES (168, '2025-12-18 20:39:24', '2025-12-18 20:39:24', 6, 122, 3, 'Medical both back daughter now stop race author.', false, 19);
INSERT INTO reviews (id, created_at, updated_at, user_id, book_id, stars, comment, is_spoiler, helpful_count) VALUES (169, '2025-12-18 20:39:24', '2025-12-18 20:39:24', 31, 126, 5, 'Then central force small friend impact present likely wind perform civil and us.', false, 16);
INSERT INTO review_likes (id, created_at, updated_at, user_id, review_id) VALUES (169, '2025-12-18 20:39:24', '2025-12-18 20:39:24', 35, 169);
INSERT INTO reviews (id, created_at, updated_at, user_id, book_id, stars, comment, is_spoiler, helpful_count) VALUES (170, '2025-12-18 20:39:24', '2025-12-18 20:39:24', 25, 48, 4, 'Agent participant space member sit meet ok general Democrat store allow risk high young bad back.', false, 24);
INSERT INTO reviews (id, created_at, updated_at, user_id, book_id, stars, comment, is_spoiler, helpful_count) VALUES (171, '2025-12-18 20:39:24', '2025-12-18 20:39:24', 29, 12, 4, 'Not young piece safe much building these sometimes parent process.', false, 28);
INSERT INTO reviews (id, created_at, updated_at, user_id, book_id, stars, comment, is_spoiler, helpful_count) VALUES (172, '2025-12-18 20:39:24', '2025-12-18 20:39:24', 15, 69, 5, 'Kid especially structure fall during during should gun lay security break drop run they gun.', false, 3);
INSERT INTO review_likes (id, created_at, updated_at, user_id, review_id) VALUES (172, '2025-12-18 20:39:24', '2025-12-18 20:39:24', 7, 172);
INSERT INTO reviews (id, created_at, updated_at, user_id, book_id, stars, comment, is_spoiler, helpful_count) VALUES (173, '2025-12-18 20:39:24', '2025-12-18 20:39:24', 6, 172, 4, 'Night baby gun machine discover skill discover still would understand each training.', false, 34);
INSERT INTO reviews (id, created_at, updated_at, user_id, book_id, stars, comment, is_spoiler, helpful_count) VALUES (174, '2025-12-18 20:39:24', '2025-12-18 20:39:24', 15, 142, 3, 'Program painting somebody game brother impact measure chance management thing cup conference law coach industry she.', false, 24);
INSERT INTO reviews (id, created_at, updated_at, user_id, book_id, stars, comment, is_spoiler, helpful_count) VALUES (175, '2025-12-18 20:39:24', '2025-12-18 20:39:24', 27, 138, 5, 'Sea call alone issue real wrong car term truth toward great I news Republican.', false, 30);
INSERT INTO reviews (id, created_at, updated_at, user_id, book_id, stars, comment, is_spoiler, helpful_count) VALUES (176, '2025-12-18 20:39:24', '2025-12-18 20:39:24', 16, 122, 4, 'Front station from participant blue reveal available TV wear.', false, 5);
INSERT INTO reviews (id, created_at, updated_at, user_id, book_id, stars, comment, is_spoiler, helpful_count) VALUES (177, '2025-12-18 20:39:24', '2025-12-18 20:39:24', 3, 129, 5, 'Piece scientist job serious record safe rich operation star meeting charge account or.', false, 33);
INSERT INTO reviews (id, created_at, updated_at, user_id, book_id, stars, comment, is_spoiler, helpful_count) VALUES (178, '2025-12-18 20:39:24', '2025-12-18 20:39:24', 10, 31, 4, 'Here just meet open war best father game nor today oil such interview follow.', false, 11);
INSERT INTO reviews (id, created_at, updated_at, user_id, book_id, stars, comment, is_spoiler, helpful_count) VALUES (179, '2025-12-18 20:39:24', '2025-12-18 20:39:24', 11, 55, 3, 'Serious well among war think room issue everything they fire girl close.', false, 8);
INSERT INTO review_likes (id, created_at, updated_at, user_id, review_id) VALUES (179, '2025-12-18 20:39:24', '2025-12-18 20:39:24', 6, 179);
INSERT INTO reviews (id, created_at, updated_at, user_id, book_id, stars, comment, is_spoiler, helpful_count) VALUES (180, '2025-12-18 20:39:24', '2025-12-18 20:39:24', 28, 52, 5, 'Event keep those eye truth writer send under project cell deal.', false, 9);
INSERT INTO reviews (id, created_at, updated_at, user_id, book_id, stars, comment, is_spoiler, helpful_count) VALUES (181, '2025-12-18 20:39:24', '2025-12-18 20:39:24', 17, 82, 5, 'Senior agree total whether music sometimes according strategy ago data walk number rule minute store.', false, 4);
INSERT INTO review_likes (id, created_at, updated_at, user_id, review_id) VALUES (181, '2025-12-18 20:39:24', '2025-12-18 20:39:24', 26, 181);
INSERT INTO reviews (id, created_at, updated_at, user_id, book_id, stars, comment, is_spoiler, helpful_count) VALUES (182, '2025-12-18 20:39:24', '2025-12-18 20:39:24', 21, 71, 5, 'Truth respond try build threat manage beautiful carry everything protect why.', false, 29);
INSERT INTO reviews (id, created_at, updated_at, user_id, book_id, stars, comment, is_spoiler, helpful_count) VALUES (183, '2025-12-18 20:39:24', '2025-12-18 20:39:24', 34, 108, 3, 'Season develop avoid church friend law save public.', false, 26);
INSERT INTO review_likes (id, created_at, updated_at, user_id, review_id) VALUES (183, '2025-12-18 20:39:24', '2025-12-18 20:39:24', 7, 183);
INSERT INTO reviews (id, created_at, updated_at, user_id, book_id, stars, comment, is_spoiler, helpful_count) VALUES (184, '2025-12-18 20:39:24', '2025-12-18 20:39:24', 7, 145, 3, 'Religious fire under item usually some fish success.', false, 50);
INSERT INTO review_likes (id, created_at, updated_at, user_id, review_id) VALUES (184, '2025-12-18 20:39:24', '2025-12-18 20:39:24', 35, 184);
INSERT INTO reviews (id, created_at, updated_at, user_id, book_id, stars, comment, is_spoiler, helpful_count) VALUES (185, '2025-12-18 20:39:24', '2025-12-18 20:39:24', 23, 106, 4, 'Along play account carry heavy wall pull enter charge sport safe executive cup then week tax.', false, 24);
INSERT INTO reviews (id, created_at, updated_at, user_id, book_id, stars, comment, is_spoiler, helpful_count) VALUES (186, '2025-12-18 20:39:24', '2025-12-18 20:39:24', 31, 10, 3, 'About attack newspaper decade concern industry enjoy herself on point.', false, 17);
INSERT INTO reviews (id, created_at, updated_at, user_id, book_id, stars, comment, is_spoiler, helpful_count) VALUES (187, '2025-12-18 20:39:24', '2025-12-18 20:39:24', 26, 10, 4, 'Most west there subject themselves property make picture our myself far despite while to.', false, 21);
INSERT INTO reviews (id, created_at, updated_at, user_id, book_id, stars, comment, is_spoiler, helpful_count) VALUES (188, '2025-12-18 20:39:24', '2025-12-18 20:39:24', 4, 191, 4, 'Information language easy interesting computer what produce girl huge campaign think.', false, 17);
INSERT INTO reviews (id, created_at, updated_at, user_id, book_id, stars, comment, is_spoiler, helpful_count) VALUES (189, '2025-12-18 20:39:24', '2025-12-18 20:39:24', 2, 87, 4, 'Over reach ahead environmental Democrat surface important no follow push in speak interesting end.', false, 19);
INSERT INTO review_likes (id, created_at, updated_at, user_id, review_id) VALUES (189, '2025-12-18 20:39:24', '2025-12-18 20:39:24', 32, 189);
INSERT INTO reviews (id, created_at, updated_at, user_id, book_id, stars, comment, is_spoiler, helpful_count) VALUES (190, '2025-12-18 20:39:24', '2025-12-18 20:39:24', 7, 59, 3, 'Environmental rock fund stand final important occur.', false, 19);
INSERT INTO reviews (id, created_at, updated_at, user_id, book_id, stars, comment, is_spoiler, helpful_count) VALUES (191, '2025-12-18 20:39:24', '2025-12-18 20:39:24', 29, 199, 4, 'Movie single book why particularly can music wear again.', false, 17);
INSERT INTO reviews (id, created_at, updated_at, user_id, book_id, stars, comment, is_spoiler, helpful_count) VALUES (192, '2025-12-18 20:39:24', '2025-12-18 20:39:24', 6, 49, 4, 'Bed relate treatment short need pressure million gun cup church movie teacher.', false, 13);
INSERT INTO reviews (id, created_at, updated_at, user_id, book_id, stars, comment, is_spoiler, helpful_count) VALUES (193, '2025-12-18 20:39:24', '2025-12-18 20:39:24', 27, 190, 4, 'Face claim hear including need eat add suddenly sense money.', false, 48);
INSERT INTO reviews (id, created_at, updated_at, user_id, book_id, stars, comment, is_spoiler, helpful_count) VALUES (194, '2025-12-18 20:39:24', '2025-12-18 20:39:24', 24, 15, 5, 'Huge machine church feeling discover significant easy evening buy six pretty capital scientist establish.', false, 50);
INSERT INTO review_likes (id, created_at, updated_at, user_id, review_id) VALUES (194, '2025-12-18 20:39:24', '2025-12-18 20:39:24', 20, 194);
INSERT INTO reviews (id, created_at, updated_at, user_id, book_id, stars, comment, is_spoiler, helpful_count) VALUES (195, '2025-12-18 20:39:24', '2025-12-18 20:39:24', 33, 104, 3, 'Baby mean region run after sea must try.', false, 49);
INSERT INTO reviews (id, created_at, updated_at, user_id, book_id, stars, comment, is_spoiler, helpful_count) VALUES (196, '2025-12-18 20:39:24', '2025-12-18 20:39:24', 2, 45, 3, 'Save society create paper fine food mention age.', false, 12);
INSERT INTO reviews (id, created_at, updated_at, user_id, book_id, stars, comment, is_spoiler, helpful_count) VALUES (197, '2025-12-18 20:39:24', '2025-12-18 20:39:24', 16, 9, 4, 'Learn between wide office heavy involve develop image everything expect reflect.', false, 3);
INSERT INTO reviews (id, created_at, updated_at, user_id, book_id, stars, comment, is_spoiler, helpful_count) VALUES (198, '2025-12-18 20:39:24', '2025-12-18 20:39:24', 13, 71, 4, 'Each admit market hour head national board difference window however discussion have none poor.', false, 29);
INSERT INTO reviews (id, created_at, updated_at, user_id, book_id, stars, comment, is_spoiler, helpful_count) VALUES (199, '2025-12-18 20:39:24', '2025-12-18 20:39:24', 8, 175, 3, 'Century picture base night debate walk order base idea study model style.', false, 15);
INSERT INTO reviews (id, created_at, updated_at, user_id, book_id, stars, comment, is_spoiler, helpful_count) VALUES (200, '2025-12-18 20:39:24', '2025-12-18 20:39:24', 29, 46, 4, 'Arrive management in scientist strong already ready out the environmental.', false, 37);
INSERT INTO reviews (id, created_at, updated_at, user_id, book_id, stars, comment, is_spoiler, helpful_count) VALUES (201, '2025-12-18 20:39:24', '2025-12-18 20:39:24', 23, 42, 4, 'Sense some nation fine present focus remember method teach yeah.', false, 47);
INSERT INTO reviews (id, created_at, updated_at, user_id, book_id, stars, comment, is_spoiler, helpful_count) VALUES (202, '2025-12-18 20:39:24', '2025-12-18 20:39:24', 6, 73, 3, 'Tv international back camera add mind building culture.', false, 24);
INSERT INTO review_likes (id, created_at, updated_at, user_id, review_id) VALUES (202, '2025-12-18 20:39:24', '2025-12-18 20:39:24', 14, 202);
INSERT INTO reviews (id, created_at, updated_at, user_id, book_id, stars, comment, is_spoiler, helpful_count) VALUES (203, '2025-12-18 20:39:24', '2025-12-18 20:39:24', 15, 166, 3, 'Although interest color sort maintain see natural human.', false, 43);
INSERT INTO review_likes (id, created_at, updated_at, user_id, review_id) VALUES (203, '2025-12-18 20:39:24', '2025-12-18 20:39:24', 27, 203);
INSERT INTO reviews (id, created_at, updated_at, user_id, book_id, stars, comment, is_spoiler, helpful_count) VALUES (204, '2025-12-18 20:39:24', '2025-12-18 20:39:24', 33, 6, 5, 'Brother yet result they even follow threat nor coach face rate.', false, 0);
INSERT INTO reviews (id, created_at, updated_at, user_id, book_id, stars, comment, is_spoiler, helpful_count) VALUES (205, '2025-12-18 20:39:24', '2025-12-18 20:39:24', 9, 166, 3, 'Weight he page line decision form section you until clearly resource listen fish conference like year.', false, 38);
INSERT INTO reviews (id, created_at, updated_at, user_id, book_id, stars, comment, is_spoiler, helpful_count) VALUES (206, '2025-12-18 20:39:24', '2025-12-18 20:39:24', 15, 65, 5, 'Find could really Mrs former article light.', false, 19);
INSERT INTO reviews (id, created_at, updated_at, user_id, book_id, stars, comment, is_spoiler, helpful_count) VALUES (207, '2025-12-18 20:39:24', '2025-12-18 20:39:24', 18, 109, 4, 'At player third general add cover exist treatment international.', false, 22);
INSERT INTO reviews (id, created_at, updated_at, user_id, book_id, stars, comment, is_spoiler, helpful_count) VALUES (208, '2025-12-18 20:39:24', '2025-12-18 20:39:24', 14, 120, 4, 'Happen short various night political dark or bill describe condition nor.', false, 43);
INSERT INTO reviews (id, created_at, updated_at, user_id, book_id, stars, comment, is_spoiler, helpful_count) VALUES (209, '2025-12-18 20:39:24', '2025-12-18 20:39:24', 26, 150, 3, 'Someone onto she form sign option everyone southern the.', false, 0);
INSERT INTO reviews (id, created_at, updated_at, user_id, book_id, stars, comment, is_spoiler, helpful_count) VALUES (210, '2025-12-18 20:39:24', '2025-12-18 20:39:24', 24, 144, 5, 'Decide able discussion describe upon past century little a back wide case southern international.', false, 38);
INSERT INTO reviews (id, created_at, updated_at, user_id, book_id, stars, comment, is_spoiler, helpful_count) VALUES (211, '2025-12-18 20:39:24', '2025-12-18 20:39:24', 20, 176, 3, 'Force matter bring nice help history listen find miss most third success western watch.', false, 30);
INSERT INTO review_likes (id, created_at, updated_at, user_id, review_id) VALUES (211, '2025-12-18 20:39:24', '2025-12-18 20:39:24', 18, 211);
INSERT INTO reviews (id, created_at, updated_at, user_id, book_id, stars, comment, is_spoiler, helpful_count) VALUES (212, '2025-12-18 20:39:24', '2025-12-18 20:39:24', 17, 168, 5, 'Represent style night majority smile rate newspaper itself give agent hand.', false, 41);
INSERT INTO review_likes (id, created_at, updated_at, user_id, review_id) VALUES (212, '2025-12-18 20:39:24', '2025-12-18 20:39:24', 10, 212);
INSERT INTO reviews (id, created_at, updated_at, user_id, book_id, stars, comment, is_spoiler, helpful_count) VALUES (213, '2025-12-18 20:39:24', '2025-12-18 20:39:24', 34, 196, 3, 'Side generation interest pay then turn course hear value yet cultural guess crime only.', false, 3);
INSERT INTO reviews (id, created_at, updated_at, user_id, book_id, stars, comment, is_spoiler, helpful_count) VALUES (214, '2025-12-18 20:39:24', '2025-12-18 20:39:24', 26, 170, 4, 'Behind hard effect TV parent almost ever long analysis receive education personal.', false, 43);
INSERT INTO review_likes (id, created_at, updated_at, user_id, review_id) VALUES (214, '2025-12-18 20:39:24', '2025-12-18 20:39:24', 2, 214);
INSERT INTO reviews (id, created_at, updated_at, user_id, book_id, stars, comment, is_spoiler, helpful_count) VALUES (215, '2025-12-18 20:39:24', '2025-12-18 20:39:24', 32, 76, 4, 'Statement tell until young place make list themselves seek space although ahead thus check save.', false, 26);
INSERT INTO reviews (id, created_at, updated_at, user_id, book_id, stars, comment, is_spoiler, helpful_count) VALUES (216, '2025-12-18 20:39:24', '2025-12-18 20:39:24', 3, 150, 5, 'Bar street budget kitchen report fire teach everyone system.', false, 36);
INSERT INTO reviews (id, created_at, updated_at, user_id, book_id, stars, comment, is_spoiler, helpful_count) VALUES (217, '2025-12-18 20:39:24', '2025-12-18 20:39:24', 22, 186, 5, 'Scene four public tonight today college worry reveal hand add professor indicate property article cover seven.', false, 14);
INSERT INTO reviews (id, created_at, updated_at, user_id, book_id, stars, comment, is_spoiler, helpful_count) VALUES (218, '2025-12-18 20:39:24', '2025-12-18 20:39:24', 31, 172, 4, 'Rock base kitchen every cup measure common section study.', false, 32);
INSERT INTO reviews (id, created_at, updated_at, user_id, book_id, stars, comment, is_spoiler, helpful_count) VALUES (219, '2025-12-18 20:39:24', '2025-12-18 20:39:24', 11, 169, 5, 'Find night brother letter structure beat us.', false, 11);
INSERT INTO review_likes (id, created_at, updated_at, user_id, review_id) VALUES (219, '2025-12-18 20:39:24', '2025-12-18 20:39:24', 31, 219);
INSERT INTO reviews (id, created_at, updated_at, user_id, book_id, stars, comment, is_spoiler, helpful_count) VALUES (220, '2025-12-18 20:39:24', '2025-12-18 20:39:24', 9, 190, 4, 'Break bed role control option whole short small.', false, 46);
INSERT INTO reviews (id, created_at, updated_at, user_id, book_id, stars, comment, is_spoiler, helpful_count) VALUES (221, '2025-12-18 20:39:24', '2025-12-18 20:39:24', 12, 175, 4, 'Point least theory wall film race wall ten section scene.', false, 41);
INSERT INTO review_likes (id, created_at, updated_at, user_id, review_id) VALUES (221, '2025-12-18 20:39:24', '2025-12-18 20:39:24', 23, 221);
INSERT INTO reviews (id, created_at, updated_at, user_id, book_id, stars, comment, is_spoiler, helpful_count) VALUES (222, '2025-12-18 20:39:24', '2025-12-18 20:39:24', 15, 191, 4, 'Apply relationship concern cell firm difficult could third computer far recently.', false, 26);
INSERT INTO reviews (id, created_at, updated_at, user_id, book_id, stars, comment, is_spoiler, helpful_count) VALUES (223, '2025-12-18 20:39:24', '2025-12-18 20:39:24', 22, 96, 4, 'Begin great hair sign mission stop reach color wear one choose.', false, 37);
INSERT INTO review_likes (id, created_at, updated_at, user_id, review_id) VALUES (223, '2025-12-18 20:39:24', '2025-12-18 20:39:24', 8, 223);
INSERT INTO reviews (id, created_at, updated_at, user_id, book_id, stars, comment, is_spoiler, helpful_count) VALUES (224, '2025-12-18 20:39:24', '2025-12-18 20:39:24', 31, 14, 5, 'Decision reduce get specific someone debate record mean stop some before significant election life all.', false, 37);
INSERT INTO reviews (id, created_at, updated_at, user_id, book_id, stars, comment, is_spoiler, helpful_count) VALUES (225, '2025-12-18 20:39:24', '2025-12-18 20:39:24', 5, 121, 3, 'Military piece little level follow nor probably top.', false, 32);
INSERT INTO review_likes (id, created_at, updated_at, user_id, review_id) VALUES (225, '2025-12-18 20:39:24', '2025-12-18 20:39:24', 25, 225);
INSERT INTO reviews (id, created_at, updated_at, user_id, book_id, stars, comment, is_spoiler, helpful_count) VALUES (226, '2025-12-18 20:39:24', '2025-12-18 20:39:24', 34, 77, 4, 'Red picture thank account instead friend possible beyond tree fill level control.', false, 3);
INSERT INTO reviews (id, created_at, updated_at, user_id, book_id, stars, comment, is_spoiler, helpful_count) VALUES (227, '2025-12-18 20:39:24', '2025-12-18 20:39:24', 10, 36, 3, 'Keep pattern order reason room list during.', false, 21);
INSERT INTO reviews (id, created_at, updated_at, user_id, book_id, stars, comment, is_spoiler, helpful_count) VALUES (228, '2025-12-18 20:39:24', '2025-12-18 20:39:24', 30, 37, 4, 'Over lot husband always upon doctor various until blue international especially officer.', false, 45);
INSERT INTO review_likes (id, created_at, updated_at, user_id, review_id) VALUES (228, '2025-12-18 20:39:24', '2025-12-18 20:39:24', 6, 228);
INSERT INTO reviews (id, created_at, updated_at, user_id, book_id, stars, comment, is_spoiler, helpful_count) VALUES (229, '2025-12-18 20:39:24', '2025-12-18 20:39:24', 32, 86, 5, 'Agreement mention two though whole wall cup win sell candidate four whether wife finally she soon.', false, 11);
INSERT INTO reviews (id, created_at, updated_at, user_id, book_id, stars, comment, is_spoiler, helpful_count) VALUES (230, '2025-12-18 20:39:24', '2025-12-18 20:39:24', 4, 2, 4, 'How leave probably customer common film continue tax job right child new simply above.', false, 17);
INSERT INTO review_likes (id, created_at, updated_at, user_id, review_id) VALUES (230, '2025-12-18 20:39:24', '2025-12-18 20:39:24', 11, 230);
INSERT INTO reviews (id, created_at, updated_at, user_id, book_id, stars, comment, is_spoiler, helpful_count) VALUES (231, '2025-12-18 20:39:24', '2025-12-18 20:39:24', 11, 126, 3, 'General likely rather recognize tree protect story relationship several.', false, 8);
INSERT INTO reviews (id, created_at, updated_at, user_id, book_id, stars, comment, is_spoiler, helpful_count) VALUES (232, '2025-12-18 20:39:24', '2025-12-18 20:39:24', 28, 104, 4, 'Hold five very hundred force executive push their.', false, 30);
INSERT INTO reviews (id, created_at, updated_at, user_id, book_id, stars, comment, is_spoiler, helpful_count) VALUES (233, '2025-12-18 20:39:24', '2025-12-18 20:39:24', 3, 137, 3, 'Hour author major science only develop part should hard fund statement particular seem trip population catch.', false, 46);
INSERT INTO reviews (id, created_at, updated_at, user_id, book_id, stars, comment, is_spoiler, helpful_count) VALUES (234, '2025-12-18 20:39:24', '2025-12-18 20:39:24', 1, 83, 5, 'Analysis few behavior himself conference character find push lose end.', false, 12);
INSERT INTO reviews (id, created_at, updated_at, user_id, book_id, stars, comment, is_spoiler, helpful_count) VALUES (235, '2025-12-18 20:39:24', '2025-12-18 20:39:24', 16, 58, 5, 'Conference huge military blood south get run pretty identify southern claim can medical.', false, 22);
INSERT INTO reviews (id, created_at, updated_at, user_id, book_id, stars, comment, is_spoiler, helpful_count) VALUES (236, '2025-12-18 20:39:24', '2025-12-18 20:39:24', 7, 99, 5, 'Activity president prove institution approach interesting score break southern traditional maybe sit Republican such.', false, 37);
INSERT INTO reviews (id, created_at, updated_at, user_id, book_id, stars, comment, is_spoiler, helpful_count) VALUES (237, '2025-12-18 20:39:24', '2025-12-18 20:39:24', 5, 12, 4, 'Born condition interest service that bag according way remain election method pass.', false, 18);
INSERT INTO reviews (id, created_at, updated_at, user_id, book_id, stars, comment, is_spoiler, helpful_count) VALUES (238, '2025-12-18 20:39:24', '2025-12-18 20:39:24', 34, 153, 5, 'Itself let always test least anyone out hard international push short age environment fall.', false, 21);
INSERT INTO reviews (id, created_at, updated_at, user_id, book_id, stars, comment, is_spoiler, helpful_count) VALUES (239, '2025-12-18 20:39:24', '2025-12-18 20:39:24', 9, 88, 4, 'Adult foot player other ground already school eat base behind risk plan issue.', false, 22);
INSERT INTO reviews (id, created_at, updated_at, user_id, book_id, stars, comment, is_spoiler, helpful_count) VALUES (240, '2025-12-18 20:39:24', '2025-12-18 20:39:24', 11, 104, 3, 'Generation leader pay try tough usually star notice American force although.', false, 14);
INSERT INTO review_likes (id, created_at, updated_at, user_id, review_id) VALUES (240, '2025-12-18 20:39:24', '2025-12-18 20:39:24', 9, 240);
INSERT INTO reviews (id, created_at, updated_at, user_id, book_id, stars, comment, is_spoiler, helpful_count) VALUES (241, '2025-12-18 20:39:24', '2025-12-18 20:39:24', 14, 188, 3, 'With point think high woman bad until see institution against wear either present third student item.', false, 37);
INSERT INTO reviews (id, created_at, updated_at, user_id, book_id, stars, comment, is_spoiler, helpful_count) VALUES (242, '2025-12-18 20:39:24', '2025-12-18 20:39:24', 8, 94, 5, 'Soldier number yet past much soldier reason any.', false, 41);
INSERT INTO reviews (id, created_at, updated_at, user_id, book_id, stars, comment, is_spoiler, helpful_count) VALUES (243, '2025-12-18 20:39:24', '2025-12-18 20:39:24', 25, 164, 4, 'List set join section sing everybody provide painting travel question evening imagine affect increase candidate.', false, 49);
INSERT INTO reviews (id, created_at, updated_at, user_id, book_id, stars, comment, is_spoiler, helpful_count) VALUES (244, '2025-12-18 20:39:24', '2025-12-18 20:39:24', 4, 153, 3, 'Leg so play best different remember determine particularly rock participant leave.', false, 42);
INSERT INTO review_likes (id, created_at, updated_at, user_id, review_id) VALUES (244, '2025-12-18 20:39:24', '2025-12-18 20:39:24', 2, 244);
INSERT INTO reviews (id, created_at, updated_at, user_id, book_id, stars, comment, is_spoiler, helpful_count) VALUES (245, '2025-12-18 20:39:24', '2025-12-18 20:39:24', 4, 177, 3, 'Play forget home upon actually future get know left sea decision recently pull.', false, 26);
INSERT INTO reviews (id, created_at, updated_at, user_id, book_id, stars, comment, is_spoiler, helpful_count) VALUES (246, '2025-12-18 20:39:24', '2025-12-18 20:39:24', 8, 141, 4, 'Idea produce number bad main world bar security morning fight seem.', false, 30);
INSERT INTO reviews (id, created_at, updated_at, user_id, book_id, stars, comment, is_spoiler, helpful_count) VALUES (247, '2025-12-18 20:39:24', '2025-12-18 20:39:24', 14, 178, 5, 'Purpose ahead person coach goal it yet age wind news make doctor TV capital.', false, 40);
INSERT INTO review_likes (id, created_at, updated_at, user_id, review_id) VALUES (247, '2025-12-18 20:39:24', '2025-12-18 20:39:24', 27, 247);
INSERT INTO reviews (id, created_at, updated_at, user_id, book_id, stars, comment, is_spoiler, helpful_count) VALUES (248, '2025-12-18 20:39:24', '2025-12-18 20:39:24', 7, 170, 5, 'We but how deep book eye ten short worker without nearly goal design too everything side.', false, 17);
INSERT INTO reviews (id, created_at, updated_at, user_id, book_id, stars, comment, is_spoiler, helpful_count) VALUES (249, '2025-12-18 20:39:24', '2025-12-18 20:39:24', 9, 108, 3, 'Black those whether seven fish movie hot teacher manager less step last under concern eye mouth.', false, 32);
INSERT INTO reviews (id, created_at, updated_at, user_id, book_id, stars, comment, is_spoiler, helpful_count) VALUES (250, '2025-12-18 20:39:24', '2025-12-18 20:39:24', 8, 73, 3, 'Several prevent raise better oil individual industry country ahead difference particular me.', false, 50);
INSERT INTO review_likes (id, created_at, updated_at, user_id, review_id) VALUES (250, '2025-12-18 20:39:24', '2025-12-18 20:39:24', 13, 250);
INSERT INTO reviews (id, created_at, updated_at, user_id, book_id, stars, comment, is_spoiler, helpful_count) VALUES (251, '2025-12-18 20:39:24', '2025-12-18 20:39:24', 13, 200, 4, 'Outside rule watch foot economic notice line before.', false, 33);
INSERT INTO reviews (id, created_at, updated_at, user_id, book_id, stars, comment, is_spoiler, helpful_count) VALUES (252, '2025-12-18 20:39:24', '2025-12-18 20:39:24', 23, 181, 4, 'Age over smile hope memory cover tree leader rich dream line require.', false, 18);
INSERT INTO review_likes (id, created_at, updated_at, user_id, review_id) VALUES (252, '2025-12-18 20:39:24', '2025-12-18 20:39:24', 32, 252);
INSERT INTO reviews (id, created_at, updated_at, user_id, book_id, stars, comment, is_spoiler, helpful_count) VALUES (253, '2025-12-18 20:39:24', '2025-12-18 20:39:24', 14, 177, 4, 'Follow fall thus debate leave each owner wrong someone win.', false, 21);
INSERT INTO review_likes (id, created_at, updated_at, user_id, review_id) VALUES (253, '2025-12-18 20:39:24', '2025-12-18 20:39:24', 1, 253);
INSERT INTO reviews (id, created_at, updated_at, user_id, book_id, stars, comment, is_spoiler, helpful_count) VALUES (254, '2025-12-18 20:39:24', '2025-12-18 20:39:24', 6, 29, 5, 'Political sound study the training each reveal attorney security radio image mind like history.', false, 42);
INSERT INTO reviews (id, created_at, updated_at, user_id, book_id, stars, comment, is_spoiler, helpful_count) VALUES (255, '2025-12-18 20:39:24', '2025-12-18 20:39:24', 6, 200, 5, 'Whatever third Mr respond parent writer resource just still art speech stock rise.', false, 4);
INSERT INTO reviews (id, created_at, updated_at, user_id, book_id, stars, comment, is_spoiler, helpful_count) VALUES (256, '2025-12-18 20:39:24', '2025-12-18 20:39:24', 7, 66, 5, 'Guy respond memory power investment buy certainly.', false, 14);
INSERT INTO reviews (id, created_at, updated_at, user_id, book_id, stars, comment, is_spoiler, helpful_count) VALUES (257, '2025-12-18 20:39:24', '2025-12-18 20:39:24', 19, 68, 4, 'Serious often social reveal hand prevent center during lot enough form.', false, 3);
INSERT INTO review_likes (id, created_at, updated_at, user_id, review_id) VALUES (257, '2025-12-18 20:39:24', '2025-12-18 20:39:24', 12, 257);
INSERT INTO reviews (id, created_at, updated_at, user_id, book_id, stars, comment, is_spoiler, helpful_count) VALUES (258, '2025-12-18 20:39:24', '2025-12-18 20:39:24', 3, 75, 4, 'Leader remember sell serious garden ready former late.', false, 43);
INSERT INTO reviews (id, created_at, updated_at, user_id, book_id, stars, comment, is_spoiler, helpful_count) VALUES (259, '2025-12-18 20:39:24', '2025-12-18 20:39:24', 8, 25, 3, 'Nothing organization seven challenge eye determine he guy fact war citizen.', false, 0);
INSERT INTO reviews (id, created_at, updated_at, user_id, book_id, stars, comment, is_spoiler, helpful_count) VALUES (260, '2025-12-18 20:39:24', '2025-12-18 20:39:24', 23, 113, 5, 'Little key far season reason chair factor his PM agreement deep.', false, 17);
INSERT INTO reviews (id, created_at, updated_at, user_id, book_id, stars, comment, is_spoiler, helpful_count) VALUES (261, '2025-12-18 20:39:24', '2025-12-18 20:39:24', 6, 96, 4, 'Chance activity hair meet thank might local tonight win popular onto.', false, 11);
INSERT INTO review_likes (id, created_at, updated_at, user_id, review_id) VALUES (261, '2025-12-18 20:39:24', '2025-12-18 20:39:24', 26, 261);
INSERT INTO reviews (id, created_at, updated_at, user_id, book_id, stars, comment, is_spoiler, helpful_count) VALUES (262, '2025-12-18 20:39:24', '2025-12-18 20:39:24', 30, 70, 4, 'Fire hear tend magazine college moment compare today add water garden finally difference everything.', false, 44);
INSERT INTO reviews (id, created_at, updated_at, user_id, book_id, stars, comment, is_spoiler, helpful_count) VALUES (263, '2025-12-18 20:39:24', '2025-12-18 20:39:24', 27, 167, 3, 'Practice ground least tree trade style suffer situation model.', false, 7);
INSERT INTO review_likes (id, created_at, updated_at, user_id, review_id) VALUES (263, '2025-12-18 20:39:24', '2025-12-18 20:39:24', 4, 263);
INSERT INTO reviews (id, created_at, updated_at, user_id, book_id, stars, comment, is_spoiler, helpful_count) VALUES (264, '2025-12-18 20:39:24', '2025-12-18 20:39:24', 11, 27, 4, 'Scientist hair allow phone weight medical even which suggest Mrs.', false, 37);
INSERT INTO reviews (id, created_at, updated_at, user_id, book_id, stars, comment, is_spoiler, helpful_count) VALUES (265, '2025-12-18 20:39:24', '2025-12-18 20:39:24', 29, 47, 5, 'Wife argue note easy eight school ready practice.', false, 24);
INSERT INTO reviews (id, created_at, updated_at, user_id, book_id, stars, comment, is_spoiler, helpful_count) VALUES (266, '2025-12-18 20:39:24', '2025-12-18 20:39:24', 2, 176, 5, 'Direction response concern without entire everyone sea safe true town.', false, 8);
INSERT INTO reviews (id, created_at, updated_at, user_id, book_id, stars, comment, is_spoiler, helpful_count) VALUES (267, '2025-12-18 20:39:24', '2025-12-18 20:39:24', 32, 29, 4, 'Mission article dinner one ok less Mr sit five.', false, 28);
INSERT INTO review_likes (id, created_at, updated_at, user_id, review_id) VALUES (267, '2025-12-18 20:39:24', '2025-12-18 20:39:24', 17, 267);
INSERT INTO reviews (id, created_at, updated_at, user_id, book_id, stars, comment, is_spoiler, helpful_count) VALUES (268, '2025-12-18 20:39:24', '2025-12-18 20:39:24', 21, 4, 5, 'Cultural bring bar culture my Democrat maintain notice.', false, 43);
INSERT INTO reviews (id, created_at, updated_at, user_id, book_id, stars, comment, is_spoiler, helpful_count) VALUES (269, '2025-12-18 20:39:24', '2025-12-18 20:39:24', 15, 172, 4, 'Involve toward result kind politics open play sense yeah edge imagine establish piece forget low exist.', false, 33);
INSERT INTO reviews (id, created_at, updated_at, user_id, book_id, stars, comment, is_spoiler, helpful_count) VALUES (270, '2025-12-18 20:39:24', '2025-12-18 20:39:24', 7, 111, 5, 'Enough mother game question me personal born series consider according throw.', false, 46);
INSERT INTO review_likes (id, created_at, updated_at, user_id, review_id) VALUES (270, '2025-12-18 20:39:24', '2025-12-18 20:39:24', 23, 270);
INSERT INTO reviews (id, created_at, updated_at, user_id, book_id, stars, comment, is_spoiler, helpful_count) VALUES (271, '2025-12-18 20:39:24', '2025-12-18 20:39:24', 25, 39, 5, 'Like clear assume it fight understand kitchen point Mrs consumer single several degree maybe floor.', false, 39);
INSERT INTO review_likes (id, created_at, updated_at, user_id, review_id) VALUES (271, '2025-12-18 20:39:24', '2025-12-18 20:39:24', 11, 271);
INSERT INTO reviews (id, created_at, updated_at, user_id, book_id, stars, comment, is_spoiler, helpful_count) VALUES (272, '2025-12-18 20:39:24', '2025-12-18 20:39:24', 33, 121, 4, 'Line range until decision public food court how commercial citizen production for might listen organization.', false, 10);
INSERT INTO review_likes (id, created_at, updated_at, user_id, review_id) VALUES (272, '2025-12-18 20:39:24', '2025-12-18 20:39:24', 32, 272);
INSERT INTO reviews (id, created_at, updated_at, user_id, book_id, stars, comment, is_spoiler, helpful_count) VALUES (273, '2025-12-18 20:39:24', '2025-12-18 20:39:24', 21, 62, 4, 'Sister especially usually line task field certain free government seat last interesting hour.', false, 17);
INSERT INTO review_likes (id, created_at, updated_at, user_id, review_id) VALUES (273, '2025-12-18 20:39:24', '2025-12-18 20:39:24', 15, 273);
INSERT INTO reviews (id, created_at, updated_at, user_id, book_id, stars, comment, is_spoiler, helpful_count) VALUES (274, '2025-12-18 20:39:24', '2025-12-18 20:39:24', 25, 104, 3, 'Accept vote area impact position cause lead ever stand dark product eight strategy.', false, 5);
INSERT INTO reviews (id, created_at, updated_at, user_id, book_id, stars, comment, is_spoiler, helpful_count) VALUES (275, '2025-12-18 20:39:24', '2025-12-18 20:39:24', 29, 23, 4, 'Focus so for nice current Democrat me.', false, 28);
INSERT INTO reviews (id, created_at, updated_at, user_id, book_id, stars, comment, is_spoiler, helpful_count) VALUES (276, '2025-12-18 20:39:24', '2025-12-18 20:39:24', 32, 191, 5, 'Blood during for look return like wife animal process reach training.', false, 1);
INSERT INTO review_likes (id, created_at, updated_at, user_id, review_id) VALUES (276, '2025-12-18 20:39:24', '2025-12-18 20:39:24', 27, 276);
INSERT INTO reviews (id, created_at, updated_at, user_id, book_id, stars, comment, is_spoiler, helpful_count) VALUES (277, '2025-12-18 20:39:24', '2025-12-18 20:39:24', 3, 143, 5, 'Economic would only arrive argue garden Mrs just exist line thing available with run.', false, 0);
INSERT INTO reviews (id, created_at, updated_at, user_id, book_id, stars, comment, is_spoiler, helpful_count) VALUES (278, '2025-12-18 20:39:24', '2025-12-18 20:39:24', 20, 131, 5, 'Them operation off no just foreign national produce news.', false, 13);
INSERT INTO reviews (id, created_at, updated_at, user_id, book_id, stars, comment, is_spoiler, helpful_count) VALUES (279, '2025-12-18 20:39:24', '2025-12-18 20:39:24', 30, 88, 4, 'Ready cell show that recognize school whatever guess significant section Democrat.', false, 3);
INSERT INTO reviews (id, created_at, updated_at, user_id, book_id, stars, comment, is_spoiler, helpful_count) VALUES (280, '2025-12-18 20:39:24', '2025-12-18 20:39:24', 30, 85, 5, 'Life leave four question region effort section age budget improve how main.', false, 49);
INSERT INTO reviews (id, created_at, updated_at, user_id, book_id, stars, comment, is_spoiler, helpful_count) VALUES (281, '2025-12-18 20:39:24', '2025-12-18 20:39:24', 31, 184, 5, 'Story art writer health not yet where.', false, 23);
INSERT INTO reviews (id, created_at, updated_at, user_id, book_id, stars, comment, is_spoiler, helpful_count) VALUES (282, '2025-12-18 20:39:24', '2025-12-18 20:39:24', 15, 1, 4, 'So man offer plant same north wind sister mother sometimes suffer because.', false, 22);
INSERT INTO reviews (id, created_at, updated_at, user_id, book_id, stars, comment, is_spoiler, helpful_count) VALUES (283, '2025-12-18 20:39:24', '2025-12-18 20:39:24', 19, 141, 5, 'Particular year sell short issue everybody later thing school practice authority possible fund month.', false, 23);
INSERT INTO reviews (id, created_at, updated_at, user_id, book_id, stars, comment, is_spoiler, helpful_count) VALUES (284, '2025-12-18 20:39:24', '2025-12-18 20:39:24', 3, 43, 4, 'Threat husband family perhaps hope across follow character talk once should mother president.', false, 8);
INSERT INTO reviews (id, created_at, updated_at, user_id, book_id, stars, comment, is_spoiler, helpful_count) VALUES (285, '2025-12-18 20:39:24', '2025-12-18 20:39:24', 27, 28, 4, 'Show off great they test check significant deal consider ago.', false, 39);
INSERT INTO review_likes (id, created_at, updated_at, user_id, review_id) VALUES (285, '2025-12-18 20:39:24', '2025-12-18 20:39:24', 8, 285);
INSERT INTO reviews (id, created_at, updated_at, user_id, book_id, stars, comment, is_spoiler, helpful_count) VALUES (286, '2025-12-18 20:39:24', '2025-12-18 20:39:24', 26, 56, 4, 'War always camera give attorney that up probably cut clear yard do turn sign agree there.', false, 50);
INSERT INTO review_likes (id, created_at, updated_at, user_id, review_id) VALUES (286, '2025-12-18 20:39:24', '2025-12-18 20:39:24', 22, 286);
INSERT INTO reviews (id, created_at, updated_at, user_id, book_id, stars, comment, is_spoiler, helpful_count) VALUES (287, '2025-12-18 20:39:24', '2025-12-18 20:39:24', 7, 194, 4, 'But way agent test take decade any just cup side opportunity by wide.', false, 2);
INSERT INTO reviews (id, created_at, updated_at, user_id, book_id, stars, comment, is_spoiler, helpful_count) VALUES (288, '2025-12-18 20:39:24', '2025-12-18 20:39:24', 8, 198, 4, 'Tree right business series build major painting see first course world son growth effort.', false, 29);
INSERT INTO reviews (id, created_at, updated_at, user_id, book_id, stars, comment, is_spoiler, helpful_count) VALUES (289, '2025-12-18 20:39:24', '2025-12-18 20:39:24', 32, 2, 5, 'War administration herself information which beyond growth finally.', false, 47);
INSERT INTO review_likes (id, created_at, updated_at, user_id, review_id) VALUES (289, '2025-12-18 20:39:24', '2025-12-18 20:39:24', 28, 289);
INSERT INTO reviews (id, created_at, updated_at, user_id, book_id, stars, comment, is_spoiler, helpful_count) VALUES (290, '2025-12-18 20:39:24', '2025-12-18 20:39:24', 31, 131, 3, 'Its summer feel yourself be poor hope likely.', false, 44);
INSERT INTO reviews (id, created_at, updated_at, user_id, book_id, stars, comment, is_spoiler, helpful_count) VALUES (291, '2025-12-18 20:39:24', '2025-12-18 20:39:24', 9, 27, 4, 'Role today animal suggest concern act million cell like although other.', false, 42);
INSERT INTO reviews (id, created_at, updated_at, user_id, book_id, stars, comment, is_spoiler, helpful_count) VALUES (292, '2025-12-18 20:39:24', '2025-12-18 20:39:24', 21, 130, 4, 'Term produce he increase church common view whole score special.', false, 26);
INSERT INTO reviews (id, created_at, updated_at, user_id, book_id, stars, comment, is_spoiler, helpful_count) VALUES (293, '2025-12-18 20:39:24', '2025-12-18 20:39:24', 26, 88, 4, 'Half understand skill air daughter idea health success perform.', false, 28);
INSERT INTO reviews (id, created_at, updated_at, user_id, book_id, stars, comment, is_spoiler, helpful_count) VALUES (294, '2025-12-18 20:39:24', '2025-12-18 20:39:24', 9, 106, 5, 'Situation former threat alone the trial another.', false, 44);
INSERT INTO reviews (id, created_at, updated_at, user_id, book_id, stars, comment, is_spoiler, helpful_count) VALUES (295, '2025-12-18 20:39:24', '2025-12-18 20:39:24', 33, 77, 5, 'Several reveal college beyond give development information at why less indeed together.', false, 35);
INSERT INTO reviews (id, created_at, updated_at, user_id, book_id, stars, comment, is_spoiler, helpful_count) VALUES (296, '2025-12-18 20:39:24', '2025-12-18 20:39:24', 14, 52, 3, 'Care owner PM find light total campaign prevent half party respond local see.', false, 39);
INSERT INTO reviews (id, created_at, updated_at, user_id, book_id, stars, comment, is_spoiler, helpful_count) VALUES (297, '2025-12-18 20:39:24', '2025-12-18 20:39:24', 23, 173, 3, 'Cultural despite candidate walk difficult bank believe identify thought black difficult continue process forget wind.', false, 45);
INSERT INTO reviews (id, created_at, updated_at, user_id, book_id, stars, comment, is_spoiler, helpful_count) VALUES (298, '2025-12-18 20:39:24', '2025-12-18 20:39:24', 12, 129, 5, 'Mind officer third service capital instead product often various alone town his answer cup consider central.', false, 44);
INSERT INTO reviews (id, created_at, updated_at, user_id, book_id, stars, comment, is_spoiler, helpful_count) VALUES (299, '2025-12-18 20:39:24', '2025-12-18 20:39:24', 8, 195, 4, 'Structure down however activity lose tax could.', false, 35);
INSERT INTO reviews (id, created_at, updated_at, user_id, book_id, stars, comment, is_spoiler, helpful_count) VALUES (300, '2025-12-18 20:39:24', '2025-12-18 20:39:24', 27, 173, 5, 'If yeah law enjoy key seat pretty method front you control game the sign lead.', false, 34);
INSERT INTO review_likes (id, created_at, updated_at, user_id, review_id) VALUES (300, '2025-12-18 20:39:24', '2025-12-18 20:39:24', 28, 300);
INSERT INTO reviews (id, created_at, updated_at, user_id, book_id, stars, comment, is_spoiler, helpful_count) VALUES (301, '2025-12-18 20:39:24', '2025-12-18 20:39:24', 1, 134, 3, 'Property garden mind as half politics who call.', false, 1);
INSERT INTO reviews (id, created_at, updated_at, user_id, book_id, stars, comment, is_spoiler, helpful_count) VALUES (302, '2025-12-18 20:39:24', '2025-12-18 20:39:24', 4, 172, 3, 'Window store build require call girl laugh network vote whom.', false, 12);
INSERT INTO review_likes (id, created_at, updated_at, user_id, review_id) VALUES (302, '2025-12-18 20:39:24', '2025-12-18 20:39:24', 11, 302);
INSERT INTO reviews (id, created_at, updated_at, user_id, book_id, stars, comment, is_spoiler, helpful_count) VALUES (303, '2025-12-18 20:39:24', '2025-12-18 20:39:24', 19, 175, 4, 'Consumer star those memory center quite simply cup seat moment sister none most another.', false, 9);
INSERT INTO reviews (id, created_at, updated_at, user_id, book_id, stars, comment, is_spoiler, helpful_count) VALUES (304, '2025-12-18 20:39:24', '2025-12-18 20:39:24', 19, 53, 5, 'Guy discover water most hear beyond close plant peace successful seem charge walk participant teach.', false, 2);
INSERT INTO reviews (id, created_at, updated_at, user_id, book_id, stars, comment, is_spoiler, helpful_count) VALUES (305, '2025-12-18 20:39:24', '2025-12-18 20:39:24', 29, 27, 5, 'Any wide husband hope miss instead live focus return feel avoid.', false, 43);
INSERT INTO reviews (id, created_at, updated_at, user_id, book_id, stars, comment, is_spoiler, helpful_count) VALUES (306, '2025-12-18 20:39:24', '2025-12-18 20:39:24', 25, 61, 5, 'Property decade safe order at sense cell lose civil will with within hospital city industry.', false, 50);
INSERT INTO reviews (id, created_at, updated_at, user_id, book_id, stars, comment, is_spoiler, helpful_count) VALUES (307, '2025-12-18 20:39:24', '2025-12-18 20:39:24', 19, 178, 5, 'Cover strong audience white everybody throughout but science want charge kitchen public set action bring find.', false, 3);
INSERT INTO reviews (id, created_at, updated_at, user_id, book_id, stars, comment, is_spoiler, helpful_count) VALUES (308, '2025-12-18 20:39:24', '2025-12-18 20:39:24', 25, 107, 5, 'Sign out discussion just state must particular child.', false, 20);
INSERT INTO reviews (id, created_at, updated_at, user_id, book_id, stars, comment, is_spoiler, helpful_count) VALUES (309, '2025-12-18 20:39:24', '2025-12-18 20:39:24', 4, 4, 5, 'Themselves we American study eight phone international collection report tend maintain fact.', false, 16);
INSERT INTO review_likes (id, created_at, updated_at, user_id, review_id) VALUES (309, '2025-12-18 20:39:24', '2025-12-18 20:39:24', 29, 309);
INSERT INTO reviews (id, created_at, updated_at, user_id, book_id, stars, comment, is_spoiler, helpful_count) VALUES (310, '2025-12-18 20:39:24', '2025-12-18 20:39:24', 15, 163, 5, 'Billion young owner out guy thank professor student white instead point tend exactly right every.', false, 45);
INSERT INTO reviews (id, created_at, updated_at, user_id, book_id, stars, comment, is_spoiler, helpful_count) VALUES (311, '2025-12-18 20:39:24', '2025-12-18 20:39:24', 35, 190, 5, 'Policy forget project economy ground actually require magazine one determine its.', false, 12);
INSERT INTO reviews (id, created_at, updated_at, user_id, book_id, stars, comment, is_spoiler, helpful_count) VALUES (312, '2025-12-18 20:39:24', '2025-12-18 20:39:24', 13, 76, 4, 'Billion sit remain night study heart million understand him own opportunity.', false, 11);
INSERT INTO reviews (id, created_at, updated_at, user_id, book_id, stars, comment, is_spoiler, helpful_count) VALUES (313, '2025-12-18 20:39:24', '2025-12-18 20:39:24', 5, 48, 3, 'Offer brother shake guess pull tough instead hour.', false, 47);
INSERT INTO reviews (id, created_at, updated_at, user_id, book_id, stars, comment, is_spoiler, helpful_count) VALUES (314, '2025-12-18 20:39:24', '2025-12-18 20:39:24', 25, 11, 4, 'Girl small system of mission vote spend.', false, 17);
INSERT INTO reviews (id, created_at, updated_at, user_id, book_id, stars, comment, is_spoiler, helpful_count) VALUES (315, '2025-12-18 20:39:24', '2025-12-18 20:39:24', 9, 42, 5, 'Season it traditional democratic Congress piece forget factor include agreement lead through grow raise good whole.', false, 16);
INSERT INTO review_likes (id, created_at, updated_at, user_id, review_id) VALUES (315, '2025-12-18 20:39:24', '2025-12-18 20:39:24', 30, 315);
INSERT INTO reviews (id, created_at, updated_at, user_id, book_id, stars, comment, is_spoiler, helpful_count) VALUES (316, '2025-12-18 20:39:24', '2025-12-18 20:39:24', 10, 11, 3, 'Land answer leader yard enjoy soldier decide side natural focus husband.', false, 20);
INSERT INTO reviews (id, created_at, updated_at, user_id, book_id, stars, comment, is_spoiler, helpful_count) VALUES (317, '2025-12-18 20:39:24', '2025-12-18 20:39:24', 20, 126, 5, 'Sit common matter become goal Mrs source whole first figure trial bed.', false, 35);
INSERT INTO reviews (id, created_at, updated_at, user_id, book_id, stars, comment, is_spoiler, helpful_count) VALUES (318, '2025-12-18 20:39:24', '2025-12-18 20:39:24', 21, 135, 3, 'Fine market control him enter religious go south time senior where follow born.', false, 11);
INSERT INTO reviews (id, created_at, updated_at, user_id, book_id, stars, comment, is_spoiler, helpful_count) VALUES (319, '2025-12-18 20:39:24', '2025-12-18 20:39:24', 33, 41, 4, 'Financial media politics fast nice concern peace away behavior Republican trip production system certainly future government.', false, 34);
INSERT INTO reviews (id, created_at, updated_at, user_id, book_id, stars, comment, is_spoiler, helpful_count) VALUES (320, '2025-12-18 20:39:24', '2025-12-18 20:39:24', 6, 90, 3, 'Tv billion what sport thought family now bank yourself.', false, 13);
INSERT INTO reviews (id, created_at, updated_at, user_id, book_id, stars, comment, is_spoiler, helpful_count) VALUES (321, '2025-12-18 20:39:24', '2025-12-18 20:39:24', 22, 93, 4, 'Step early choice yeah ago difference reason despite themselves key specific certainly father.', false, 13);
INSERT INTO reviews (id, created_at, updated_at, user_id, book_id, stars, comment, is_spoiler, helpful_count) VALUES (322, '2025-12-18 20:39:24', '2025-12-18 20:39:24', 34, 122, 5, 'Tax low keep news your court control.', false, 48);
INSERT INTO reviews (id, created_at, updated_at, user_id, book_id, stars, comment, is_spoiler, helpful_count) VALUES (323, '2025-12-18 20:39:24', '2025-12-18 20:39:24', 1, 30, 5, 'Ok physical thousand without section religious word sound enjoy have tonight view floor ground when.', false, 22);
INSERT INTO reviews (id, created_at, updated_at, user_id, book_id, stars, comment, is_spoiler, helpful_count) VALUES (324, '2025-12-18 20:39:24', '2025-12-18 20:39:24', 16, 11, 5, 'Focus still reflect somebody often benefit true world remain.', false, 20);
INSERT INTO reviews (id, created_at, updated_at, user_id, book_id, stars, comment, is_spoiler, helpful_count) VALUES (325, '2025-12-18 20:39:24', '2025-12-18 20:39:24', 8, 99, 4, 'Finish southern page result response population never world let off apply peace market job well.', false, 34);
INSERT INTO reviews (id, created_at, updated_at, user_id, book_id, stars, comment, is_spoiler, helpful_count) VALUES (326, '2025-12-18 20:39:24', '2025-12-18 20:39:24', 2, 133, 4, 'Against large practice time live relationship as great western.', false, 32);
INSERT INTO reviews (id, created_at, updated_at, user_id, book_id, stars, comment, is_spoiler, helpful_count) VALUES (327, '2025-12-18 20:39:24', '2025-12-18 20:39:24', 29, 125, 3, 'Now water road require make region wall worry Democrat laugh Mrs.', false, 18);
INSERT INTO reviews (id, created_at, updated_at, user_id, book_id, stars, comment, is_spoiler, helpful_count) VALUES (328, '2025-12-18 20:39:24', '2025-12-18 20:39:24', 13, 83, 5, 'Form now then watch certain much race fire according participant Republican.', false, 5);
INSERT INTO reviews (id, created_at, updated_at, user_id, book_id, stars, comment, is_spoiler, helpful_count) VALUES (329, '2025-12-18 20:39:24', '2025-12-18 20:39:24', 11, 198, 5, 'Onto simple audience as including claim create woman similar writer structure ahead.', false, 34);
INSERT INTO review_likes (id, created_at, updated_at, user_id, review_id) VALUES (329, '2025-12-18 20:39:24', '2025-12-18 20:39:24', 5, 329);
INSERT INTO reviews (id, created_at, updated_at, user_id, book_id, stars, comment, is_spoiler, helpful_count) VALUES (330, '2025-12-18 20:39:24', '2025-12-18 20:39:24', 14, 172, 5, 'Rock forward behind idea red rate source high listen suggest consumer find concern involve.', false, 49);
INSERT INTO review_likes (id, created_at, updated_at, user_id, review_id) VALUES (330, '2025-12-18 20:39:24', '2025-12-18 20:39:24', 28, 330);
INSERT INTO reviews (id, created_at, updated_at, user_id, book_id, stars, comment, is_spoiler, helpful_count) VALUES (331, '2025-12-18 20:39:24', '2025-12-18 20:39:24', 7, 53, 5, 'Matter continue husband dinner worry plan fund sell model after paper.', false, 44);
INSERT INTO reviews (id, created_at, updated_at, user_id, book_id, stars, comment, is_spoiler, helpful_count) VALUES (332, '2025-12-18 20:39:24', '2025-12-18 20:39:24', 28, 166, 3, 'Arrive health collection white more above his agree toward nor teacher western country per consider.', false, 47);
INSERT INTO reviews (id, created_at, updated_at, user_id, book_id, stars, comment, is_spoiler, helpful_count) VALUES (333, '2025-12-18 20:39:24', '2025-12-18 20:39:24', 2, 118, 5, 'Wish best raise choice hear computer key suffer sign medical.', false, 21);
INSERT INTO review_likes (id, created_at, updated_at, user_id, review_id) VALUES (333, '2025-12-18 20:39:24', '2025-12-18 20:39:24', 5, 333);
INSERT INTO reviews (id, created_at, updated_at, user_id, book_id, stars, comment, is_spoiler, helpful_count) VALUES (334, '2025-12-18 20:39:24', '2025-12-18 20:39:24', 4, 46, 4, 'Air although Mr when wait southern find fact give Congress million too marriage.', false, 35);
INSERT INTO review_likes (id, created_at, updated_at, user_id, review_id) VALUES (334, '2025-12-18 20:39:24', '2025-12-18 20:39:24', 15, 334);
INSERT INTO reviews (id, created_at, updated_at, user_id, book_id, stars, comment, is_spoiler, helpful_count) VALUES (335, '2025-12-18 20:39:24', '2025-12-18 20:39:24', 17, 105, 4, 'Choice party front lawyer probably story six want protect assume east center whether make some among.', false, 28);
INSERT INTO reviews (id, created_at, updated_at, user_id, book_id, stars, comment, is_spoiler, helpful_count) VALUES (336, '2025-12-18 20:39:24', '2025-12-18 20:39:24', 28, 81, 3, 'True TV specific travel remain stuff better mind.', false, 24);
INSERT INTO reviews (id, created_at, updated_at, user_id, book_id, stars, comment, is_spoiler, helpful_count) VALUES (337, '2025-12-18 20:39:24', '2025-12-18 20:39:24', 35, 2, 5, 'Treatment none reduce miss series poor executive career shake fall phone identify.', false, 46);
INSERT INTO reviews (id, created_at, updated_at, user_id, book_id, stars, comment, is_spoiler, helpful_count) VALUES (338, '2025-12-18 20:39:24', '2025-12-18 20:39:24', 3, 180, 3, 'Bank agency bit night participant fill yeah side side recognize month among.', false, 22);
INSERT INTO reviews (id, created_at, updated_at, user_id, book_id, stars, comment, is_spoiler, helpful_count) VALUES (339, '2025-12-18 20:39:24', '2025-12-18 20:39:24', 7, 75, 5, 'Film onto too myself political school move another.', false, 19);
INSERT INTO reviews (id, created_at, updated_at, user_id, book_id, stars, comment, is_spoiler, helpful_count) VALUES (340, '2025-12-18 20:39:24', '2025-12-18 20:39:24', 19, 196, 4, 'His goal Mrs statement range its meet support meet race and.', false, 24);
INSERT INTO reviews (id, created_at, updated_at, user_id, book_id, stars, comment, is_spoiler, helpful_count) VALUES (341, '2025-12-18 20:39:24', '2025-12-18 20:39:24', 2, 122, 3, 'Better wear throughout Republican authority data deal policy administration two.', false, 34);
INSERT INTO review_likes (id, created_at, updated_at, user_id, review_id) VALUES (341, '2025-12-18 20:39:24', '2025-12-18 20:39:24', 26, 341);
INSERT INTO reviews (id, created_at, updated_at, user_id, book_id, stars, comment, is_spoiler, helpful_count) VALUES (342, '2025-12-18 20:39:24', '2025-12-18 20:39:24', 35, 76, 5, 'Too break fact toward process trip former computer hope direction.', false, 9);
INSERT INTO review_likes (id, created_at, updated_at, user_id, review_id) VALUES (342, '2025-12-18 20:39:24', '2025-12-18 20:39:24', 24, 342);
INSERT INTO reviews (id, created_at, updated_at, user_id, book_id, stars, comment, is_spoiler, helpful_count) VALUES (343, '2025-12-18 20:39:24', '2025-12-18 20:39:24', 1, 142, 5, 'And center east protect think institution now tell phone daughter these say evening.', false, 9);
INSERT INTO reviews (id, created_at, updated_at, user_id, book_id, stars, comment, is_spoiler, helpful_count) VALUES (344, '2025-12-18 20:39:24', '2025-12-18 20:39:24', 26, 138, 5, 'Indeed including everything too stage major outside.', false, 5);
INSERT INTO reviews (id, created_at, updated_at, user_id, book_id, stars, comment, is_spoiler, helpful_count) VALUES (345, '2025-12-18 20:39:24', '2025-12-18 20:39:24', 23, 55, 4, 'Realize among short can ready audience boy city social at Mr cold science western resource reason.', false, 41);
INSERT INTO reviews (id, created_at, updated_at, user_id, book_id, stars, comment, is_spoiler, helpful_count) VALUES (346, '2025-12-18 20:39:24', '2025-12-18 20:39:24', 10, 42, 3, 'Movie expect now board budget statement this wear never marriage camera.', false, 14);
INSERT INTO reviews (id, created_at, updated_at, user_id, book_id, stars, comment, is_spoiler, helpful_count) VALUES (347, '2025-12-18 20:39:24', '2025-12-18 20:39:24', 17, 50, 3, 'Light body director strategy continue several southern.', false, 11);
INSERT INTO reviews (id, created_at, updated_at, user_id, book_id, stars, comment, is_spoiler, helpful_count) VALUES (348, '2025-12-18 20:39:24', '2025-12-18 20:39:24', 4, 193, 5, 'Job he scene kind shoulder production mean window shoulder right.', false, 29);
INSERT INTO reviews (id, created_at, updated_at, user_id, book_id, stars, comment, is_spoiler, helpful_count) VALUES (349, '2025-12-18 20:39:24', '2025-12-18 20:39:24', 5, 75, 5, 'Notice we game wear two glass customer.', false, 4);
INSERT INTO review_likes (id, created_at, updated_at, user_id, review_id) VALUES (349, '2025-12-18 20:39:24', '2025-12-18 20:39:24', 13, 349);
INSERT INTO reviews (id, created_at, updated_at, user_id, book_id, stars, comment, is_spoiler, helpful_count) VALUES (350, '2025-12-18 20:39:24', '2025-12-18 20:39:24', 32, 85, 4, 'Hospital check factor as contain create price keep.', false, 8);
INSERT INTO reviews (id, created_at, updated_at, user_id, book_id, stars, comment, is_spoiler, helpful_count) VALUES (351, '2025-12-18 20:39:24', '2025-12-18 20:39:24', 16, 26, 4, 'Attorney early more news century who arm range improve move peace college usually.', false, 39);
INSERT INTO review_likes (id, created_at, updated_at, user_id, review_id) VALUES (351, '2025-12-18 20:39:24', '2025-12-18 20:39:24', 13, 351);
INSERT INTO reviews (id, created_at, updated_at, user_id, book_id, stars, comment, is_spoiler, helpful_count) VALUES (352, '2025-12-18 20:39:24', '2025-12-18 20:39:24', 21, 125, 4, 'Although top range accept about around hold note tax several along nation.', false, 21);
INSERT INTO reviews (id, created_at, updated_at, user_id, book_id, stars, comment, is_spoiler, helpful_count) VALUES (353, '2025-12-18 20:39:24', '2025-12-18 20:39:24', 20, 178, 5, 'Power treat visit population executive pattern last.', false, 9);
INSERT INTO reviews (id, created_at, updated_at, user_id, book_id, stars, comment, is_spoiler, helpful_count) VALUES (354, '2025-12-18 20:39:24', '2025-12-18 20:39:24', 24, 81, 4, 'Raise partner generation write lawyer try check movie growth certain.', false, 10);
INSERT INTO review_likes (id, created_at, updated_at, user_id, review_id) VALUES (354, '2025-12-18 20:39:24', '2025-12-18 20:39:24', 16, 354);
INSERT INTO reviews (id, created_at, updated_at, user_id, book_id, stars, comment, is_spoiler, helpful_count) VALUES (355, '2025-12-18 20:39:24', '2025-12-18 20:39:24', 15, 183, 5, 'White home either civil science it feel amount improve.', false, 41);
INSERT INTO reviews (id, created_at, updated_at, user_id, book_id, stars, comment, is_spoiler, helpful_count) VALUES (356, '2025-12-18 20:39:24', '2025-12-18 20:39:24', 24, 35, 5, 'Surface would by phone decade image third leave laugh weight less full program card morning.', false, 46);
INSERT INTO reviews (id, created_at, updated_at, user_id, book_id, stars, comment, is_spoiler, helpful_count) VALUES (357, '2025-12-18 20:39:24', '2025-12-18 20:39:24', 31, 119, 4, 'Describe course create them process peace too nature shake impact.', false, 22);
INSERT INTO reviews (id, created_at, updated_at, user_id, book_id, stars, comment, is_spoiler, helpful_count) VALUES (358, '2025-12-18 20:39:24', '2025-12-18 20:39:24', 32, 142, 3, 'Degree center board present feel strategy simple perhaps anything describe necessary.', false, 11);
INSERT INTO reviews (id, created_at, updated_at, user_id, book_id, stars, comment, is_spoiler, helpful_count) VALUES (359, '2025-12-18 20:39:24', '2025-12-18 20:39:24', 9, 138, 3, 'Process view it wall agency deal note common worker.', false, 16);
INSERT INTO reviews (id, created_at, updated_at, user_id, book_id, stars, comment, is_spoiler, helpful_count) VALUES (360, '2025-12-18 20:39:24', '2025-12-18 20:39:24', 5, 187, 3, 'Shoulder political offer song character first early school several main particular shake most physical along.', false, 1);
INSERT INTO reviews (id, created_at, updated_at, user_id, book_id, stars, comment, is_spoiler, helpful_count) VALUES (361, '2025-12-18 20:39:24', '2025-12-18 20:39:24', 2, 149, 5, 'Skin beat across television apply system finish top.', false, 25);
INSERT INTO reviews (id, created_at, updated_at, user_id, book_id, stars, comment, is_spoiler, helpful_count) VALUES (362, '2025-12-18 20:39:24', '2025-12-18 20:39:24', 14, 10, 5, 'Season when film at perhaps firm toward land full compare.', false, 16);
INSERT INTO reviews (id, created_at, updated_at, user_id, book_id, stars, comment, is_spoiler, helpful_count) VALUES (363, '2025-12-18 20:39:24', '2025-12-18 20:39:24', 35, 121, 5, 'Big no too charge indeed mother peace citizen need light work.', false, 49);
INSERT INTO review_likes (id, created_at, updated_at, user_id, review_id) VALUES (363, '2025-12-18 20:39:24', '2025-12-18 20:39:24', 26, 363);
INSERT INTO reviews (id, created_at, updated_at, user_id, book_id, stars, comment, is_spoiler, helpful_count) VALUES (364, '2025-12-18 20:39:24', '2025-12-18 20:39:24', 15, 198, 5, 'Wish professional chair knowledge sense career herself here color after.', false, 46);
INSERT INTO reviews (id, created_at, updated_at, user_id, book_id, stars, comment, is_spoiler, helpful_count) VALUES (365, '2025-12-18 20:39:24', '2025-12-18 20:39:24', 9, 119, 5, 'Us once consider thus wife water note those write though attention career.', false, 32);
INSERT INTO review_likes (id, created_at, updated_at, user_id, review_id) VALUES (365, '2025-12-18 20:39:24', '2025-12-18 20:39:24', 24, 365);
INSERT INTO reviews (id, created_at, updated_at, user_id, book_id, stars, comment, is_spoiler, helpful_count) VALUES (366, '2025-12-18 20:39:24', '2025-12-18 20:39:24', 33, 3, 5, 'Quality true book various whether culture plant factor society skill great.', false, 15);
INSERT INTO reviews (id, created_at, updated_at, user_id, book_id, stars, comment, is_spoiler, helpful_count) VALUES (367, '2025-12-18 20:39:24', '2025-12-18 20:39:24', 11, 194, 5, 'Administration through individual college surface court exactly minute trouble majority town appear draw fill.', false, 8);
INSERT INTO reviews (id, created_at, updated_at, user_id, book_id, stars, comment, is_spoiler, helpful_count) VALUES (368, '2025-12-18 20:39:24', '2025-12-18 20:39:24', 12, 145, 5, 'You front evening yet prevent process four all the unit action off few current.', false, 42);
INSERT INTO reviews (id, created_at, updated_at, user_id, book_id, stars, comment, is_spoiler, helpful_count) VALUES (369, '2025-12-18 20:39:24', '2025-12-18 20:39:24', 10, 189, 5, 'Here along public recent friend sort table six imagine garden wall rest need major.', false, 30);
INSERT INTO reviews (id, created_at, updated_at, user_id, book_id, stars, comment, is_spoiler, helpful_count) VALUES (370, '2025-12-18 20:39:24', '2025-12-18 20:39:24', 3, 57, 4, 'Bar last public south tree technology time age campaign seven drug.', false, 14);
INSERT INTO review_likes (id, created_at, updated_at, user_id, review_id) VALUES (370, '2025-12-18 20:39:24', '2025-12-18 20:39:24', 24, 370);
INSERT INTO reviews (id, created_at, updated_at, user_id, book_id, stars, comment, is_spoiler, helpful_count) VALUES (371, '2025-12-18 20:39:24', '2025-12-18 20:39:24', 15, 11, 5, 'Health child soon single tell act add southern thank.', false, 13);
INSERT INTO reviews (id, created_at, updated_at, user_id, book_id, stars, comment, is_spoiler, helpful_count) VALUES (372, '2025-12-18 20:39:24', '2025-12-18 20:39:24', 24, 100, 4, 'Audience old whole wide piece former professor partner argue catch truth unit control responsibility before item.', false, 29);
INSERT INTO reviews (id, created_at, updated_at, user_id, book_id, stars, comment, is_spoiler, helpful_count) VALUES (373, '2025-12-18 20:39:24', '2025-12-18 20:39:24', 3, 167, 4, 'Decision response hit personal cover stage remain manager relationship light.', false, 6);
INSERT INTO reviews (id, created_at, updated_at, user_id, book_id, stars, comment, is_spoiler, helpful_count) VALUES (374, '2025-12-18 20:39:24', '2025-12-18 20:39:24', 34, 163, 4, 'Ten article continue according compare culture century my win record reflect away cost focus yeah class.', false, 47);
INSERT INTO review_likes (id, created_at, updated_at, user_id, review_id) VALUES (374, '2025-12-18 20:39:24', '2025-12-18 20:39:24', 35, 374);
INSERT INTO reviews (id, created_at, updated_at, user_id, book_id, stars, comment, is_spoiler, helpful_count) VALUES (375, '2025-12-18 20:39:24', '2025-12-18 20:39:24', 12, 97, 5, 'Father include political design economy general drive according three raise example claim article management total art.', false, 24);
INSERT INTO reviews (id, created_at, updated_at, user_id, book_id, stars, comment, is_spoiler, helpful_count) VALUES (376, '2025-12-18 20:39:24', '2025-12-18 20:39:24', 5, 133, 4, 'Bag share respond activity season because open trouble guess race question assume energy.', false, 24);
INSERT INTO reviews (id, created_at, updated_at, user_id, book_id, stars, comment, is_spoiler, helpful_count) VALUES (377, '2025-12-18 20:39:24', '2025-12-18 20:39:24', 15, 133, 4, 'Late score lose matter shake finish yourself couple onto amount good let.', false, 22);
INSERT INTO reviews (id, created_at, updated_at, user_id, book_id, stars, comment, is_spoiler, helpful_count) VALUES (378, '2025-12-18 20:39:24', '2025-12-18 20:39:24', 23, 125, 4, 'Food someone war idea than less check scene history wear them small high that.', false, 38);
INSERT INTO review_likes (id, created_at, updated_at, user_id, review_id) VALUES (378, '2025-12-18 20:39:24', '2025-12-18 20:39:24', 9, 378);
INSERT INTO reviews (id, created_at, updated_at, user_id, book_id, stars, comment, is_spoiler, helpful_count) VALUES (379, '2025-12-18 20:39:24', '2025-12-18 20:39:24', 29, 43, 3, 'Human add social product common or contain believe hospital.', false, 4);
INSERT INTO reviews (id, created_at, updated_at, user_id, book_id, stars, comment, is_spoiler, helpful_count) VALUES (380, '2025-12-18 20:39:24', '2025-12-18 20:39:24', 18, 55, 3, 'Even cup market citizen stop take everyone couple parent.', false, 11);
INSERT INTO review_likes (id, created_at, updated_at, user_id, review_id) VALUES (380, '2025-12-18 20:39:24', '2025-12-18 20:39:24', 8, 380);
INSERT INTO reviews (id, created_at, updated_at, user_id, book_id, stars, comment, is_spoiler, helpful_count) VALUES (381, '2025-12-18 20:39:24', '2025-12-18 20:39:24', 15, 107, 4, 'Item water civil why art which at follow live eye dog wall sound indicate.', false, 46);
INSERT INTO review_likes (id, created_at, updated_at, user_id, review_id) VALUES (381, '2025-12-18 20:39:24', '2025-12-18 20:39:24', 31, 381);
INSERT INTO reviews (id, created_at, updated_at, user_id, book_id, stars, comment, is_spoiler, helpful_count) VALUES (382, '2025-12-18 20:39:24', '2025-12-18 20:39:24', 31, 54, 5, 'Whatever place full financial peace particularly out.', false, 10);
INSERT INTO reviews (id, created_at, updated_at, user_id, book_id, stars, comment, is_spoiler, helpful_count) VALUES (383, '2025-12-18 20:39:24', '2025-12-18 20:39:24', 27, 6, 3, 'Example right southern ten hard wife as language indicate decide for do the fine trouble.', false, 2);
INSERT INTO review_likes (id, created_at, updated_at, user_id, review_id) VALUES (383, '2025-12-18 20:39:24', '2025-12-18 20:39:24', 11, 383);
INSERT INTO reviews (id, created_at, updated_at, user_id, book_id, stars, comment, is_spoiler, helpful_count) VALUES (384, '2025-12-18 20:39:24', '2025-12-18 20:39:24', 9, 162, 5, 'Skill never officer former create camera focus plan wife director or down standard major.', false, 2);
INSERT INTO reviews (id, created_at, updated_at, user_id, book_id, stars, comment, is_spoiler, helpful_count) VALUES (385, '2025-12-18 20:39:24', '2025-12-18 20:39:24', 10, 15, 3, 'Three finish thing his chance focus more leg too water road at hope cover.', false, 16);
INSERT INTO reviews (id, created_at, updated_at, user_id, book_id, stars, comment, is_spoiler, helpful_count) VALUES (386, '2025-12-18 20:39:24', '2025-12-18 20:39:24', 34, 104, 5, 'Republican hair sing listen development able green per no situation what.', false, 36);
INSERT INTO reviews (id, created_at, updated_at, user_id, book_id, stars, comment, is_spoiler, helpful_count) VALUES (387, '2025-12-18 20:39:24', '2025-12-18 20:39:24', 19, 22, 3, 'World painting movie station position whatever our build safe save crime sometimes executive so.', false, 28);
INSERT INTO reviews (id, created_at, updated_at, user_id, book_id, stars, comment, is_spoiler, helpful_count) VALUES (388, '2025-12-18 20:39:24', '2025-12-18 20:39:24', 31, 124, 3, 'Red system fear daughter fast agreement popular instead happy simply year land high.', false, 14);
INSERT INTO reviews (id, created_at, updated_at, user_id, book_id, stars, comment, is_spoiler, helpful_count) VALUES (389, '2025-12-18 20:39:24', '2025-12-18 20:39:24', 10, 150, 3, 'Order serve blue event every relationship law clear campaign.', false, 39);
INSERT INTO reviews (id, created_at, updated_at, user_id, book_id, stars, comment, is_spoiler, helpful_count) VALUES (390, '2025-12-18 20:39:24', '2025-12-18 20:39:24', 22, 117, 5, 'Buy test need hard firm result nearly.', false, 37);
INSERT INTO review_likes (id, created_at, updated_at, user_id, review_id) VALUES (390, '2025-12-18 20:39:24', '2025-12-18 20:39:24', 25, 390);
INSERT INTO reviews (id, created_at, updated_at, user_id, book_id, stars, comment, is_spoiler, helpful_count) VALUES (391, '2025-12-18 20:39:24', '2025-12-18 20:39:24', 25, 34, 3, 'Its food concern party set poor food series always memory reveal require market until cause bill.', false, 1);
INSERT INTO review_likes (id, created_at, updated_at, user_id, review_id) VALUES (391, '2025-12-18 20:39:24', '2025-12-18 20:39:24', 33, 391);
INSERT INTO reviews (id, created_at, updated_at, user_id, book_id, stars, comment, is_spoiler, helpful_count) VALUES (392, '2025-12-18 20:39:24', '2025-12-18 20:39:24', 27, 39, 5, 'Vote dog senior win full include seem manage nation.', false, 6);
INSERT INTO review_likes (id, created_at, updated_at, user_id, review_id) VALUES (392, '2025-12-18 20:39:24', '2025-12-18 20:39:24', 3, 392);
INSERT INTO reviews (id, created_at, updated_at, user_id, book_id, stars, comment, is_spoiler, helpful_count) VALUES (393, '2025-12-18 20:39:24', '2025-12-18 20:39:24', 35, 129, 3, 'Indicate smile reason nature become debate city several than dinner argue raise agency poor recently.', false, 5);
INSERT INTO reviews (id, created_at, updated_at, user_id, book_id, stars, comment, is_spoiler, helpful_count) VALUES (394, '2025-12-18 20:39:24', '2025-12-18 20:39:24', 9, 155, 5, 'Amount despite discussion check that may follow series prove affect she man prove recent.', false, 0);
INSERT INTO reviews (id, created_at, updated_at, user_id, book_id, stars, comment, is_spoiler, helpful_count) VALUES (395, '2025-12-18 20:39:24', '2025-12-18 20:39:24', 28, 134, 4, 'Attack customer along director man glass ball think meeting stock however charge account physical performance.', false, 23);
INSERT INTO reviews (id, created_at, updated_at, user_id, book_id, stars, comment, is_spoiler, helpful_count) VALUES (396, '2025-12-18 20:39:24', '2025-12-18 20:39:24', 34, 110, 3, 'News memory civil cut parent free force employee budget experience agreement.', false, 30);
INSERT INTO reviews (id, created_at, updated_at, user_id, book_id, stars, comment, is_spoiler, helpful_count) VALUES (397, '2025-12-18 20:39:24', '2025-12-18 20:39:24', 7, 109, 3, 'Whose public show daughter both hold blood value day service save fear ready Democrat order field.', false, 16);
INSERT INTO reviews (id, created_at, updated_at, user_id, book_id, stars, comment, is_spoiler, helpful_count) VALUES (398, '2025-12-18 20:39:24', '2025-12-18 20:39:24', 15, 22, 4, 'Approach personal note this education memory finally describe Congress free matter result result leader.', false, 38);
INSERT INTO reviews (id, created_at, updated_at, user_id, book_id, stars, comment, is_spoiler, helpful_count) VALUES (399, '2025-12-18 20:39:24', '2025-12-18 20:39:24', 27, 66, 3, 'Own close man night experience would tax eat pattern this system people tax.', false, 0);
INSERT INTO reviews (id, created_at, updated_at, user_id, book_id, stars, comment, is_spoiler, helpful_count) VALUES (400, '2025-12-18 20:39:24', '2025-12-18 20:39:24', 1, 148, 5, 'Us field high nothing city apply democratic course institution theory away.', false, 7);
INSERT INTO wallet_transactions (id, created_at, updated_at, wallet_id, transaction_type, amount) VALUES (1, '2025-12-18 20:39:24', '2025-12-18 20:39:24', 25, 'DONATION', 14.24);
INSERT INTO wallet_transactions (id, created_at, updated_at, wallet_id, transaction_type, amount) VALUES (2, '2025-12-18 20:39:24', '2025-12-18 20:39:24', 21, 'PENALTY_PAYMENT', 21.3);
INSERT INTO wallet_transactions (id, created_at, updated_at, wallet_id, transaction_type, amount) VALUES (3, '2025-12-18 20:39:24', '2025-12-18 20:39:24', 10, 'PENALTY_PAYMENT', 34.32);
INSERT INTO wallet_transactions (id, created_at, updated_at, wallet_id, transaction_type, amount) VALUES (4, '2025-12-18 20:39:24', '2025-12-18 20:39:24', 17, 'PENALTY_PAYMENT', 43.47);
INSERT INTO wallet_transactions (id, created_at, updated_at, wallet_id, transaction_type, amount) VALUES (5, '2025-12-18 20:39:24', '2025-12-18 20:39:24', 28, 'DONATION', 21.45);
INSERT INTO wallet_transactions (id, created_at, updated_at, wallet_id, transaction_type, amount) VALUES (6, '2025-12-18 20:39:24', '2025-12-18 20:39:24', 18, 'DONATION', 22.89);
INSERT INTO wallet_transactions (id, created_at, updated_at, wallet_id, transaction_type, amount) VALUES (7, '2025-12-18 20:39:24', '2025-12-18 20:39:24', 14, 'PENALTY_PAYMENT', 29.84);
INSERT INTO wallet_transactions (id, created_at, updated_at, wallet_id, transaction_type, amount) VALUES (8, '2025-12-18 20:39:24', '2025-12-18 20:39:24', 31, 'PURCHASE', 21.66);
INSERT INTO wallet_transactions (id, created_at, updated_at, wallet_id, transaction_type, amount) VALUES (9, '2025-12-18 20:39:24', '2025-12-18 20:39:24', 31, 'PENALTY_PAYMENT', 49.48);
INSERT INTO wallet_transactions (id, created_at, updated_at, wallet_id, transaction_type, amount) VALUES (10, '2025-12-18 20:39:24', '2025-12-18 20:39:24', 23, 'DONATION', 22.92);
INSERT INTO wallet_transactions (id, created_at, updated_at, wallet_id, transaction_type, amount) VALUES (11, '2025-12-18 20:39:24', '2025-12-18 20:39:24', 9, 'DONATION', 10.36);
INSERT INTO wallet_transactions (id, created_at, updated_at, wallet_id, transaction_type, amount) VALUES (12, '2025-12-18 20:39:24', '2025-12-18 20:39:24', 15, 'PENALTY_PAYMENT', 40.24);
INSERT INTO wallet_transactions (id, created_at, updated_at, wallet_id, transaction_type, amount) VALUES (13, '2025-12-18 20:39:24', '2025-12-18 20:39:24', 11, 'PURCHASE', 14.65);
INSERT INTO wallet_transactions (id, created_at, updated_at, wallet_id, transaction_type, amount) VALUES (14, '2025-12-18 20:39:24', '2025-12-18 20:39:24', 26, 'PENALTY_PAYMENT', 41.04);
INSERT INTO wallet_transactions (id, created_at, updated_at, wallet_id, transaction_type, amount) VALUES (15, '2025-12-18 20:39:24', '2025-12-18 20:39:24', 4, 'PURCHASE', 22.51);
INSERT INTO wallet_transactions (id, created_at, updated_at, wallet_id, transaction_type, amount) VALUES (16, '2025-12-18 20:39:24', '2025-12-18 20:39:24', 1, 'PURCHASE', 42.05);
INSERT INTO wallet_transactions (id, created_at, updated_at, wallet_id, transaction_type, amount) VALUES (17, '2025-12-18 20:39:24', '2025-12-18 20:39:24', 31, 'DONATION', 24.59);
INSERT INTO wallet_transactions (id, created_at, updated_at, wallet_id, transaction_type, amount) VALUES (18, '2025-12-18 20:39:24', '2025-12-18 20:39:24', 5, 'PENALTY_PAYMENT', 14.98);
INSERT INTO wallet_transactions (id, created_at, updated_at, wallet_id, transaction_type, amount) VALUES (19, '2025-12-18 20:39:24', '2025-12-18 20:39:24', 6, 'DONATION', 6.7);
INSERT INTO wallet_transactions (id, created_at, updated_at, wallet_id, transaction_type, amount) VALUES (20, '2025-12-18 20:39:24', '2025-12-18 20:39:24', 25, 'PENALTY_PAYMENT', 32.63);
INSERT INTO wallet_transactions (id, created_at, updated_at, wallet_id, transaction_type, amount) VALUES (21, '2025-12-18 20:39:24', '2025-12-18 20:39:24', 34, 'PENALTY_PAYMENT', 37.02);
INSERT INTO wallet_transactions (id, created_at, updated_at, wallet_id, transaction_type, amount) VALUES (22, '2025-12-18 20:39:24', '2025-12-18 20:39:24', 4, 'PURCHASE', 33.81);
INSERT INTO wallet_transactions (id, created_at, updated_at, wallet_id, transaction_type, amount) VALUES (23, '2025-12-18 20:39:24', '2025-12-18 20:39:24', 29, 'PURCHASE', 14.08);
INSERT INTO wallet_transactions (id, created_at, updated_at, wallet_id, transaction_type, amount) VALUES (24, '2025-12-18 20:39:24', '2025-12-18 20:39:24', 34, 'PENALTY_PAYMENT', 13.76);
INSERT INTO wallet_transactions (id, created_at, updated_at, wallet_id, transaction_type, amount) VALUES (25, '2025-12-18 20:39:24', '2025-12-18 20:39:24', 33, 'DONATION', 36.43);
INSERT INTO wallet_transactions (id, created_at, updated_at, wallet_id, transaction_type, amount) VALUES (26, '2025-12-18 20:39:24', '2025-12-18 20:39:24', 11, 'DONATION', 6.62);
INSERT INTO wallet_transactions (id, created_at, updated_at, wallet_id, transaction_type, amount) VALUES (27, '2025-12-18 20:39:24', '2025-12-18 20:39:24', 16, 'DONATION', 5.01);
INSERT INTO wallet_transactions (id, created_at, updated_at, wallet_id, transaction_type, amount) VALUES (28, '2025-12-18 20:39:24', '2025-12-18 20:39:24', 11, 'PURCHASE', 49.86);
INSERT INTO wallet_transactions (id, created_at, updated_at, wallet_id, transaction_type, amount) VALUES (29, '2025-12-18 20:39:24', '2025-12-18 20:39:24', 26, 'PENALTY_PAYMENT', 35.13);
INSERT INTO wallet_transactions (id, created_at, updated_at, wallet_id, transaction_type, amount) VALUES (30, '2025-12-18 20:39:24', '2025-12-18 20:39:24', 26, 'DONATION', 14.01);
INSERT INTO wallet_transactions (id, created_at, updated_at, wallet_id, transaction_type, amount) VALUES (31, '2025-12-18 20:39:24', '2025-12-18 20:39:24', 1, 'DONATION', 36.66);
INSERT INTO wallet_transactions (id, created_at, updated_at, wallet_id, transaction_type, amount) VALUES (32, '2025-12-18 20:39:24', '2025-12-18 20:39:24', 6, 'DONATION', 17.8);
INSERT INTO wallet_transactions (id, created_at, updated_at, wallet_id, transaction_type, amount) VALUES (33, '2025-12-18 20:39:24', '2025-12-18 20:39:24', 23, 'PENALTY_PAYMENT', 48.35);
INSERT INTO wallet_transactions (id, created_at, updated_at, wallet_id, transaction_type, amount) VALUES (34, '2025-12-18 20:39:24', '2025-12-18 20:39:24', 18, 'PURCHASE', 32.29);
INSERT INTO wallet_transactions (id, created_at, updated_at, wallet_id, transaction_type, amount) VALUES (35, '2025-12-18 20:39:24', '2025-12-18 20:39:24', 13, 'PENALTY_PAYMENT', 46.84);
INSERT INTO wallet_transactions (id, created_at, updated_at, wallet_id, transaction_type, amount) VALUES (36, '2025-12-18 20:39:24', '2025-12-18 20:39:24', 1, 'PENALTY_PAYMENT', 12.88);
INSERT INTO wallet_transactions (id, created_at, updated_at, wallet_id, transaction_type, amount) VALUES (37, '2025-12-18 20:39:24', '2025-12-18 20:39:24', 33, 'PURCHASE', 30.14);
INSERT INTO wallet_transactions (id, created_at, updated_at, wallet_id, transaction_type, amount) VALUES (38, '2025-12-18 20:39:24', '2025-12-18 20:39:24', 33, 'PENALTY_PAYMENT', 20.3);
INSERT INTO wallet_transactions (id, created_at, updated_at, wallet_id, transaction_type, amount) VALUES (39, '2025-12-18 20:39:24', '2025-12-18 20:39:24', 8, 'DONATION', 48.05);
INSERT INTO wallet_transactions (id, created_at, updated_at, wallet_id, transaction_type, amount) VALUES (40, '2025-12-18 20:39:24', '2025-12-18 20:39:24', 35, 'DONATION', 16.26);
INSERT INTO wallet_transactions (id, created_at, updated_at, wallet_id, transaction_type, amount) VALUES (41, '2025-12-18 20:39:24', '2025-12-18 20:39:24', 29, 'PENALTY_PAYMENT', 30.34);
INSERT INTO wallet_transactions (id, created_at, updated_at, wallet_id, transaction_type, amount) VALUES (42, '2025-12-18 20:39:24', '2025-12-18 20:39:24', 16, 'PENALTY_PAYMENT', 48.26);
INSERT INTO wallet_transactions (id, created_at, updated_at, wallet_id, transaction_type, amount) VALUES (43, '2025-12-18 20:39:24', '2025-12-18 20:39:24', 30, 'DONATION', 25.73);
INSERT INTO wallet_transactions (id, created_at, updated_at, wallet_id, transaction_type, amount) VALUES (44, '2025-12-18 20:39:24', '2025-12-18 20:39:24', 2, 'PENALTY_PAYMENT', 10.23);
INSERT INTO wallet_transactions (id, created_at, updated_at, wallet_id, transaction_type, amount) VALUES (45, '2025-12-18 20:39:24', '2025-12-18 20:39:24', 5, 'PENALTY_PAYMENT', 33.51);
INSERT INTO wallet_transactions (id, created_at, updated_at, wallet_id, transaction_type, amount) VALUES (46, '2025-12-18 20:39:24', '2025-12-18 20:39:24', 15, 'DONATION', 36.55);
INSERT INTO wallet_transactions (id, created_at, updated_at, wallet_id, transaction_type, amount) VALUES (47, '2025-12-18 20:39:24', '2025-12-18 20:39:24', 21, 'PENALTY_PAYMENT', 48.0);
INSERT INTO wallet_transactions (id, created_at, updated_at, wallet_id, transaction_type, amount) VALUES (48, '2025-12-18 20:39:24', '2025-12-18 20:39:24', 34, 'DONATION', 5.44);
INSERT INTO wallet_transactions (id, created_at, updated_at, wallet_id, transaction_type, amount) VALUES (49, '2025-12-18 20:39:24', '2025-12-18 20:39:24', 17, 'PURCHASE', 17.93);
INSERT INTO wallet_transactions (id, created_at, updated_at, wallet_id, transaction_type, amount) VALUES (50, '2025-12-18 20:39:24', '2025-12-18 20:39:24', 26, 'DONATION', 38.7);
INSERT INTO wallet_transactions (id, created_at, updated_at, wallet_id, transaction_type, amount) VALUES (51, '2025-12-18 20:39:24', '2025-12-18 20:39:24', 22, 'PURCHASE', 29.95);
INSERT INTO wallet_transactions (id, created_at, updated_at, wallet_id, transaction_type, amount) VALUES (52, '2025-12-18 20:39:24', '2025-12-18 20:39:24', 12, 'PENALTY_PAYMENT', 19.12);
INSERT INTO wallet_transactions (id, created_at, updated_at, wallet_id, transaction_type, amount) VALUES (53, '2025-12-18 20:39:24', '2025-12-18 20:39:24', 14, 'DONATION', 17.11);
INSERT INTO wallet_transactions (id, created_at, updated_at, wallet_id, transaction_type, amount) VALUES (54, '2025-12-18 20:39:24', '2025-12-18 20:39:24', 13, 'PENALTY_PAYMENT', 38.17);
INSERT INTO wallet_transactions (id, created_at, updated_at, wallet_id, transaction_type, amount) VALUES (55, '2025-12-18 20:39:24', '2025-12-18 20:39:24', 16, 'DONATION', 15.89);
INSERT INTO wallet_transactions (id, created_at, updated_at, wallet_id, transaction_type, amount) VALUES (56, '2025-12-18 20:39:24', '2025-12-18 20:39:24', 17, 'PURCHASE', 15.31);
INSERT INTO wallet_transactions (id, created_at, updated_at, wallet_id, transaction_type, amount) VALUES (57, '2025-12-18 20:39:24', '2025-12-18 20:39:24', 16, 'DONATION', 21.02);
INSERT INTO wallet_transactions (id, created_at, updated_at, wallet_id, transaction_type, amount) VALUES (58, '2025-12-18 20:39:24', '2025-12-18 20:39:24', 7, 'PURCHASE', 46.41);
INSERT INTO wallet_transactions (id, created_at, updated_at, wallet_id, transaction_type, amount) VALUES (59, '2025-12-18 20:39:24', '2025-12-18 20:39:24', 32, 'DONATION', 5.3);
INSERT INTO wallet_transactions (id, created_at, updated_at, wallet_id, transaction_type, amount) VALUES (60, '2025-12-18 20:39:24', '2025-12-18 20:39:24', 35, 'PURCHASE', 43.16);
INSERT INTO wallet_transactions (id, created_at, updated_at, wallet_id, transaction_type, amount) VALUES (61, '2025-12-18 20:39:24', '2025-12-18 20:39:24', 24, 'DONATION', 19.19);
INSERT INTO wallet_transactions (id, created_at, updated_at, wallet_id, transaction_type, amount) VALUES (62, '2025-12-18 20:39:24', '2025-12-18 20:39:24', 18, 'PENALTY_PAYMENT', 13.23);
INSERT INTO wallet_transactions (id, created_at, updated_at, wallet_id, transaction_type, amount) VALUES (63, '2025-12-18 20:39:24', '2025-12-18 20:39:24', 33, 'PENALTY_PAYMENT', 22.9);
INSERT INTO wallet_transactions (id, created_at, updated_at, wallet_id, transaction_type, amount) VALUES (64, '2025-12-18 20:39:24', '2025-12-18 20:39:24', 9, 'PURCHASE', 28.66);
INSERT INTO wallet_transactions (id, created_at, updated_at, wallet_id, transaction_type, amount) VALUES (65, '2025-12-18 20:39:24', '2025-12-18 20:39:24', 28, 'PENALTY_PAYMENT', 47.28);
INSERT INTO wallet_transactions (id, created_at, updated_at, wallet_id, transaction_type, amount) VALUES (66, '2025-12-18 20:39:24', '2025-12-18 20:39:24', 3, 'DONATION', 20.63);
INSERT INTO wallet_transactions (id, created_at, updated_at, wallet_id, transaction_type, amount) VALUES (67, '2025-12-18 20:39:24', '2025-12-18 20:39:24', 12, 'PENALTY_PAYMENT', 48.94);
INSERT INTO wallet_transactions (id, created_at, updated_at, wallet_id, transaction_type, amount) VALUES (68, '2025-12-18 20:39:24', '2025-12-18 20:39:24', 34, 'PENALTY_PAYMENT', 19.2);
INSERT INTO wallet_transactions (id, created_at, updated_at, wallet_id, transaction_type, amount) VALUES (69, '2025-12-18 20:39:24', '2025-12-18 20:39:24', 1, 'PURCHASE', 35.33);
INSERT INTO wallet_transactions (id, created_at, updated_at, wallet_id, transaction_type, amount) VALUES (70, '2025-12-18 20:39:24', '2025-12-18 20:39:24', 25, 'DONATION', 9.53);
INSERT INTO wallet_transactions (id, created_at, updated_at, wallet_id, transaction_type, amount) VALUES (71, '2025-12-18 20:39:24', '2025-12-18 20:39:24', 24, 'DONATION', 43.78);
INSERT INTO wallet_transactions (id, created_at, updated_at, wallet_id, transaction_type, amount) VALUES (72, '2025-12-18 20:39:24', '2025-12-18 20:39:24', 12, 'DONATION', 16.83);
INSERT INTO wallet_transactions (id, created_at, updated_at, wallet_id, transaction_type, amount) VALUES (73, '2025-12-18 20:39:24', '2025-12-18 20:39:24', 18, 'PENALTY_PAYMENT', 48.13);
INSERT INTO wallet_transactions (id, created_at, updated_at, wallet_id, transaction_type, amount) VALUES (74, '2025-12-18 20:39:24', '2025-12-18 20:39:24', 22, 'PENALTY_PAYMENT', 13.28);
INSERT INTO wallet_transactions (id, created_at, updated_at, wallet_id, transaction_type, amount) VALUES (75, '2025-12-18 20:39:24', '2025-12-18 20:39:24', 28, 'PURCHASE', 23.86);
INSERT INTO wallet_transactions (id, created_at, updated_at, wallet_id, transaction_type, amount) VALUES (76, '2025-12-18 20:39:24', '2025-12-18 20:39:24', 24, 'PENALTY_PAYMENT', 43.44);
INSERT INTO wallet_transactions (id, created_at, updated_at, wallet_id, transaction_type, amount) VALUES (77, '2025-12-18 20:39:24', '2025-12-18 20:39:24', 18, 'PENALTY_PAYMENT', 13.1);
INSERT INTO wallet_transactions (id, created_at, updated_at, wallet_id, transaction_type, amount) VALUES (78, '2025-12-18 20:39:24', '2025-12-18 20:39:24', 9, 'DONATION', 35.87);
INSERT INTO wallet_transactions (id, created_at, updated_at, wallet_id, transaction_type, amount) VALUES (79, '2025-12-18 20:39:24', '2025-12-18 20:39:24', 7, 'DONATION', 17.15);
INSERT INTO wallet_transactions (id, created_at, updated_at, wallet_id, transaction_type, amount) VALUES (80, '2025-12-18 20:39:24', '2025-12-18 20:39:24', 16, 'DONATION', 24.45);
INSERT INTO wallet_transactions (id, created_at, updated_at, wallet_id, transaction_type, amount) VALUES (81, '2025-12-18 20:39:24', '2025-12-18 20:39:24', 25, 'PURCHASE', 11.56);
INSERT INTO wallet_transactions (id, created_at, updated_at, wallet_id, transaction_type, amount) VALUES (82, '2025-12-18 20:39:24', '2025-12-18 20:39:24', 10, 'PENALTY_PAYMENT', 41.26);
INSERT INTO wallet_transactions (id, created_at, updated_at, wallet_id, transaction_type, amount) VALUES (83, '2025-12-18 20:39:24', '2025-12-18 20:39:24', 12, 'PENALTY_PAYMENT', 27.48);
INSERT INTO wallet_transactions (id, created_at, updated_at, wallet_id, transaction_type, amount) VALUES (84, '2025-12-18 20:39:24', '2025-12-18 20:39:24', 34, 'DONATION', 37.43);
INSERT INTO wallet_transactions (id, created_at, updated_at, wallet_id, transaction_type, amount) VALUES (85, '2025-12-18 20:39:24', '2025-12-18 20:39:24', 32, 'PENALTY_PAYMENT', 16.29);
INSERT INTO wallet_transactions (id, created_at, updated_at, wallet_id, transaction_type, amount) VALUES (86, '2025-12-18 20:39:24', '2025-12-18 20:39:24', 4, 'PENALTY_PAYMENT', 9.45);
INSERT INTO wallet_transactions (id, created_at, updated_at, wallet_id, transaction_type, amount) VALUES (87, '2025-12-18 20:39:24', '2025-12-18 20:39:24', 11, 'PURCHASE', 14.7);
INSERT INTO wallet_transactions (id, created_at, updated_at, wallet_id, transaction_type, amount) VALUES (88, '2025-12-18 20:39:24', '2025-12-18 20:39:24', 17, 'PENALTY_PAYMENT', 42.75);
INSERT INTO wallet_transactions (id, created_at, updated_at, wallet_id, transaction_type, amount) VALUES (89, '2025-12-18 20:39:24', '2025-12-18 20:39:24', 7, 'PENALTY_PAYMENT', 38.51);
INSERT INTO wallet_transactions (id, created_at, updated_at, wallet_id, transaction_type, amount) VALUES (90, '2025-12-18 20:39:24', '2025-12-18 20:39:24', 17, 'PENALTY_PAYMENT', 21.21);
INSERT INTO wallet_transactions (id, created_at, updated_at, wallet_id, transaction_type, amount) VALUES (91, '2025-12-18 20:39:24', '2025-12-18 20:39:24', 17, 'PENALTY_PAYMENT', 5.89);
INSERT INTO wallet_transactions (id, created_at, updated_at, wallet_id, transaction_type, amount) VALUES (92, '2025-12-18 20:39:24', '2025-12-18 20:39:24', 8, 'PENALTY_PAYMENT', 44.03);
INSERT INTO wallet_transactions (id, created_at, updated_at, wallet_id, transaction_type, amount) VALUES (93, '2025-12-18 20:39:24', '2025-12-18 20:39:24', 13, 'DONATION', 30.92);
INSERT INTO wallet_transactions (id, created_at, updated_at, wallet_id, transaction_type, amount) VALUES (94, '2025-12-18 20:39:24', '2025-12-18 20:39:24', 35, 'PURCHASE', 49.07);
INSERT INTO wallet_transactions (id, created_at, updated_at, wallet_id, transaction_type, amount) VALUES (95, '2025-12-18 20:39:24', '2025-12-18 20:39:24', 19, 'PENALTY_PAYMENT', 19.63);
INSERT INTO wallet_transactions (id, created_at, updated_at, wallet_id, transaction_type, amount) VALUES (96, '2025-12-18 20:39:24', '2025-12-18 20:39:24', 33, 'PENALTY_PAYMENT', 39.86);
INSERT INTO wallet_transactions (id, created_at, updated_at, wallet_id, transaction_type, amount) VALUES (97, '2025-12-18 20:39:24', '2025-12-18 20:39:24', 29, 'PURCHASE', 22.15);
INSERT INTO wallet_transactions (id, created_at, updated_at, wallet_id, transaction_type, amount) VALUES (98, '2025-12-18 20:39:24', '2025-12-18 20:39:24', 19, 'PENALTY_PAYMENT', 33.43);
INSERT INTO wallet_transactions (id, created_at, updated_at, wallet_id, transaction_type, amount) VALUES (99, '2025-12-18 20:39:24', '2025-12-18 20:39:24', 10, 'PURCHASE', 33.83);
INSERT INTO wallet_transactions (id, created_at, updated_at, wallet_id, transaction_type, amount) VALUES (100, '2025-12-18 20:39:24', '2025-12-18 20:39:24', 22, 'PENALTY_PAYMENT', 33.41);
INSERT INTO wallet_transactions (id, created_at, updated_at, wallet_id, transaction_type, amount) VALUES (101, '2025-12-18 20:39:24', '2025-12-18 20:39:24', 26, 'PURCHASE', 8.56);
INSERT INTO wallet_transactions (id, created_at, updated_at, wallet_id, transaction_type, amount) VALUES (102, '2025-12-18 20:39:24', '2025-12-18 20:39:24', 22, 'PURCHASE', 19.11);
INSERT INTO wallet_transactions (id, created_at, updated_at, wallet_id, transaction_type, amount) VALUES (103, '2025-12-18 20:39:24', '2025-12-18 20:39:24', 19, 'DONATION', 17.04);
INSERT INTO wallet_transactions (id, created_at, updated_at, wallet_id, transaction_type, amount) VALUES (104, '2025-12-18 20:39:24', '2025-12-18 20:39:24', 26, 'PENALTY_PAYMENT', 44.95);
INSERT INTO wallet_transactions (id, created_at, updated_at, wallet_id, transaction_type, amount) VALUES (105, '2025-12-18 20:39:24', '2025-12-18 20:39:24', 24, 'DONATION', 31.41);
INSERT INTO wallet_transactions (id, created_at, updated_at, wallet_id, transaction_type, amount) VALUES (106, '2025-12-18 20:39:24', '2025-12-18 20:39:24', 29, 'PENALTY_PAYMENT', 12.53);
INSERT INTO wallet_transactions (id, created_at, updated_at, wallet_id, transaction_type, amount) VALUES (107, '2025-12-18 20:39:24', '2025-12-18 20:39:24', 2, 'PURCHASE', 37.75);
INSERT INTO wallet_transactions (id, created_at, updated_at, wallet_id, transaction_type, amount) VALUES (108, '2025-12-18 20:39:24', '2025-12-18 20:39:24', 17, 'DONATION', 36.53);
INSERT INTO wallet_transactions (id, created_at, updated_at, wallet_id, transaction_type, amount) VALUES (109, '2025-12-18 20:39:24', '2025-12-18 20:39:24', 6, 'PURCHASE', 12.51);
INSERT INTO wallet_transactions (id, created_at, updated_at, wallet_id, transaction_type, amount) VALUES (110, '2025-12-18 20:39:24', '2025-12-18 20:39:24', 7, 'PURCHASE', 7.87);
INSERT INTO wallet_transactions (id, created_at, updated_at, wallet_id, transaction_type, amount) VALUES (111, '2025-12-18 20:39:24', '2025-12-18 20:39:24', 31, 'DONATION', 7.42);
INSERT INTO wallet_transactions (id, created_at, updated_at, wallet_id, transaction_type, amount) VALUES (112, '2025-12-18 20:39:24', '2025-12-18 20:39:24', 26, 'DONATION', 39.42);
INSERT INTO wallet_transactions (id, created_at, updated_at, wallet_id, transaction_type, amount) VALUES (113, '2025-12-18 20:39:24', '2025-12-18 20:39:24', 6, 'PURCHASE', 16.81);
INSERT INTO wallet_transactions (id, created_at, updated_at, wallet_id, transaction_type, amount) VALUES (114, '2025-12-18 20:39:24', '2025-12-18 20:39:24', 10, 'PURCHASE', 34.47);
INSERT INTO wallet_transactions (id, created_at, updated_at, wallet_id, transaction_type, amount) VALUES (115, '2025-12-18 20:39:24', '2025-12-18 20:39:24', 25, 'PENALTY_PAYMENT', 15.32);
INSERT INTO wallet_transactions (id, created_at, updated_at, wallet_id, transaction_type, amount) VALUES (116, '2025-12-18 20:39:24', '2025-12-18 20:39:24', 19, 'PENALTY_PAYMENT', 33.19);
INSERT INTO wallet_transactions (id, created_at, updated_at, wallet_id, transaction_type, amount) VALUES (117, '2025-12-18 20:39:24', '2025-12-18 20:39:24', 9, 'DONATION', 42.73);
INSERT INTO wallet_transactions (id, created_at, updated_at, wallet_id, transaction_type, amount) VALUES (118, '2025-12-18 20:39:24', '2025-12-18 20:39:24', 2, 'PURCHASE', 34.86);
INSERT INTO wallet_transactions (id, created_at, updated_at, wallet_id, transaction_type, amount) VALUES (119, '2025-12-18 20:39:24', '2025-12-18 20:39:24', 21, 'PENALTY_PAYMENT', 26.02);
INSERT INTO wallet_transactions (id, created_at, updated_at, wallet_id, transaction_type, amount) VALUES (120, '2025-12-18 20:39:24', '2025-12-18 20:39:24', 35, 'PENALTY_PAYMENT', 29.68);
INSERT INTO wallet_transactions (id, created_at, updated_at, wallet_id, transaction_type, amount) VALUES (121, '2025-12-18 20:39:24', '2025-12-18 20:39:24', 9, 'DONATION', 29.27);
INSERT INTO wallet_transactions (id, created_at, updated_at, wallet_id, transaction_type, amount) VALUES (122, '2025-12-18 20:39:24', '2025-12-18 20:39:24', 30, 'DONATION', 38.7);
INSERT INTO wallet_transactions (id, created_at, updated_at, wallet_id, transaction_type, amount) VALUES (123, '2025-12-18 20:39:24', '2025-12-18 20:39:24', 28, 'DONATION', 33.79);
INSERT INTO wallet_transactions (id, created_at, updated_at, wallet_id, transaction_type, amount) VALUES (124, '2025-12-18 20:39:24', '2025-12-18 20:39:24', 35, 'PENALTY_PAYMENT', 45.9);
INSERT INTO wallet_transactions (id, created_at, updated_at, wallet_id, transaction_type, amount) VALUES (125, '2025-12-18 20:39:24', '2025-12-18 20:39:24', 31, 'DONATION', 15.22);
INSERT INTO wallet_transactions (id, created_at, updated_at, wallet_id, transaction_type, amount) VALUES (126, '2025-12-18 20:39:24', '2025-12-18 20:39:24', 6, 'PENALTY_PAYMENT', 18.85);
INSERT INTO wallet_transactions (id, created_at, updated_at, wallet_id, transaction_type, amount) VALUES (127, '2025-12-18 20:39:24', '2025-12-18 20:39:24', 27, 'PENALTY_PAYMENT', 12.01);
INSERT INTO wallet_transactions (id, created_at, updated_at, wallet_id, transaction_type, amount) VALUES (128, '2025-12-18 20:39:24', '2025-12-18 20:39:24', 1, 'PURCHASE', 28.55);
INSERT INTO wallet_transactions (id, created_at, updated_at, wallet_id, transaction_type, amount) VALUES (129, '2025-12-18 20:39:24', '2025-12-18 20:39:24', 9, 'PENALTY_PAYMENT', 17.9);
INSERT INTO wallet_transactions (id, created_at, updated_at, wallet_id, transaction_type, amount) VALUES (130, '2025-12-18 20:39:24', '2025-12-18 20:39:24', 35, 'PURCHASE', 35.95);
INSERT INTO wallet_transactions (id, created_at, updated_at, wallet_id, transaction_type, amount) VALUES (131, '2025-12-18 20:39:24', '2025-12-18 20:39:24', 32, 'PENALTY_PAYMENT', 18.48);
INSERT INTO wallet_transactions (id, created_at, updated_at, wallet_id, transaction_type, amount) VALUES (132, '2025-12-18 20:39:24', '2025-12-18 20:39:24', 28, 'PENALTY_PAYMENT', 31.87);
INSERT INTO wallet_transactions (id, created_at, updated_at, wallet_id, transaction_type, amount) VALUES (133, '2025-12-18 20:39:24', '2025-12-18 20:39:24', 1, 'DONATION', 21.81);
INSERT INTO wallet_transactions (id, created_at, updated_at, wallet_id, transaction_type, amount) VALUES (134, '2025-12-18 20:39:24', '2025-12-18 20:39:24', 27, 'DONATION', 24.67);
INSERT INTO wallet_transactions (id, created_at, updated_at, wallet_id, transaction_type, amount) VALUES (135, '2025-12-18 20:39:24', '2025-12-18 20:39:24', 16, 'PURCHASE', 37.17);
INSERT INTO wallet_transactions (id, created_at, updated_at, wallet_id, transaction_type, amount) VALUES (136, '2025-12-18 20:39:24', '2025-12-18 20:39:24', 25, 'PENALTY_PAYMENT', 14.93);
INSERT INTO wallet_transactions (id, created_at, updated_at, wallet_id, transaction_type, amount) VALUES (137, '2025-12-18 20:39:24', '2025-12-18 20:39:24', 6, 'PENALTY_PAYMENT', 33.14);
INSERT INTO wallet_transactions (id, created_at, updated_at, wallet_id, transaction_type, amount) VALUES (138, '2025-12-18 20:39:24', '2025-12-18 20:39:24', 34, 'DONATION', 41.34);
INSERT INTO wallet_transactions (id, created_at, updated_at, wallet_id, transaction_type, amount) VALUES (139, '2025-12-18 20:39:24', '2025-12-18 20:39:24', 18, 'PENALTY_PAYMENT', 34.18);
INSERT INTO wallet_transactions (id, created_at, updated_at, wallet_id, transaction_type, amount) VALUES (140, '2025-12-18 20:39:24', '2025-12-18 20:39:24', 35, 'PENALTY_PAYMENT', 23.58);
INSERT INTO wallet_transactions (id, created_at, updated_at, wallet_id, transaction_type, amount) VALUES (141, '2025-12-18 20:39:24', '2025-12-18 20:39:24', 5, 'PURCHASE', 11.15);
INSERT INTO wallet_transactions (id, created_at, updated_at, wallet_id, transaction_type, amount) VALUES (142, '2025-12-18 20:39:24', '2025-12-18 20:39:24', 8, 'DONATION', 25.49);
INSERT INTO wallet_transactions (id, created_at, updated_at, wallet_id, transaction_type, amount) VALUES (143, '2025-12-18 20:39:24', '2025-12-18 20:39:24', 29, 'PENALTY_PAYMENT', 36.52);
INSERT INTO wallet_transactions (id, created_at, updated_at, wallet_id, transaction_type, amount) VALUES (144, '2025-12-18 20:39:24', '2025-12-18 20:39:24', 32, 'PURCHASE', 19.43);
INSERT INTO wallet_transactions (id, created_at, updated_at, wallet_id, transaction_type, amount) VALUES (145, '2025-12-18 20:39:24', '2025-12-18 20:39:24', 10, 'PURCHASE', 48.64);
INSERT INTO wallet_transactions (id, created_at, updated_at, wallet_id, transaction_type, amount) VALUES (146, '2025-12-18 20:39:24', '2025-12-18 20:39:24', 2, 'PURCHASE', 48.75);
INSERT INTO wallet_transactions (id, created_at, updated_at, wallet_id, transaction_type, amount) VALUES (147, '2025-12-18 20:39:24', '2025-12-18 20:39:24', 19, 'PENALTY_PAYMENT', 10.63);
INSERT INTO wallet_transactions (id, created_at, updated_at, wallet_id, transaction_type, amount) VALUES (148, '2025-12-18 20:39:24', '2025-12-18 20:39:24', 29, 'DONATION', 5.37);
INSERT INTO wallet_transactions (id, created_at, updated_at, wallet_id, transaction_type, amount) VALUES (149, '2025-12-18 20:39:24', '2025-12-18 20:39:24', 6, 'PURCHASE', 5.66);
INSERT INTO wallet_transactions (id, created_at, updated_at, wallet_id, transaction_type, amount) VALUES (150, '2025-12-18 20:39:24', '2025-12-18 20:39:24', 14, 'PENALTY_PAYMENT', 23.91);
INSERT INTO book_sales (id, created_at, updated_at, user_id, book_id, book_sale_type, sold_price) VALUES (1, '2025-12-18 20:39:24', '2025-12-18 20:39:24', 32, 96, 'DIGITAL_COPY', 110.6);
INSERT INTO book_sales (id, created_at, updated_at, user_id, book_id, book_sale_type, sold_price) VALUES (2, '2025-12-18 20:39:24', '2025-12-18 20:39:24', 3, 85, 'PHYSICAL_COPY', 129.66);
INSERT INTO book_sales (id, created_at, updated_at, user_id, book_id, book_sale_type, sold_price) VALUES (3, '2025-12-18 20:39:24', '2025-12-18 20:39:24', 10, 15, 'DIGITAL_COPY', 120.83);
INSERT INTO book_sales (id, created_at, updated_at, user_id, book_id, book_sale_type, sold_price) VALUES (4, '2025-12-18 20:39:24', '2025-12-18 20:39:24', 5, 140, 'DIGITAL_COPY', 43.61);
INSERT INTO book_sales (id, created_at, updated_at, user_id, book_id, book_sale_type, sold_price) VALUES (5, '2025-12-18 20:39:24', '2025-12-18 20:39:24', 17, 98, 'PHYSICAL_COPY', 35.86);
INSERT INTO book_sales (id, created_at, updated_at, user_id, book_id, book_sale_type, sold_price) VALUES (6, '2025-12-18 20:39:24', '2025-12-18 20:39:24', 16, 99, 'DIGITAL_COPY', 52.13);
INSERT INTO book_sales (id, created_at, updated_at, user_id, book_id, book_sale_type, sold_price) VALUES (7, '2025-12-18 20:39:24', '2025-12-18 20:39:24', 3, 51, 'DIGITAL_COPY', 115.59);
INSERT INTO book_sales (id, created_at, updated_at, user_id, book_id, book_sale_type, sold_price) VALUES (8, '2025-12-18 20:39:24', '2025-12-18 20:39:24', 7, 134, 'PHYSICAL_COPY', 81.47);
INSERT INTO book_sales (id, created_at, updated_at, user_id, book_id, book_sale_type, sold_price) VALUES (9, '2025-12-18 20:39:24', '2025-12-18 20:39:24', 20, 83, 'PHYSICAL_COPY', 101.79);
INSERT INTO book_sales (id, created_at, updated_at, user_id, book_id, book_sale_type, sold_price) VALUES (10, '2025-12-18 20:39:24', '2025-12-18 20:39:24', 3, 191, 'PHYSICAL_COPY', 52.93);
INSERT INTO book_sales (id, created_at, updated_at, user_id, book_id, book_sale_type, sold_price) VALUES (11, '2025-12-18 20:39:24', '2025-12-18 20:39:24', 20, 51, 'DIGITAL_COPY', 135.38);
INSERT INTO book_sales (id, created_at, updated_at, user_id, book_id, book_sale_type, sold_price) VALUES (12, '2025-12-18 20:39:24', '2025-12-18 20:39:24', 14, 29, 'PHYSICAL_COPY', 102.28);
INSERT INTO book_sales (id, created_at, updated_at, user_id, book_id, book_sale_type, sold_price) VALUES (13, '2025-12-18 20:39:24', '2025-12-18 20:39:24', 21, 4, 'PHYSICAL_COPY', 123.27);
INSERT INTO book_sales (id, created_at, updated_at, user_id, book_id, book_sale_type, sold_price) VALUES (14, '2025-12-18 20:39:24', '2025-12-18 20:39:24', 8, 102, 'PHYSICAL_COPY', 21.16);
INSERT INTO book_sales (id, created_at, updated_at, user_id, book_id, book_sale_type, sold_price) VALUES (15, '2025-12-18 20:39:24', '2025-12-18 20:39:24', 3, 149, 'DIGITAL_COPY', 109.49);
INSERT INTO book_sales (id, created_at, updated_at, user_id, book_id, book_sale_type, sold_price) VALUES (16, '2025-12-18 20:39:24', '2025-12-18 20:39:24', 10, 96, 'PHYSICAL_COPY', 52.33);
INSERT INTO book_sales (id, created_at, updated_at, user_id, book_id, book_sale_type, sold_price) VALUES (17, '2025-12-18 20:39:24', '2025-12-18 20:39:24', 32, 24, 'DIGITAL_COPY', 141.01);
INSERT INTO book_sales (id, created_at, updated_at, user_id, book_id, book_sale_type, sold_price) VALUES (18, '2025-12-18 20:39:24', '2025-12-18 20:39:24', 4, 16, 'DIGITAL_COPY', 103.79);
INSERT INTO book_sales (id, created_at, updated_at, user_id, book_id, book_sale_type, sold_price) VALUES (19, '2025-12-18 20:39:24', '2025-12-18 20:39:24', 35, 28, 'PHYSICAL_COPY', 83.42);
INSERT INTO book_sales (id, created_at, updated_at, user_id, book_id, book_sale_type, sold_price) VALUES (20, '2025-12-18 20:39:24', '2025-12-18 20:39:24', 21, 143, 'DIGITAL_COPY', 124.72);
INSERT INTO book_sales (id, created_at, updated_at, user_id, book_id, book_sale_type, sold_price) VALUES (21, '2025-12-18 20:39:24', '2025-12-18 20:39:24', 29, 188, 'PHYSICAL_COPY', 22.78);
INSERT INTO book_sales (id, created_at, updated_at, user_id, book_id, book_sale_type, sold_price) VALUES (22, '2025-12-18 20:39:24', '2025-12-18 20:39:24', 25, 92, 'PHYSICAL_COPY', 52.59);
INSERT INTO book_sales (id, created_at, updated_at, user_id, book_id, book_sale_type, sold_price) VALUES (23, '2025-12-18 20:39:24', '2025-12-18 20:39:24', 3, 125, 'DIGITAL_COPY', 92.67);
INSERT INTO book_sales (id, created_at, updated_at, user_id, book_id, book_sale_type, sold_price) VALUES (24, '2025-12-18 20:39:24', '2025-12-18 20:39:24', 35, 179, 'DIGITAL_COPY', 44.67);
INSERT INTO book_sales (id, created_at, updated_at, user_id, book_id, book_sale_type, sold_price) VALUES (25, '2025-12-18 20:39:24', '2025-12-18 20:39:24', 12, 140, 'DIGITAL_COPY', 62.08);
INSERT INTO book_sales (id, created_at, updated_at, user_id, book_id, book_sale_type, sold_price) VALUES (26, '2025-12-18 20:39:24', '2025-12-18 20:39:24', 30, 71, 'PHYSICAL_COPY', 28.95);
INSERT INTO book_sales (id, created_at, updated_at, user_id, book_id, book_sale_type, sold_price) VALUES (27, '2025-12-18 20:39:24', '2025-12-18 20:39:24', 10, 116, 'DIGITAL_COPY', 126.52);
INSERT INTO book_sales (id, created_at, updated_at, user_id, book_id, book_sale_type, sold_price) VALUES (28, '2025-12-18 20:39:24', '2025-12-18 20:39:24', 35, 94, 'DIGITAL_COPY', 20.09);
INSERT INTO book_sales (id, created_at, updated_at, user_id, book_id, book_sale_type, sold_price) VALUES (29, '2025-12-18 20:39:24', '2025-12-18 20:39:24', 33, 98, 'PHYSICAL_COPY', 134.78);
INSERT INTO book_sales (id, created_at, updated_at, user_id, book_id, book_sale_type, sold_price) VALUES (30, '2025-12-18 20:39:24', '2025-12-18 20:39:24', 24, 199, 'PHYSICAL_COPY', 61.69);
INSERT INTO book_sales (id, created_at, updated_at, user_id, book_id, book_sale_type, sold_price) VALUES (31, '2025-12-18 20:39:24', '2025-12-18 20:39:24', 5, 169, 'DIGITAL_COPY', 44.68);
INSERT INTO book_sales (id, created_at, updated_at, user_id, book_id, book_sale_type, sold_price) VALUES (32, '2025-12-18 20:39:24', '2025-12-18 20:39:24', 32, 197, 'PHYSICAL_COPY', 99.7);
INSERT INTO book_sales (id, created_at, updated_at, user_id, book_id, book_sale_type, sold_price) VALUES (33, '2025-12-18 20:39:24', '2025-12-18 20:39:24', 21, 105, 'DIGITAL_COPY', 34.36);
INSERT INTO book_sales (id, created_at, updated_at, user_id, book_id, book_sale_type, sold_price) VALUES (34, '2025-12-18 20:39:24', '2025-12-18 20:39:24', 34, 169, 'PHYSICAL_COPY', 25.69);
INSERT INTO book_sales (id, created_at, updated_at, user_id, book_id, book_sale_type, sold_price) VALUES (35, '2025-12-18 20:39:24', '2025-12-18 20:39:24', 9, 46, 'PHYSICAL_COPY', 46.27);
INSERT INTO book_sales (id, created_at, updated_at, user_id, book_id, book_sale_type, sold_price) VALUES (36, '2025-12-18 20:39:24', '2025-12-18 20:39:24', 32, 50, 'PHYSICAL_COPY', 24.14);
INSERT INTO book_sales (id, created_at, updated_at, user_id, book_id, book_sale_type, sold_price) VALUES (37, '2025-12-18 20:39:24', '2025-12-18 20:39:24', 25, 169, 'DIGITAL_COPY', 88.36);
INSERT INTO book_sales (id, created_at, updated_at, user_id, book_id, book_sale_type, sold_price) VALUES (38, '2025-12-18 20:39:24', '2025-12-18 20:39:24', 17, 13, 'DIGITAL_COPY', 48.69);
INSERT INTO book_sales (id, created_at, updated_at, user_id, book_id, book_sale_type, sold_price) VALUES (39, '2025-12-18 20:39:24', '2025-12-18 20:39:24', 5, 4, 'PHYSICAL_COPY', 105.25);
INSERT INTO book_sales (id, created_at, updated_at, user_id, book_id, book_sale_type, sold_price) VALUES (40, '2025-12-18 20:39:24', '2025-12-18 20:39:24', 6, 120, 'PHYSICAL_COPY', 66.92);
INSERT INTO book_sales (id, created_at, updated_at, user_id, book_id, book_sale_type, sold_price) VALUES (41, '2025-12-18 20:39:24', '2025-12-18 20:39:24', 27, 95, 'PHYSICAL_COPY', 127.07);
INSERT INTO book_sales (id, created_at, updated_at, user_id, book_id, book_sale_type, sold_price) VALUES (42, '2025-12-18 20:39:24', '2025-12-18 20:39:24', 18, 136, 'PHYSICAL_COPY', 115.46);
INSERT INTO book_sales (id, created_at, updated_at, user_id, book_id, book_sale_type, sold_price) VALUES (43, '2025-12-18 20:39:24', '2025-12-18 20:39:24', 20, 20, 'PHYSICAL_COPY', 144.88);
INSERT INTO book_sales (id, created_at, updated_at, user_id, book_id, book_sale_type, sold_price) VALUES (44, '2025-12-18 20:39:24', '2025-12-18 20:39:24', 7, 26, 'PHYSICAL_COPY', 89.12);
INSERT INTO book_sales (id, created_at, updated_at, user_id, book_id, book_sale_type, sold_price) VALUES (45, '2025-12-18 20:39:24', '2025-12-18 20:39:24', 13, 50, 'PHYSICAL_COPY', 94.1);
INSERT INTO book_sales (id, created_at, updated_at, user_id, book_id, book_sale_type, sold_price) VALUES (46, '2025-12-18 20:39:24', '2025-12-18 20:39:24', 12, 143, 'DIGITAL_COPY', 116.99);
INSERT INTO book_sales (id, created_at, updated_at, user_id, book_id, book_sale_type, sold_price) VALUES (47, '2025-12-18 20:39:24', '2025-12-18 20:39:24', 23, 173, 'DIGITAL_COPY', 111.33);
INSERT INTO book_sales (id, created_at, updated_at, user_id, book_id, book_sale_type, sold_price) VALUES (48, '2025-12-18 20:39:24', '2025-12-18 20:39:24', 28, 27, 'PHYSICAL_COPY', 123.02);
INSERT INTO book_sales (id, created_at, updated_at, user_id, book_id, book_sale_type, sold_price) VALUES (49, '2025-12-18 20:39:24', '2025-12-18 20:39:24', 26, 130, 'DIGITAL_COPY', 105.48);
INSERT INTO book_sales (id, created_at, updated_at, user_id, book_id, book_sale_type, sold_price) VALUES (50, '2025-12-18 20:39:24', '2025-12-18 20:39:24', 35, 154, 'DIGITAL_COPY', 141.36);
INSERT INTO book_sales (id, created_at, updated_at, user_id, book_id, book_sale_type, sold_price) VALUES (51, '2025-12-18 20:39:24', '2025-12-18 20:39:24', 21, 141, 'DIGITAL_COPY', 129.83);
INSERT INTO book_sales (id, created_at, updated_at, user_id, book_id, book_sale_type, sold_price) VALUES (52, '2025-12-18 20:39:24', '2025-12-18 20:39:24', 27, 196, 'DIGITAL_COPY', 127.4);
INSERT INTO book_sales (id, created_at, updated_at, user_id, book_id, book_sale_type, sold_price) VALUES (53, '2025-12-18 20:39:24', '2025-12-18 20:39:24', 21, 156, 'PHYSICAL_COPY', 93.21);
INSERT INTO book_sales (id, created_at, updated_at, user_id, book_id, book_sale_type, sold_price) VALUES (54, '2025-12-18 20:39:24', '2025-12-18 20:39:24', 14, 97, 'DIGITAL_COPY', 66.8);
INSERT INTO book_sales (id, created_at, updated_at, user_id, book_id, book_sale_type, sold_price) VALUES (55, '2025-12-18 20:39:24', '2025-12-18 20:39:24', 29, 115, 'DIGITAL_COPY', 20.03);
INSERT INTO book_sales (id, created_at, updated_at, user_id, book_id, book_sale_type, sold_price) VALUES (56, '2025-12-18 20:39:24', '2025-12-18 20:39:24', 3, 73, 'PHYSICAL_COPY', 87.29);
INSERT INTO book_sales (id, created_at, updated_at, user_id, book_id, book_sale_type, sold_price) VALUES (57, '2025-12-18 20:39:24', '2025-12-18 20:39:24', 20, 2, 'DIGITAL_COPY', 147.97);
INSERT INTO book_sales (id, created_at, updated_at, user_id, book_id, book_sale_type, sold_price) VALUES (58, '2025-12-18 20:39:24', '2025-12-18 20:39:24', 14, 81, 'PHYSICAL_COPY', 120.3);
INSERT INTO book_sales (id, created_at, updated_at, user_id, book_id, book_sale_type, sold_price) VALUES (59, '2025-12-18 20:39:24', '2025-12-18 20:39:24', 18, 142, 'PHYSICAL_COPY', 32.26);
INSERT INTO book_sales (id, created_at, updated_at, user_id, book_id, book_sale_type, sold_price) VALUES (60, '2025-12-18 20:39:24', '2025-12-18 20:39:24', 30, 92, 'PHYSICAL_COPY', 37.99);
INSERT INTO book_sales (id, created_at, updated_at, user_id, book_id, book_sale_type, sold_price) VALUES (61, '2025-12-18 20:39:24', '2025-12-18 20:39:24', 24, 150, 'PHYSICAL_COPY', 50.29);
INSERT INTO book_sales (id, created_at, updated_at, user_id, book_id, book_sale_type, sold_price) VALUES (62, '2025-12-18 20:39:24', '2025-12-18 20:39:24', 20, 24, 'DIGITAL_COPY', 93.98);
INSERT INTO book_sales (id, created_at, updated_at, user_id, book_id, book_sale_type, sold_price) VALUES (63, '2025-12-18 20:39:24', '2025-12-18 20:39:24', 14, 188, 'PHYSICAL_COPY', 114.07);
INSERT INTO book_sales (id, created_at, updated_at, user_id, book_id, book_sale_type, sold_price) VALUES (64, '2025-12-18 20:39:24', '2025-12-18 20:39:24', 31, 45, 'DIGITAL_COPY', 127.34);
INSERT INTO book_sales (id, created_at, updated_at, user_id, book_id, book_sale_type, sold_price) VALUES (65, '2025-12-18 20:39:24', '2025-12-18 20:39:24', 7, 153, 'DIGITAL_COPY', 24.86);
INSERT INTO book_sales (id, created_at, updated_at, user_id, book_id, book_sale_type, sold_price) VALUES (66, '2025-12-18 20:39:24', '2025-12-18 20:39:24', 25, 21, 'PHYSICAL_COPY', 139.84);
INSERT INTO book_sales (id, created_at, updated_at, user_id, book_id, book_sale_type, sold_price) VALUES (67, '2025-12-18 20:39:24', '2025-12-18 20:39:24', 22, 90, 'DIGITAL_COPY', 74.15);
INSERT INTO book_sales (id, created_at, updated_at, user_id, book_id, book_sale_type, sold_price) VALUES (68, '2025-12-18 20:39:24', '2025-12-18 20:39:24', 8, 198, 'PHYSICAL_COPY', 117.2);
INSERT INTO book_sales (id, created_at, updated_at, user_id, book_id, book_sale_type, sold_price) VALUES (69, '2025-12-18 20:39:24', '2025-12-18 20:39:24', 1, 163, 'DIGITAL_COPY', 27.04);
INSERT INTO book_sales (id, created_at, updated_at, user_id, book_id, book_sale_type, sold_price) VALUES (70, '2025-12-18 20:39:24', '2025-12-18 20:39:24', 34, 11, 'DIGITAL_COPY', 90.19);
INSERT INTO book_sales (id, created_at, updated_at, user_id, book_id, book_sale_type, sold_price) VALUES (71, '2025-12-18 20:39:24', '2025-12-18 20:39:24', 10, 84, 'PHYSICAL_COPY', 39.92);
INSERT INTO book_sales (id, created_at, updated_at, user_id, book_id, book_sale_type, sold_price) VALUES (72, '2025-12-18 20:39:24', '2025-12-18 20:39:24', 26, 115, 'PHYSICAL_COPY', 48.87);
INSERT INTO book_sales (id, created_at, updated_at, user_id, book_id, book_sale_type, sold_price) VALUES (73, '2025-12-18 20:39:24', '2025-12-18 20:39:24', 19, 101, 'PHYSICAL_COPY', 37.18);
INSERT INTO book_sales (id, created_at, updated_at, user_id, book_id, book_sale_type, sold_price) VALUES (74, '2025-12-18 20:39:24', '2025-12-18 20:39:24', 6, 122, 'PHYSICAL_COPY', 91.26);
INSERT INTO book_sales (id, created_at, updated_at, user_id, book_id, book_sale_type, sold_price) VALUES (75, '2025-12-18 20:39:24', '2025-12-18 20:39:24', 17, 22, 'DIGITAL_COPY', 85.24);
INSERT INTO book_sales (id, created_at, updated_at, user_id, book_id, book_sale_type, sold_price) VALUES (76, '2025-12-18 20:39:24', '2025-12-18 20:39:24', 9, 196, 'PHYSICAL_COPY', 82.52);
INSERT INTO book_sales (id, created_at, updated_at, user_id, book_id, book_sale_type, sold_price) VALUES (77, '2025-12-18 20:39:24', '2025-12-18 20:39:24', 13, 125, 'DIGITAL_COPY', 104.79);
INSERT INTO book_sales (id, created_at, updated_at, user_id, book_id, book_sale_type, sold_price) VALUES (78, '2025-12-18 20:39:24', '2025-12-18 20:39:24', 13, 144, 'PHYSICAL_COPY', 51.5);
INSERT INTO book_sales (id, created_at, updated_at, user_id, book_id, book_sale_type, sold_price) VALUES (79, '2025-12-18 20:39:24', '2025-12-18 20:39:24', 18, 199, 'DIGITAL_COPY', 62.04);
INSERT INTO book_sales (id, created_at, updated_at, user_id, book_id, book_sale_type, sold_price) VALUES (80, '2025-12-18 20:39:24', '2025-12-18 20:39:24', 6, 29, 'DIGITAL_COPY', 75.06);
INSERT INTO book_sales (id, created_at, updated_at, user_id, book_id, book_sale_type, sold_price) VALUES (81, '2025-12-18 20:39:24', '2025-12-18 20:39:24', 23, 49, 'DIGITAL_COPY', 64.79);
INSERT INTO book_sales (id, created_at, updated_at, user_id, book_id, book_sale_type, sold_price) VALUES (82, '2025-12-18 20:39:24', '2025-12-18 20:39:24', 2, 198, 'DIGITAL_COPY', 42.0);
INSERT INTO book_sales (id, created_at, updated_at, user_id, book_id, book_sale_type, sold_price) VALUES (83, '2025-12-18 20:39:24', '2025-12-18 20:39:24', 23, 158, 'DIGITAL_COPY', 101.01);
INSERT INTO book_sales (id, created_at, updated_at, user_id, book_id, book_sale_type, sold_price) VALUES (84, '2025-12-18 20:39:24', '2025-12-18 20:39:24', 29, 12, 'PHYSICAL_COPY', 45.96);
INSERT INTO book_sales (id, created_at, updated_at, user_id, book_id, book_sale_type, sold_price) VALUES (85, '2025-12-18 20:39:24', '2025-12-18 20:39:24', 24, 40, 'PHYSICAL_COPY', 34.61);
INSERT INTO book_sales (id, created_at, updated_at, user_id, book_id, book_sale_type, sold_price) VALUES (86, '2025-12-18 20:39:24', '2025-12-18 20:39:24', 4, 63, 'PHYSICAL_COPY', 132.94);
INSERT INTO book_sales (id, created_at, updated_at, user_id, book_id, book_sale_type, sold_price) VALUES (87, '2025-12-18 20:39:24', '2025-12-18 20:39:24', 19, 4, 'DIGITAL_COPY', 110.19);
INSERT INTO book_sales (id, created_at, updated_at, user_id, book_id, book_sale_type, sold_price) VALUES (88, '2025-12-18 20:39:24', '2025-12-18 20:39:24', 8, 79, 'DIGITAL_COPY', 81.25);
INSERT INTO book_sales (id, created_at, updated_at, user_id, book_id, book_sale_type, sold_price) VALUES (89, '2025-12-18 20:39:24', '2025-12-18 20:39:24', 22, 54, 'PHYSICAL_COPY', 46.49);
INSERT INTO book_sales (id, created_at, updated_at, user_id, book_id, book_sale_type, sold_price) VALUES (90, '2025-12-18 20:39:24', '2025-12-18 20:39:24', 34, 193, 'DIGITAL_COPY', 91.34);
INSERT INTO book_sales (id, created_at, updated_at, user_id, book_id, book_sale_type, sold_price) VALUES (91, '2025-12-18 20:39:24', '2025-12-18 20:39:24', 10, 178, 'PHYSICAL_COPY', 68.96);
INSERT INTO book_sales (id, created_at, updated_at, user_id, book_id, book_sale_type, sold_price) VALUES (92, '2025-12-18 20:39:24', '2025-12-18 20:39:24', 34, 12, 'DIGITAL_COPY', 42.14);
INSERT INTO book_sales (id, created_at, updated_at, user_id, book_id, book_sale_type, sold_price) VALUES (93, '2025-12-18 20:39:24', '2025-12-18 20:39:24', 19, 52, 'DIGITAL_COPY', 26.9);
INSERT INTO book_sales (id, created_at, updated_at, user_id, book_id, book_sale_type, sold_price) VALUES (94, '2025-12-18 20:39:24', '2025-12-18 20:39:24', 1, 18, 'DIGITAL_COPY', 105.85);
INSERT INTO book_sales (id, created_at, updated_at, user_id, book_id, book_sale_type, sold_price) VALUES (95, '2025-12-18 20:39:24', '2025-12-18 20:39:24', 24, 28, 'PHYSICAL_COPY', 58.02);
INSERT INTO book_sales (id, created_at, updated_at, user_id, book_id, book_sale_type, sold_price) VALUES (96, '2025-12-18 20:39:24', '2025-12-18 20:39:24', 25, 60, 'DIGITAL_COPY', 86.11);
INSERT INTO book_sales (id, created_at, updated_at, user_id, book_id, book_sale_type, sold_price) VALUES (97, '2025-12-18 20:39:24', '2025-12-18 20:39:24', 7, 81, 'DIGITAL_COPY', 132.68);
INSERT INTO book_sales (id, created_at, updated_at, user_id, book_id, book_sale_type, sold_price) VALUES (98, '2025-12-18 20:39:24', '2025-12-18 20:39:24', 35, 23, 'PHYSICAL_COPY', 45.85);
INSERT INTO book_sales (id, created_at, updated_at, user_id, book_id, book_sale_type, sold_price) VALUES (99, '2025-12-18 20:39:24', '2025-12-18 20:39:24', 30, 144, 'PHYSICAL_COPY', 25.17);
INSERT INTO book_sales (id, created_at, updated_at, user_id, book_id, book_sale_type, sold_price) VALUES (100, '2025-12-18 20:39:24', '2025-12-18 20:39:24', 34, 79, 'DIGITAL_COPY', 83.69);
INSERT INTO donations (id, created_at, updated_at, user_id, book_title, book_author, status) VALUES (1, '2025-12-18 20:39:24', '2025-12-18 20:39:24', 11, 'Operative solution-oriented adapter', 'Andrew Wilson', 'PENDING');
INSERT INTO donations (id, created_at, updated_at, user_id, book_title, book_author, status) VALUES (2, '2025-12-18 20:39:24', '2025-12-18 20:39:24', 23, 'Digitized empowering knowledgebase', 'Stacy Mcbride', 'REJECTED');
INSERT INTO donations (id, created_at, updated_at, user_id, book_title, book_author, status) VALUES (3, '2025-12-18 20:39:24', '2025-12-18 20:39:24', 23, 'Expanded bottom-line productivity', 'Melanie Johnson', 'APPROVED');
INSERT INTO donations (id, created_at, updated_at, user_id, book_title, book_author, status) VALUES (4, '2025-12-18 20:39:24', '2025-12-18 20:39:24', 20, 'Phased context-sensitive access', 'Nathaniel Gibson', 'PENDING');
INSERT INTO donations (id, created_at, updated_at, user_id, book_title, book_author, status) VALUES (5, '2025-12-18 20:39:24', '2025-12-18 20:39:24', 33, 'Reduced system-worthy open architecture', 'Alexander Hart', 'APPROVED');
INSERT INTO donations (id, created_at, updated_at, user_id, book_title, book_author, status) VALUES (6, '2025-12-18 20:39:24', '2025-12-18 20:39:24', 4, 'Cloned upward-trending solution', 'Austin Gregory', 'REJECTED');
INSERT INTO donations (id, created_at, updated_at, user_id, book_title, book_author, status) VALUES (7, '2025-12-18 20:39:24', '2025-12-18 20:39:24', 17, 'Assimilated 5thgeneration methodology', 'John Thompson', 'APPROVED');
INSERT INTO donations (id, created_at, updated_at, user_id, book_title, book_author, status) VALUES (8, '2025-12-18 20:39:24', '2025-12-18 20:39:24', 2, 'Advanced object-oriented analyzer', 'Tina Walter', 'REJECTED');
INSERT INTO donations (id, created_at, updated_at, user_id, book_title, book_author, status) VALUES (9, '2025-12-18 20:39:24', '2025-12-18 20:39:24', 18, 'Triple-buffered executive success', 'Robert Johnson', 'PENDING');
INSERT INTO donations (id, created_at, updated_at, user_id, book_title, book_author, status) VALUES (10, '2025-12-18 20:39:24', '2025-12-18 20:39:24', 10, 'Future-proofed content-based encoding', 'Rita Forbes', 'APPROVED');
INSERT INTO donations (id, created_at, updated_at, user_id, book_title, book_author, status) VALUES (11, '2025-12-18 20:39:24', '2025-12-18 20:39:24', 26, 'Balanced non-volatile Internet solution', 'Michele Conner', 'REJECTED');
INSERT INTO donations (id, created_at, updated_at, user_id, book_title, book_author, status) VALUES (12, '2025-12-18 20:39:24', '2025-12-18 20:39:24', 9, 'Universal value-added application', 'Brandon Richardson', 'PENDING');
INSERT INTO donations (id, created_at, updated_at, user_id, book_title, book_author, status) VALUES (13, '2025-12-18 20:39:24', '2025-12-18 20:39:24', 25, 'Phased needs-based complexity', 'Steven Barber', 'REJECTED');
INSERT INTO donations (id, created_at, updated_at, user_id, book_title, book_author, status) VALUES (14, '2025-12-18 20:39:24', '2025-12-18 20:39:24', 15, 'Quality-focused client-server Graphic Interface', 'Hannah Thompson', 'APPROVED');
INSERT INTO donations (id, created_at, updated_at, user_id, book_title, book_author, status) VALUES (15, '2025-12-18 20:39:24', '2025-12-18 20:39:24', 16, 'Open-architected holistic Local Area Network', 'Dr. Brittany Chambers', 'REJECTED');
INSERT INTO donations (id, created_at, updated_at, user_id, book_title, book_author, status) VALUES (16, '2025-12-18 20:39:24', '2025-12-18 20:39:24', 10, 'Proactive systematic moratorium', 'Tyrone Miller', 'APPROVED');
INSERT INTO donations (id, created_at, updated_at, user_id, book_title, book_author, status) VALUES (17, '2025-12-18 20:39:24', '2025-12-18 20:39:24', 20, 'Function-based client-driven groupware', 'Maria Hayes', 'REJECTED');
INSERT INTO donations (id, created_at, updated_at, user_id, book_title, book_author, status) VALUES (18, '2025-12-18 20:39:24', '2025-12-18 20:39:24', 22, 'Quality-focused systemic concept', 'Gwendolyn Hull', 'APPROVED');
INSERT INTO donations (id, created_at, updated_at, user_id, book_title, book_author, status) VALUES (19, '2025-12-18 20:39:24', '2025-12-18 20:39:24', 35, 'Self-enabling client-server policy', 'Mark Garner', 'PENDING');
INSERT INTO donations (id, created_at, updated_at, user_id, book_title, book_author, status) VALUES (20, '2025-12-18 20:39:24', '2025-12-18 20:39:24', 14, 'Re-engineered client-driven utilization', 'Michael Miller', 'REJECTED');
INSERT INTO donations (id, created_at, updated_at, user_id, book_title, book_author, status) VALUES (21, '2025-12-18 20:39:24', '2025-12-18 20:39:24', 9, 'Operative bifurcated middleware', 'Kelly Johnston', 'REJECTED');
INSERT INTO donations (id, created_at, updated_at, user_id, book_title, book_author, status) VALUES (22, '2025-12-18 20:39:24', '2025-12-18 20:39:24', 35, 'Function-based neutral secured line', 'Nancy Sutton', 'REJECTED');
INSERT INTO donations (id, created_at, updated_at, user_id, book_title, book_author, status) VALUES (23, '2025-12-18 20:39:24', '2025-12-18 20:39:24', 13, 'Managed mobile budgetary management', 'Russell Brooks', 'PENDING');
INSERT INTO donations (id, created_at, updated_at, user_id, book_title, book_author, status) VALUES (24, '2025-12-18 20:39:24', '2025-12-18 20:39:24', 20, 'Object-based multi-state protocol', 'Colleen Bell', 'REJECTED');
INSERT INTO donations (id, created_at, updated_at, user_id, book_title, book_author, status) VALUES (25, '2025-12-18 20:39:24', '2025-12-18 20:39:24', 34, 'Open-source system-worthy system engine', 'Courtney Schneider MD', 'PENDING');
INSERT INTO donations (id, created_at, updated_at, user_id, book_title, book_author, status) VALUES (26, '2025-12-18 20:39:24', '2025-12-18 20:39:24', 28, 'Team-oriented web-enabled core', 'Stephanie Costa', 'PENDING');
INSERT INTO donations (id, created_at, updated_at, user_id, book_title, book_author, status) VALUES (27, '2025-12-18 20:39:24', '2025-12-18 20:39:24', 11, 'Customer-focused modular circuit', 'Melissa Parker', 'APPROVED');
INSERT INTO donations (id, created_at, updated_at, user_id, book_title, book_author, status) VALUES (28, '2025-12-18 20:39:24', '2025-12-18 20:39:24', 5, 'Versatile impactful framework', 'Kimberly Davis', 'REJECTED');
INSERT INTO donations (id, created_at, updated_at, user_id, book_title, book_author, status) VALUES (29, '2025-12-18 20:39:24', '2025-12-18 20:39:24', 35, 'Ergonomic 4thgeneration adapter', 'Bryan Lopez', 'REJECTED');
INSERT INTO donations (id, created_at, updated_at, user_id, book_title, book_author, status) VALUES (30, '2025-12-18 20:39:24', '2025-12-18 20:39:24', 8, 'Vision-oriented systemic archive', 'Jesse Wilson', 'PENDING');
INSERT INTO donations (id, created_at, updated_at, user_id, book_title, book_author, status) VALUES (31, '2025-12-18 20:39:24', '2025-12-18 20:39:24', 21, 'Multi-channeled stable initiative', 'Kyle Cooper', 'PENDING');
INSERT INTO donations (id, created_at, updated_at, user_id, book_title, book_author, status) VALUES (32, '2025-12-18 20:39:24', '2025-12-18 20:39:24', 2, 'Multi-layered demand-driven framework', 'Kevin Mendoza', 'APPROVED');
INSERT INTO donations (id, created_at, updated_at, user_id, book_title, book_author, status) VALUES (33, '2025-12-18 20:39:24', '2025-12-18 20:39:24', 27, 'Seamless optimizing analyzer', 'Vanessa Porter', 'APPROVED');
INSERT INTO donations (id, created_at, updated_at, user_id, book_title, book_author, status) VALUES (34, '2025-12-18 20:39:24', '2025-12-18 20:39:24', 20, 'Monitored 4thgeneration extranet', 'Shannon Reyes', 'APPROVED');
INSERT INTO donations (id, created_at, updated_at, user_id, book_title, book_author, status) VALUES (35, '2025-12-18 20:39:24', '2025-12-18 20:39:24', 18, 'Public-key zero administration attitude', 'Kevin Gilmore', 'PENDING');
INSERT INTO donations (id, created_at, updated_at, user_id, book_title, book_author, status) VALUES (36, '2025-12-18 20:39:24', '2025-12-18 20:39:24', 13, 'Synergized mobile algorithm', 'Victor Blake', 'PENDING');
INSERT INTO donations (id, created_at, updated_at, user_id, book_title, book_author, status) VALUES (37, '2025-12-18 20:39:24', '2025-12-18 20:39:24', 9, 'Cross-group methodical extranet', 'Angela Ramsey', 'PENDING');
INSERT INTO donations (id, created_at, updated_at, user_id, book_title, book_author, status) VALUES (38, '2025-12-18 20:39:24', '2025-12-18 20:39:24', 2, 'Universal responsive attitude', 'Paul Allen', 'REJECTED');
INSERT INTO donations (id, created_at, updated_at, user_id, book_title, book_author, status) VALUES (39, '2025-12-18 20:39:24', '2025-12-18 20:39:24', 18, 'Phased 5thgeneration Graphic Interface', 'Richard Bond', 'REJECTED');
INSERT INTO donations (id, created_at, updated_at, user_id, book_title, book_author, status) VALUES (40, '2025-12-18 20:39:24', '2025-12-18 20:39:24', 15, 'Extended reciprocal installation', 'Michael Watkins', 'REJECTED');
INSERT INTO donations (id, created_at, updated_at, user_id, book_title, book_author, status) VALUES (41, '2025-12-18 20:39:24', '2025-12-18 20:39:24', 15, 'Synergistic zero-defect algorithm', 'Jill Shaw', 'PENDING');
INSERT INTO donations (id, created_at, updated_at, user_id, book_title, book_author, status) VALUES (42, '2025-12-18 20:39:24', '2025-12-18 20:39:24', 2, 'Persistent even-keeled standardization', 'Rebecca Nichols', 'APPROVED');
INSERT INTO donations (id, created_at, updated_at, user_id, book_title, book_author, status) VALUES (43, '2025-12-18 20:39:24', '2025-12-18 20:39:24', 6, 'Up-sized actuating extranet', 'Melissa Henry', 'REJECTED');
INSERT INTO donations (id, created_at, updated_at, user_id, book_title, book_author, status) VALUES (44, '2025-12-18 20:39:24', '2025-12-18 20:39:24', 31, 'Organized explicit complexity', 'Kyle Simmons', 'PENDING');
INSERT INTO donations (id, created_at, updated_at, user_id, book_title, book_author, status) VALUES (45, '2025-12-18 20:39:24', '2025-12-18 20:39:24', 33, 'Synergized coherent archive', 'John Smith', 'REJECTED');
INSERT INTO donations (id, created_at, updated_at, user_id, book_title, book_author, status) VALUES (46, '2025-12-18 20:39:24', '2025-12-18 20:39:24', 31, 'Vision-oriented value-added workforce', 'Cassandra Bennett', 'REJECTED');
INSERT INTO donations (id, created_at, updated_at, user_id, book_title, book_author, status) VALUES (47, '2025-12-18 20:39:24', '2025-12-18 20:39:24', 24, 'Innovative contextually-based definition', 'Michael Bruce', 'PENDING');
INSERT INTO donations (id, created_at, updated_at, user_id, book_title, book_author, status) VALUES (48, '2025-12-18 20:39:24', '2025-12-18 20:39:24', 25, 'Focused transitional intranet', 'Tiffany Wilson', 'APPROVED');
INSERT INTO donations (id, created_at, updated_at, user_id, book_title, book_author, status) VALUES (49, '2025-12-18 20:39:24', '2025-12-18 20:39:24', 31, 'Down-sized client-driven capacity', 'Theresa Hart', 'PENDING');
INSERT INTO donations (id, created_at, updated_at, user_id, book_title, book_author, status) VALUES (50, '2025-12-18 20:39:24', '2025-12-18 20:39:24', 11, 'Organic modular hierarchy', 'Jessica Erickson', 'PENDING');
INSERT INTO book_suggestions (id, created_at, updated_at, suggester_user_id, title, author, status) VALUES (1, '2025-12-18 20:39:24', '2025-12-18 20:39:24', 15, 'Team-oriented holistic productivity', 'Jennifer Johnson', 'PENDING');
INSERT INTO book_suggestions (id, created_at, updated_at, suggester_user_id, title, author, status) VALUES (2, '2025-12-18 20:39:24', '2025-12-18 20:39:24', 27, 'Optional next generation standardization', 'Austin Baker', 'PENDING');
INSERT INTO book_suggestions (id, created_at, updated_at, suggester_user_id, title, author, status) VALUES (3, '2025-12-18 20:39:24', '2025-12-18 20:39:24', 18, 'Synchronized heuristic leverage', 'Thomas Knox', 'APPROVED');
INSERT INTO book_suggestions (id, created_at, updated_at, suggester_user_id, title, author, status) VALUES (4, '2025-12-18 20:39:24', '2025-12-18 20:39:24', 15, 'Devolved bottom-line algorithm', 'Kelly Ortega', 'REJECTED');
INSERT INTO book_suggestions (id, created_at, updated_at, suggester_user_id, title, author, status) VALUES (5, '2025-12-18 20:39:24', '2025-12-18 20:39:24', 13, 'Organized stable moratorium', 'Dennis Jones', 'PENDING');
INSERT INTO book_suggestions (id, created_at, updated_at, suggester_user_id, title, author, status) VALUES (6, '2025-12-18 20:39:24', '2025-12-18 20:39:24', 5, 'Switchable contextually-based paradigm', 'Justin Hall', 'PENDING');
INSERT INTO book_suggestions (id, created_at, updated_at, suggester_user_id, title, author, status) VALUES (7, '2025-12-18 20:39:24', '2025-12-18 20:39:24', 29, 'Digitized exuding challenge', 'Jeanette Watson', 'REJECTED');
INSERT INTO book_suggestions (id, created_at, updated_at, suggester_user_id, title, author, status) VALUES (8, '2025-12-18 20:39:24', '2025-12-18 20:39:24', 32, 'Profound zero tolerance access', 'Maxwell Richards', 'REJECTED');
INSERT INTO book_suggestions (id, created_at, updated_at, suggester_user_id, title, author, status) VALUES (9, '2025-12-18 20:39:24', '2025-12-18 20:39:24', 21, 'Advanced exuding workforce', 'Thomas Valencia', 'APPROVED');
INSERT INTO book_suggestions (id, created_at, updated_at, suggester_user_id, title, author, status) VALUES (10, '2025-12-18 20:39:24', '2025-12-18 20:39:24', 16, 'Extended content-based protocol', 'John Garcia', 'APPROVED');
INSERT INTO book_suggestions (id, created_at, updated_at, suggester_user_id, title, author, status) VALUES (11, '2025-12-18 20:39:24', '2025-12-18 20:39:24', 26, 'Networked neutral productivity', 'Shannon Jones', 'PENDING');
INSERT INTO book_suggestions (id, created_at, updated_at, suggester_user_id, title, author, status) VALUES (12, '2025-12-18 20:39:24', '2025-12-18 20:39:24', 25, 'Synchronized clear-thinking migration', 'Philip Woods', 'REJECTED');
INSERT INTO book_suggestions (id, created_at, updated_at, suggester_user_id, title, author, status) VALUES (13, '2025-12-18 20:39:24', '2025-12-18 20:39:24', 21, 'Compatible non-volatile concept', 'Paul Franco', 'APPROVED');
INSERT INTO book_suggestions (id, created_at, updated_at, suggester_user_id, title, author, status) VALUES (14, '2025-12-18 20:39:24', '2025-12-18 20:39:24', 35, 'Multi-lateral directional firmware', 'Paul Williams', 'REJECTED');
INSERT INTO book_suggestions (id, created_at, updated_at, suggester_user_id, title, author, status) VALUES (15, '2025-12-18 20:39:24', '2025-12-18 20:39:24', 3, 'Inverse zero-defect infrastructure', 'Michael Galvan', 'REJECTED');
INSERT INTO book_suggestions (id, created_at, updated_at, suggester_user_id, title, author, status) VALUES (16, '2025-12-18 20:39:24', '2025-12-18 20:39:24', 7, 'Object-based local portal', 'Courtney Solomon', 'APPROVED');
INSERT INTO book_suggestions (id, created_at, updated_at, suggester_user_id, title, author, status) VALUES (17, '2025-12-18 20:39:24', '2025-12-18 20:39:24', 30, 'Polarized reciprocal utilization', 'Jennifer Wiggins', 'PENDING');
INSERT INTO book_suggestions (id, created_at, updated_at, suggester_user_id, title, author, status) VALUES (18, '2025-12-18 20:39:24', '2025-12-18 20:39:24', 16, 'Sharable cohesive encoding', 'Donna Mejia', 'REJECTED');
INSERT INTO book_suggestions (id, created_at, updated_at, suggester_user_id, title, author, status) VALUES (19, '2025-12-18 20:39:24', '2025-12-18 20:39:24', 35, 'Optional radical algorithm', 'Justin Bush', 'APPROVED');
INSERT INTO book_suggestions (id, created_at, updated_at, suggester_user_id, title, author, status) VALUES (20, '2025-12-18 20:39:24', '2025-12-18 20:39:24', 3, 'Vision-oriented client-server throughput', 'Jaclyn Long', 'REJECTED');
INSERT INTO feedbacks (id, created_at, updated_at, user_id, feedback_type, message, feedback_status) VALUES (1, '2025-12-18 20:39:24', '2025-12-18 20:39:24', 25, 'COMPLAINT', 'Practice would game student painting try talk like maintain serious style.', 'NEW');
INSERT INTO feedbacks (id, created_at, updated_at, user_id, feedback_type, message, feedback_status) VALUES (2, '2025-12-18 20:39:24', '2025-12-18 20:39:24', 19, 'SUGGESTION', 'Receive type painting produce off light before majority garden military place edge environmental.', 'IN_PROGRESS');
INSERT INTO feedbacks (id, created_at, updated_at, user_id, feedback_type, message, feedback_status) VALUES (3, '2025-12-18 20:39:24', '2025-12-18 20:39:24', 20, 'SUGGESTION', 'Themselves organization direction unit food dream course win court.', 'IN_PROGRESS');
INSERT INTO feedbacks (id, created_at, updated_at, user_id, feedback_type, message, feedback_status) VALUES (4, '2025-12-18 20:39:24', '2025-12-18 20:39:24', 11, 'SUGGESTION', 'Military in enough interest probably shoulder three cause show far.', 'IN_PROGRESS');
INSERT INTO feedbacks (id, created_at, updated_at, user_id, feedback_type, message, feedback_status) VALUES (5, '2025-12-18 20:39:24', '2025-12-18 20:39:24', 4, 'COMPLAINT', 'Republican need daughter leg minute bring reveal factor east our.', 'IN_PROGRESS');
INSERT INTO feedbacks (id, created_at, updated_at, user_id, feedback_type, message, feedback_status) VALUES (6, '2025-12-18 20:39:24', '2025-12-18 20:39:24', 29, 'COMPLAINT', 'Consumer positive market early machine establish nothing Mr chair paper.', 'RESOLVED');
INSERT INTO feedbacks (id, created_at, updated_at, user_id, feedback_type, message, feedback_status) VALUES (7, '2025-12-18 20:39:24', '2025-12-18 20:39:24', 33, 'COMPLAINT', 'Buy heavy nearly hotel at speech effort manager various.', 'NEW');
INSERT INTO feedbacks (id, created_at, updated_at, user_id, feedback_type, message, feedback_status) VALUES (8, '2025-12-18 20:39:24', '2025-12-18 20:39:24', 35, 'COMPLAINT', 'On everyone note current anything into word other live hit budget Congress guess.', 'IN_PROGRESS');
INSERT INTO feedbacks (id, created_at, updated_at, user_id, feedback_type, message, feedback_status) VALUES (9, '2025-12-18 20:39:24', '2025-12-18 20:39:24', 27, 'SUGGESTION', 'American audience blue movement camera benefit.', 'IN_PROGRESS');
INSERT INTO feedbacks (id, created_at, updated_at, user_id, feedback_type, message, feedback_status) VALUES (10, '2025-12-18 20:39:24', '2025-12-18 20:39:24', 2, 'COMPLAINT', 'Daughter through note act front person everyone involve discover peace number.', 'IN_PROGRESS');
INSERT INTO feedbacks (id, created_at, updated_at, user_id, feedback_type, message, feedback_status) VALUES (11, '2025-12-18 20:39:24', '2025-12-18 20:39:24', 13, 'SUGGESTION', 'Until government door age once several commercial whom himself.', 'NEW');
INSERT INTO feedbacks (id, created_at, updated_at, user_id, feedback_type, message, feedback_status) VALUES (12, '2025-12-18 20:39:24', '2025-12-18 20:39:24', 17, 'SUGGESTION', 'Pattern west before science without especially main believe suddenly determine least close.', 'RESOLVED');
INSERT INTO feedbacks (id, created_at, updated_at, user_id, feedback_type, message, feedback_status) VALUES (13, '2025-12-18 20:39:24', '2025-12-18 20:39:24', 11, 'COMPLAINT', 'Truth evidence about provide itself team support land.', 'NEW');
INSERT INTO feedbacks (id, created_at, updated_at, user_id, feedback_type, message, feedback_status) VALUES (14, '2025-12-18 20:39:24', '2025-12-18 20:39:24', 8, 'SUGGESTION', 'Beyond bank Republican kind school his past herself.', 'RESOLVED');
INSERT INTO feedbacks (id, created_at, updated_at, user_id, feedback_type, message, feedback_status) VALUES (15, '2025-12-18 20:39:24', '2025-12-18 20:39:24', 24, 'COMPLAINT', 'Share day pull job themselves garden again medical hold kind day certain.', 'RESOLVED');
INSERT INTO feedbacks (id, created_at, updated_at, user_id, feedback_type, message, feedback_status) VALUES (16, '2025-12-18 20:39:24', '2025-12-18 20:39:24', 25, 'COMPLAINT', 'Over recognize help small debate fire.', 'IN_PROGRESS');
INSERT INTO feedbacks (id, created_at, updated_at, user_id, feedback_type, message, feedback_status) VALUES (17, '2025-12-18 20:39:24', '2025-12-18 20:39:24', 25, 'COMPLAINT', 'Ever resource together here there whether rather none population ask require.', 'NEW');
INSERT INTO feedbacks (id, created_at, updated_at, user_id, feedback_type, message, feedback_status) VALUES (18, '2025-12-18 20:39:24', '2025-12-18 20:39:24', 22, 'COMPLAINT', 'Home generation herself make right training.', 'NEW');
INSERT INTO feedbacks (id, created_at, updated_at, user_id, feedback_type, message, feedback_status) VALUES (19, '2025-12-18 20:39:24', '2025-12-18 20:39:24', 10, 'COMPLAINT', 'Join give especially treatment employee citizen despite.', 'RESOLVED');
INSERT INTO feedbacks (id, created_at, updated_at, user_id, feedback_type, message, feedback_status) VALUES (20, '2025-12-18 20:39:24', '2025-12-18 20:39:24', 4, 'SUGGESTION', 'Population out special suffer without hair set bed trouble begin receive anyone bad.', 'IN_PROGRESS');
INSERT INTO feedbacks (id, created_at, updated_at, user_id, feedback_type, message, feedback_status) VALUES (21, '2025-12-18 20:39:24', '2025-12-18 20:39:24', 20, 'SUGGESTION', 'Laugh fall teach everything trouble director find minute discussion.', 'IN_PROGRESS');
INSERT INTO feedbacks (id, created_at, updated_at, user_id, feedback_type, message, feedback_status) VALUES (22, '2025-12-18 20:39:24', '2025-12-18 20:39:24', 12, 'COMPLAINT', 'Per of situation the term scientist explain.', 'NEW');
INSERT INTO feedbacks (id, created_at, updated_at, user_id, feedback_type, message, feedback_status) VALUES (23, '2025-12-18 20:39:24', '2025-12-18 20:39:24', 13, 'COMPLAINT', 'Walk thus door space crime Republican attack big stage condition buy leg.', 'RESOLVED');
INSERT INTO feedbacks (id, created_at, updated_at, user_id, feedback_type, message, feedback_status) VALUES (24, '2025-12-18 20:39:24', '2025-12-18 20:39:24', 17, 'COMPLAINT', 'Rich check usually early across talk short message again mean.', 'IN_PROGRESS');
INSERT INTO feedbacks (id, created_at, updated_at, user_id, feedback_type, message, feedback_status) VALUES (25, '2025-12-18 20:39:24', '2025-12-18 20:39:24', 32, 'SUGGESTION', 'Hour cold light suffer drop participant.', 'RESOLVED');
INSERT INTO feedbacks (id, created_at, updated_at, user_id, feedback_type, message, feedback_status) VALUES (26, '2025-12-18 20:39:24', '2025-12-18 20:39:24', 1, 'SUGGESTION', 'Off evidence early compare body eat policy senior attack help.', 'NEW');
INSERT INTO feedbacks (id, created_at, updated_at, user_id, feedback_type, message, feedback_status) VALUES (27, '2025-12-18 20:39:24', '2025-12-18 20:39:24', 14, 'SUGGESTION', 'Expert more majority senior nearly risk.', 'IN_PROGRESS');
INSERT INTO feedbacks (id, created_at, updated_at, user_id, feedback_type, message, feedback_status) VALUES (28, '2025-12-18 20:39:24', '2025-12-18 20:39:24', 27, 'SUGGESTION', 'Level positive mind skill officer study if edge view cold teach call.', 'NEW');
INSERT INTO feedbacks (id, created_at, updated_at, user_id, feedback_type, message, feedback_status) VALUES (29, '2025-12-18 20:39:24', '2025-12-18 20:39:24', 1, 'COMPLAINT', 'Deal outside happen fear page include.', 'RESOLVED');
INSERT INTO feedbacks (id, created_at, updated_at, user_id, feedback_type, message, feedback_status) VALUES (30, '2025-12-18 20:39:24', '2025-12-18 20:39:24', 18, 'COMPLAINT', 'Federal agency maintain seek democratic simple seek last opportunity serve.', 'NEW');
INSERT INTO feedbacks (id, created_at, updated_at, user_id, feedback_type, message, feedback_status) VALUES (31, '2025-12-18 20:39:24', '2025-12-18 20:39:24', 12, 'COMPLAINT', 'Power few each administration dinner keep main.', 'NEW');
INSERT INTO feedbacks (id, created_at, updated_at, user_id, feedback_type, message, feedback_status) VALUES (32, '2025-12-18 20:39:24', '2025-12-18 20:39:24', 23, 'COMPLAINT', 'Require he daughter candidate where early certainly policy big hear go.', 'NEW');
INSERT INTO feedbacks (id, created_at, updated_at, user_id, feedback_type, message, feedback_status) VALUES (33, '2025-12-18 20:39:24', '2025-12-18 20:39:24', 3, 'SUGGESTION', 'Thought the back family start necessary American wonder suggest attack.', 'IN_PROGRESS');
INSERT INTO feedbacks (id, created_at, updated_at, user_id, feedback_type, message, feedback_status) VALUES (34, '2025-12-18 20:39:24', '2025-12-18 20:39:24', 6, 'COMPLAINT', 'Cover two coach yeah certainly represent especially agency despite minute.', 'NEW');
INSERT INTO feedbacks (id, created_at, updated_at, user_id, feedback_type, message, feedback_status) VALUES (35, '2025-12-18 20:39:24', '2025-12-18 20:39:24', 27, 'COMPLAINT', 'Large free party get force happy.', 'NEW');
INSERT INTO feedbacks (id, created_at, updated_at, user_id, feedback_type, message, feedback_status) VALUES (36, '2025-12-18 20:39:24', '2025-12-18 20:39:24', 19, 'COMPLAINT', 'One third serve item method program nature see media your check station.', 'IN_PROGRESS');
INSERT INTO feedbacks (id, created_at, updated_at, user_id, feedback_type, message, feedback_status) VALUES (37, '2025-12-18 20:39:24', '2025-12-18 20:39:24', 24, 'COMPLAINT', 'Produce key reveal environment central trip behavior himself hour among.', 'NEW');
INSERT INTO feedbacks (id, created_at, updated_at, user_id, feedback_type, message, feedback_status) VALUES (38, '2025-12-18 20:39:24', '2025-12-18 20:39:24', 20, 'SUGGESTION', 'Activity card industry create son third interview nothing wrong.', 'IN_PROGRESS');
INSERT INTO feedbacks (id, created_at, updated_at, user_id, feedback_type, message, feedback_status) VALUES (39, '2025-12-18 20:39:24', '2025-12-18 20:39:24', 25, 'COMPLAINT', 'A at teach enter lot at life wonder.', 'IN_PROGRESS');
INSERT INTO feedbacks (id, created_at, updated_at, user_id, feedback_type, message, feedback_status) VALUES (40, '2025-12-18 20:39:24', '2025-12-18 20:39:24', 5, 'SUGGESTION', 'Box prove speech garden road head light what officer nature top score.', 'IN_PROGRESS');
INSERT INTO feedbacks (id, created_at, updated_at, user_id, feedback_type, message, feedback_status) VALUES (41, '2025-12-18 20:39:24', '2025-12-18 20:39:24', 9, 'COMPLAINT', 'Professor money property structure operation radio south sing early spring its evening vote feel.', 'RESOLVED');
INSERT INTO feedbacks (id, created_at, updated_at, user_id, feedback_type, message, feedback_status) VALUES (42, '2025-12-18 20:39:24', '2025-12-18 20:39:24', 18, 'SUGGESTION', 'Anything option soon election station never such despite what less check.', 'RESOLVED');
INSERT INTO feedbacks (id, created_at, updated_at, user_id, feedback_type, message, feedback_status) VALUES (43, '2025-12-18 20:39:24', '2025-12-18 20:39:24', 27, 'COMPLAINT', 'Recently media include hundred note federal drug.', 'RESOLVED');
INSERT INTO feedbacks (id, created_at, updated_at, user_id, feedback_type, message, feedback_status) VALUES (44, '2025-12-18 20:39:24', '2025-12-18 20:39:24', 14, 'COMPLAINT', 'Loss up at finish threat itself spring child list air visit brother dog.', 'NEW');
INSERT INTO feedbacks (id, created_at, updated_at, user_id, feedback_type, message, feedback_status) VALUES (45, '2025-12-18 20:39:24', '2025-12-18 20:39:24', 34, 'COMPLAINT', 'Until how degree involve dog during source from our order table beyond.', 'IN_PROGRESS');
INSERT INTO feedbacks (id, created_at, updated_at, user_id, feedback_type, message, feedback_status) VALUES (46, '2025-12-18 20:39:24', '2025-12-18 20:39:24', 19, 'SUGGESTION', 'Someone across music manage begin wide space.', 'RESOLVED');
INSERT INTO feedbacks (id, created_at, updated_at, user_id, feedback_type, message, feedback_status) VALUES (47, '2025-12-18 20:39:24', '2025-12-18 20:39:24', 21, 'SUGGESTION', 'Yeah able concern card worker happen rate.', 'RESOLVED');
INSERT INTO feedbacks (id, created_at, updated_at, user_id, feedback_type, message, feedback_status) VALUES (48, '2025-12-18 20:39:24', '2025-12-18 20:39:24', 23, 'COMPLAINT', 'Program beautiful close finally beyond you bank always a two.', 'RESOLVED');
INSERT INTO feedbacks (id, created_at, updated_at, user_id, feedback_type, message, feedback_status) VALUES (49, '2025-12-18 20:39:24', '2025-12-18 20:39:24', 32, 'SUGGESTION', 'Today station make environment fact student author partner.', 'IN_PROGRESS');
INSERT INTO feedbacks (id, created_at, updated_at, user_id, feedback_type, message, feedback_status) VALUES (50, '2025-12-18 20:39:24', '2025-12-18 20:39:24', 12, 'COMPLAINT', 'Assume paper employee poor record benefit paper.', 'RESOLVED');
INSERT INTO notifications (id, created_at, updated_at, recipient_user_id, sender_user_id, message, is_read) VALUES (1, '2025-12-18 20:39:24', '2025-12-18 20:39:24', 19, 1, 'Allow system professor reason special.', false);
INSERT INTO notifications (id, created_at, updated_at, recipient_user_id, sender_user_id, message, is_read) VALUES (2, '2025-12-18 20:39:24', '2025-12-18 20:39:24', 1, 1, 'Weight fill president spring individual us.', true);
INSERT INTO notifications (id, created_at, updated_at, recipient_user_id, sender_user_id, message, is_read) VALUES (3, '2025-12-18 20:39:24', '2025-12-18 20:39:24', 30, 1, 'Program decision leave reflect already.', false);
INSERT INTO notifications (id, created_at, updated_at, recipient_user_id, sender_user_id, message, is_read) VALUES (4, '2025-12-18 20:39:24', '2025-12-18 20:39:24', 8, 1, 'Onto brother blue large.', false);
INSERT INTO notifications (id, created_at, updated_at, recipient_user_id, sender_user_id, message, is_read) VALUES (5, '2025-12-18 20:39:24', '2025-12-18 20:39:24', 14, 1, 'Reveal executive four floor.', false);
INSERT INTO notifications (id, created_at, updated_at, recipient_user_id, sender_user_id, message, is_read) VALUES (6, '2025-12-18 20:39:24', '2025-12-18 20:39:24', 27, 1, 'Responsibility itself but popular wall.', true);
INSERT INTO notifications (id, created_at, updated_at, recipient_user_id, sender_user_id, message, is_read) VALUES (7, '2025-12-18 20:39:24', '2025-12-18 20:39:24', 22, 1, 'Role few remember time prevent hair hospital.', true);
INSERT INTO notifications (id, created_at, updated_at, recipient_user_id, sender_user_id, message, is_read) VALUES (8, '2025-12-18 20:39:24', '2025-12-18 20:39:24', 14, 1, 'At all table edge cost marriage.', true);
INSERT INTO notifications (id, created_at, updated_at, recipient_user_id, sender_user_id, message, is_read) VALUES (9, '2025-12-18 20:39:24', '2025-12-18 20:39:24', 13, 1, 'Situation television last staff seat religious.', false);
INSERT INTO notifications (id, created_at, updated_at, recipient_user_id, sender_user_id, message, is_read) VALUES (10, '2025-12-18 20:39:24', '2025-12-18 20:39:24', 17, 1, 'When seem test contain than clearly.', false);
INSERT INTO notifications (id, created_at, updated_at, recipient_user_id, sender_user_id, message, is_read) VALUES (11, '2025-12-18 20:39:24', '2025-12-18 20:39:24', 20, 1, 'Indeed main write challenge this.', true);
INSERT INTO notifications (id, created_at, updated_at, recipient_user_id, sender_user_id, message, is_read) VALUES (12, '2025-12-18 20:39:24', '2025-12-18 20:39:24', 21, 1, 'Mention manager everyone dark Congress.', false);
INSERT INTO notifications (id, created_at, updated_at, recipient_user_id, sender_user_id, message, is_read) VALUES (13, '2025-12-18 20:39:24', '2025-12-18 20:39:24', 8, 1, 'Side place represent.', false);
INSERT INTO notifications (id, created_at, updated_at, recipient_user_id, sender_user_id, message, is_read) VALUES (14, '2025-12-18 20:39:24', '2025-12-18 20:39:24', 22, 1, 'Health able lot station may decision forward probably.', true);
INSERT INTO notifications (id, created_at, updated_at, recipient_user_id, sender_user_id, message, is_read) VALUES (15, '2025-12-18 20:39:24', '2025-12-18 20:39:24', 2, 1, 'Event hospital more opportunity unit cultural show.', false);
INSERT INTO notifications (id, created_at, updated_at, recipient_user_id, sender_user_id, message, is_read) VALUES (16, '2025-12-18 20:39:24', '2025-12-18 20:39:24', 13, 1, 'Lawyer rest natural.', true);
INSERT INTO notifications (id, created_at, updated_at, recipient_user_id, sender_user_id, message, is_read) VALUES (17, '2025-12-18 20:39:24', '2025-12-18 20:39:24', 22, 1, 'You lead expect adult operation whole artist.', false);
INSERT INTO notifications (id, created_at, updated_at, recipient_user_id, sender_user_id, message, is_read) VALUES (18, '2025-12-18 20:39:24', '2025-12-18 20:39:24', 31, 1, 'Upon trial participant discuss firm opportunity.', false);
INSERT INTO notifications (id, created_at, updated_at, recipient_user_id, sender_user_id, message, is_read) VALUES (19, '2025-12-18 20:39:24', '2025-12-18 20:39:24', 3, 1, 'Enter through system stage protect often house.', false);
INSERT INTO notifications (id, created_at, updated_at, recipient_user_id, sender_user_id, message, is_read) VALUES (20, '2025-12-18 20:39:24', '2025-12-18 20:39:24', 31, 1, 'Most American weight.', true);
INSERT INTO notifications (id, created_at, updated_at, recipient_user_id, sender_user_id, message, is_read) VALUES (21, '2025-12-18 20:39:24', '2025-12-18 20:39:24', 30, 1, 'Dream able answer away sort movement tonight.', false);
INSERT INTO notifications (id, created_at, updated_at, recipient_user_id, sender_user_id, message, is_read) VALUES (22, '2025-12-18 20:39:24', '2025-12-18 20:39:24', 35, 1, 'Administration than run short small shoulder.', false);
INSERT INTO notifications (id, created_at, updated_at, recipient_user_id, sender_user_id, message, is_read) VALUES (23, '2025-12-18 20:39:24', '2025-12-18 20:39:24', 30, 1, 'Market oil move.', false);
INSERT INTO notifications (id, created_at, updated_at, recipient_user_id, sender_user_id, message, is_read) VALUES (24, '2025-12-18 20:39:24', '2025-12-18 20:39:24', 27, 1, 'Explain break dog writer night forget nation.', false);
INSERT INTO notifications (id, created_at, updated_at, recipient_user_id, sender_user_id, message, is_read) VALUES (25, '2025-12-18 20:39:24', '2025-12-18 20:39:24', 4, 1, 'Add involve forget early look.', false);
INSERT INTO notifications (id, created_at, updated_at, recipient_user_id, sender_user_id, message, is_read) VALUES (26, '2025-12-18 20:39:24', '2025-12-18 20:39:24', 20, 1, 'Candidate see election price.', false);
INSERT INTO notifications (id, created_at, updated_at, recipient_user_id, sender_user_id, message, is_read) VALUES (27, '2025-12-18 20:39:24', '2025-12-18 20:39:24', 21, 1, 'Indeed town daughter clearly best.', false);
INSERT INTO notifications (id, created_at, updated_at, recipient_user_id, sender_user_id, message, is_read) VALUES (28, '2025-12-18 20:39:24', '2025-12-18 20:39:24', 2, 1, 'Finally my nature attention work.', true);
INSERT INTO notifications (id, created_at, updated_at, recipient_user_id, sender_user_id, message, is_read) VALUES (29, '2025-12-18 20:39:24', '2025-12-18 20:39:24', 22, 1, 'Table about dream single.', false);
INSERT INTO notifications (id, created_at, updated_at, recipient_user_id, sender_user_id, message, is_read) VALUES (30, '2025-12-18 20:39:24', '2025-12-18 20:39:24', 23, 1, 'Whole box later building she.', true);
INSERT INTO notifications (id, created_at, updated_at, recipient_user_id, sender_user_id, message, is_read) VALUES (31, '2025-12-18 20:39:24', '2025-12-18 20:39:24', 10, 1, 'Let business property everything bar smile good.', true);
INSERT INTO notifications (id, created_at, updated_at, recipient_user_id, sender_user_id, message, is_read) VALUES (32, '2025-12-18 20:39:24', '2025-12-18 20:39:24', 2, 1, 'Southern nation economy adult trial source.', true);
INSERT INTO notifications (id, created_at, updated_at, recipient_user_id, sender_user_id, message, is_read) VALUES (33, '2025-12-18 20:39:24', '2025-12-18 20:39:24', 25, 1, 'Yeah class garden miss.', false);
INSERT INTO notifications (id, created_at, updated_at, recipient_user_id, sender_user_id, message, is_read) VALUES (34, '2025-12-18 20:39:24', '2025-12-18 20:39:24', 11, 1, 'Create yard serious goal future home series.', false);
INSERT INTO notifications (id, created_at, updated_at, recipient_user_id, sender_user_id, message, is_read) VALUES (35, '2025-12-18 20:39:24', '2025-12-18 20:39:24', 25, 1, 'Southern simply I cold.', true);
INSERT INTO notifications (id, created_at, updated_at, recipient_user_id, sender_user_id, message, is_read) VALUES (36, '2025-12-18 20:39:24', '2025-12-18 20:39:24', 8, 1, 'Point similar security at year dinner prevent tree.', false);
INSERT INTO notifications (id, created_at, updated_at, recipient_user_id, sender_user_id, message, is_read) VALUES (37, '2025-12-18 20:39:24', '2025-12-18 20:39:24', 20, 1, 'Newspaper leader focus hard tonight already could.', false);
INSERT INTO notifications (id, created_at, updated_at, recipient_user_id, sender_user_id, message, is_read) VALUES (38, '2025-12-18 20:39:24', '2025-12-18 20:39:24', 21, 1, 'Green write value possible indeed study wide.', false);
INSERT INTO notifications (id, created_at, updated_at, recipient_user_id, sender_user_id, message, is_read) VALUES (39, '2025-12-18 20:39:24', '2025-12-18 20:39:24', 18, 1, 'Be successful organization no bring career manager.', true);
INSERT INTO notifications (id, created_at, updated_at, recipient_user_id, sender_user_id, message, is_read) VALUES (40, '2025-12-18 20:39:24', '2025-12-18 20:39:24', 32, 1, 'Rise future person allow structure first fine.', false);
INSERT INTO notifications (id, created_at, updated_at, recipient_user_id, sender_user_id, message, is_read) VALUES (41, '2025-12-18 20:39:24', '2025-12-18 20:39:24', 24, 1, 'Fall teach area feel who carry.', true);
INSERT INTO notifications (id, created_at, updated_at, recipient_user_id, sender_user_id, message, is_read) VALUES (42, '2025-12-18 20:39:24', '2025-12-18 20:39:24', 20, 1, 'Staff yourself exactly sure wonder.', true);
INSERT INTO notifications (id, created_at, updated_at, recipient_user_id, sender_user_id, message, is_read) VALUES (43, '2025-12-18 20:39:24', '2025-12-18 20:39:24', 20, 1, 'Hair marriage school imagine ago expect continue.', true);
INSERT INTO notifications (id, created_at, updated_at, recipient_user_id, sender_user_id, message, is_read) VALUES (44, '2025-12-18 20:39:24', '2025-12-18 20:39:24', 24, 1, 'Thank use owner surface.', false);
INSERT INTO notifications (id, created_at, updated_at, recipient_user_id, sender_user_id, message, is_read) VALUES (45, '2025-12-18 20:39:24', '2025-12-18 20:39:24', 13, 1, 'Box window should five buy office.', false);
INSERT INTO notifications (id, created_at, updated_at, recipient_user_id, sender_user_id, message, is_read) VALUES (46, '2025-12-18 20:39:24', '2025-12-18 20:39:24', 29, 1, 'Song discuss everybody success nearly must teacher speech.', false);
INSERT INTO notifications (id, created_at, updated_at, recipient_user_id, sender_user_id, message, is_read) VALUES (47, '2025-12-18 20:39:24', '2025-12-18 20:39:24', 31, 1, 'Very that national trade price beyond idea.', false);
INSERT INTO notifications (id, created_at, updated_at, recipient_user_id, sender_user_id, message, is_read) VALUES (48, '2025-12-18 20:39:24', '2025-12-18 20:39:24', 10, 1, 'Find there behavior.', true);
INSERT INTO notifications (id, created_at, updated_at, recipient_user_id, sender_user_id, message, is_read) VALUES (49, '2025-12-18 20:39:24', '2025-12-18 20:39:24', 31, 1, 'Especially appear attention we open blood.', false);
INSERT INTO notifications (id, created_at, updated_at, recipient_user_id, sender_user_id, message, is_read) VALUES (50, '2025-12-18 20:39:24', '2025-12-18 20:39:24', 34, 1, 'Amount special image blood city vote time.', true);
INSERT INTO notifications (id, created_at, updated_at, recipient_user_id, sender_user_id, message, is_read) VALUES (51, '2025-12-18 20:39:24', '2025-12-18 20:39:24', 21, 1, 'Bank collection possible notice term.', true);
INSERT INTO notifications (id, created_at, updated_at, recipient_user_id, sender_user_id, message, is_read) VALUES (52, '2025-12-18 20:39:24', '2025-12-18 20:39:24', 7, 1, 'Speech like rock call scene state radio draw.', false);
INSERT INTO notifications (id, created_at, updated_at, recipient_user_id, sender_user_id, message, is_read) VALUES (53, '2025-12-18 20:39:24', '2025-12-18 20:39:24', 34, 1, 'Accept mission event some simply could.', false);
INSERT INTO notifications (id, created_at, updated_at, recipient_user_id, sender_user_id, message, is_read) VALUES (54, '2025-12-18 20:39:24', '2025-12-18 20:39:24', 9, 1, 'Draw involve party home stay fall carry.', true);
INSERT INTO notifications (id, created_at, updated_at, recipient_user_id, sender_user_id, message, is_read) VALUES (55, '2025-12-18 20:39:24', '2025-12-18 20:39:24', 3, 1, 'In official especially pattern threat religious effort painting.', true);
INSERT INTO notifications (id, created_at, updated_at, recipient_user_id, sender_user_id, message, is_read) VALUES (56, '2025-12-18 20:39:24', '2025-12-18 20:39:24', 34, 1, 'Within if course.', true);
INSERT INTO notifications (id, created_at, updated_at, recipient_user_id, sender_user_id, message, is_read) VALUES (57, '2025-12-18 20:39:24', '2025-12-18 20:39:24', 20, 1, 'Reality office sport oil whose.', false);
INSERT INTO notifications (id, created_at, updated_at, recipient_user_id, sender_user_id, message, is_read) VALUES (58, '2025-12-18 20:39:24', '2025-12-18 20:39:24', 6, 1, 'Car American your seat rule.', true);
INSERT INTO notifications (id, created_at, updated_at, recipient_user_id, sender_user_id, message, is_read) VALUES (59, '2025-12-18 20:39:24', '2025-12-18 20:39:24', 3, 1, 'Card design where off prepare response.', true);
INSERT INTO notifications (id, created_at, updated_at, recipient_user_id, sender_user_id, message, is_read) VALUES (60, '2025-12-18 20:39:24', '2025-12-18 20:39:24', 20, 1, 'Including game language.', true);
INSERT INTO notifications (id, created_at, updated_at, recipient_user_id, sender_user_id, message, is_read) VALUES (61, '2025-12-18 20:39:24', '2025-12-18 20:39:24', 20, 1, 'Right size than foot.', false);
INSERT INTO notifications (id, created_at, updated_at, recipient_user_id, sender_user_id, message, is_read) VALUES (62, '2025-12-18 20:39:24', '2025-12-18 20:39:24', 14, 1, 'Her million every production tax certainly.', true);
INSERT INTO notifications (id, created_at, updated_at, recipient_user_id, sender_user_id, message, is_read) VALUES (63, '2025-12-18 20:39:24', '2025-12-18 20:39:24', 13, 1, 'Good thank teach production majority we.', true);
INSERT INTO notifications (id, created_at, updated_at, recipient_user_id, sender_user_id, message, is_read) VALUES (64, '2025-12-18 20:39:24', '2025-12-18 20:39:24', 35, 1, 'Any able less article threat arrive.', true);
INSERT INTO notifications (id, created_at, updated_at, recipient_user_id, sender_user_id, message, is_read) VALUES (65, '2025-12-18 20:39:24', '2025-12-18 20:39:24', 29, 1, 'Modern data book expert exist computer shoulder.', false);
INSERT INTO notifications (id, created_at, updated_at, recipient_user_id, sender_user_id, message, is_read) VALUES (66, '2025-12-18 20:39:24', '2025-12-18 20:39:24', 18, 1, 'Size morning only girl popular last read.', true);
INSERT INTO notifications (id, created_at, updated_at, recipient_user_id, sender_user_id, message, is_read) VALUES (67, '2025-12-18 20:39:24', '2025-12-18 20:39:24', 18, 1, 'Style white especially lose just.', true);
INSERT INTO notifications (id, created_at, updated_at, recipient_user_id, sender_user_id, message, is_read) VALUES (68, '2025-12-18 20:39:24', '2025-12-18 20:39:24', 33, 1, 'Admit doctor magazine despite.', true);
INSERT INTO notifications (id, created_at, updated_at, recipient_user_id, sender_user_id, message, is_read) VALUES (69, '2025-12-18 20:39:24', '2025-12-18 20:39:24', 35, 1, 'Meeting value body return miss ready even.', true);
INSERT INTO notifications (id, created_at, updated_at, recipient_user_id, sender_user_id, message, is_read) VALUES (70, '2025-12-18 20:39:24', '2025-12-18 20:39:24', 21, 1, 'Son second after note those drop executive.', true);
INSERT INTO notifications (id, created_at, updated_at, recipient_user_id, sender_user_id, message, is_read) VALUES (71, '2025-12-18 20:39:24', '2025-12-18 20:39:24', 19, 1, 'Serious protect new party sometimes.', false);
INSERT INTO notifications (id, created_at, updated_at, recipient_user_id, sender_user_id, message, is_read) VALUES (72, '2025-12-18 20:39:24', '2025-12-18 20:39:24', 11, 1, 'Two physical within about when force ready.', true);
INSERT INTO notifications (id, created_at, updated_at, recipient_user_id, sender_user_id, message, is_read) VALUES (73, '2025-12-18 20:39:24', '2025-12-18 20:39:24', 22, 1, 'Information game loss cost run result interesting.', false);
INSERT INTO notifications (id, created_at, updated_at, recipient_user_id, sender_user_id, message, is_read) VALUES (74, '2025-12-18 20:39:24', '2025-12-18 20:39:24', 4, 1, 'Only pick prove whether north.', true);
INSERT INTO notifications (id, created_at, updated_at, recipient_user_id, sender_user_id, message, is_read) VALUES (75, '2025-12-18 20:39:24', '2025-12-18 20:39:24', 31, 1, 'Benefit line cultural each animal from.', false);
INSERT INTO notifications (id, created_at, updated_at, recipient_user_id, sender_user_id, message, is_read) VALUES (76, '2025-12-18 20:39:24', '2025-12-18 20:39:24', 4, 1, 'Serve mouth manage issue none ready billion.', true);
INSERT INTO notifications (id, created_at, updated_at, recipient_user_id, sender_user_id, message, is_read) VALUES (77, '2025-12-18 20:39:24', '2025-12-18 20:39:24', 4, 1, 'Discuss term day include.', true);
INSERT INTO notifications (id, created_at, updated_at, recipient_user_id, sender_user_id, message, is_read) VALUES (78, '2025-12-18 20:39:24', '2025-12-18 20:39:24', 26, 1, 'Bill wrong nature responsibility.', true);
INSERT INTO notifications (id, created_at, updated_at, recipient_user_id, sender_user_id, message, is_read) VALUES (79, '2025-12-18 20:39:24', '2025-12-18 20:39:24', 29, 1, 'Scene despite best either truth.', false);
INSERT INTO notifications (id, created_at, updated_at, recipient_user_id, sender_user_id, message, is_read) VALUES (80, '2025-12-18 20:39:24', '2025-12-18 20:39:24', 20, 1, 'Build exactly open last decide future.', true);
INSERT INTO notifications (id, created_at, updated_at, recipient_user_id, sender_user_id, message, is_read) VALUES (81, '2025-12-18 20:39:24', '2025-12-18 20:39:24', 13, 1, 'Partner behavior economy our second.', false);
INSERT INTO notifications (id, created_at, updated_at, recipient_user_id, sender_user_id, message, is_read) VALUES (82, '2025-12-18 20:39:24', '2025-12-18 20:39:24', 35, 1, 'Analysis ready must price receive.', true);
INSERT INTO notifications (id, created_at, updated_at, recipient_user_id, sender_user_id, message, is_read) VALUES (83, '2025-12-18 20:39:24', '2025-12-18 20:39:24', 30, 1, 'Unit majority yeah.', false);
INSERT INTO notifications (id, created_at, updated_at, recipient_user_id, sender_user_id, message, is_read) VALUES (84, '2025-12-18 20:39:24', '2025-12-18 20:39:24', 6, 1, 'Thought beyond mean director offer a.', false);
INSERT INTO notifications (id, created_at, updated_at, recipient_user_id, sender_user_id, message, is_read) VALUES (85, '2025-12-18 20:39:24', '2025-12-18 20:39:24', 30, 1, 'Various send news clearly school wonder.', true);
INSERT INTO notifications (id, created_at, updated_at, recipient_user_id, sender_user_id, message, is_read) VALUES (86, '2025-12-18 20:39:24', '2025-12-18 20:39:24', 20, 1, 'Again every common church scene run cultural.', false);
INSERT INTO notifications (id, created_at, updated_at, recipient_user_id, sender_user_id, message, is_read) VALUES (87, '2025-12-18 20:39:24', '2025-12-18 20:39:24', 30, 1, 'Culture far article last peace.', true);
INSERT INTO notifications (id, created_at, updated_at, recipient_user_id, sender_user_id, message, is_read) VALUES (88, '2025-12-18 20:39:24', '2025-12-18 20:39:24', 15, 1, 'Brother treatment daughter.', true);
INSERT INTO notifications (id, created_at, updated_at, recipient_user_id, sender_user_id, message, is_read) VALUES (89, '2025-12-18 20:39:24', '2025-12-18 20:39:24', 17, 1, 'Series seven strong it reach street city her.', false);
INSERT INTO notifications (id, created_at, updated_at, recipient_user_id, sender_user_id, message, is_read) VALUES (90, '2025-12-18 20:39:24', '2025-12-18 20:39:24', 26, 1, 'Hear mouth range throw.', true);
INSERT INTO notifications (id, created_at, updated_at, recipient_user_id, sender_user_id, message, is_read) VALUES (91, '2025-12-18 20:39:24', '2025-12-18 20:39:24', 22, 1, 'Be church available indeed.', false);
INSERT INTO notifications (id, created_at, updated_at, recipient_user_id, sender_user_id, message, is_read) VALUES (92, '2025-12-18 20:39:24', '2025-12-18 20:39:24', 21, 1, 'Director spend entire minute never quality.', true);
INSERT INTO notifications (id, created_at, updated_at, recipient_user_id, sender_user_id, message, is_read) VALUES (93, '2025-12-18 20:39:24', '2025-12-18 20:39:24', 2, 1, 'Together true worker though church young mouth note.', true);
INSERT INTO notifications (id, created_at, updated_at, recipient_user_id, sender_user_id, message, is_read) VALUES (94, '2025-12-18 20:39:24', '2025-12-18 20:39:24', 8, 1, 'Interesting particularly some evidence employee degree safe.', true);
INSERT INTO notifications (id, created_at, updated_at, recipient_user_id, sender_user_id, message, is_read) VALUES (95, '2025-12-18 20:39:24', '2025-12-18 20:39:24', 30, 1, 'Cultural far significant.', false);
INSERT INTO notifications (id, created_at, updated_at, recipient_user_id, sender_user_id, message, is_read) VALUES (96, '2025-12-18 20:39:24', '2025-12-18 20:39:24', 19, 1, 'Until themselves break reason too discover record.', false);
INSERT INTO notifications (id, created_at, updated_at, recipient_user_id, sender_user_id, message, is_read) VALUES (97, '2025-12-18 20:39:24', '2025-12-18 20:39:24', 9, 1, 'Nice house power Republican.', false);
INSERT INTO notifications (id, created_at, updated_at, recipient_user_id, sender_user_id, message, is_read) VALUES (98, '2025-12-18 20:39:24', '2025-12-18 20:39:24', 26, 1, 'Apply conference then sometimes.', false);
INSERT INTO notifications (id, created_at, updated_at, recipient_user_id, sender_user_id, message, is_read) VALUES (99, '2025-12-18 20:39:24', '2025-12-18 20:39:24', 7, 1, 'Traditional meet parent this drop.', true);
INSERT INTO notifications (id, created_at, updated_at, recipient_user_id, sender_user_id, message, is_read) VALUES (100, '2025-12-18 20:39:24', '2025-12-18 20:39:24', 5, 1, 'Base modern behavior end nature stock analysis.', false);
