SET FOREIGN_KEY_CHECKS = 0;

INSERT IGNORE INTO categories (id, created_at, updated_at, name) VALUES (1, '2025-12-23 08:05:07', '2025-12-23 08:05:07', 'Science Fiction');
INSERT IGNORE INTO categories (id, created_at, updated_at, name) VALUES (2, '2025-12-23 08:05:07', '2025-12-23 08:05:07', 'History');
INSERT IGNORE INTO categories (id, created_at, updated_at, name) VALUES (3, '2025-12-23 08:05:07', '2025-12-23 08:05:07', 'Romance');
INSERT IGNORE INTO categories (id, created_at, updated_at, name) VALUES (4, '2025-12-23 08:05:07', '2025-12-23 08:05:07', 'Self Help');
INSERT IGNORE INTO categories (id, created_at, updated_at, name) VALUES (5, '2025-12-23 08:05:07', '2025-12-23 08:05:07', 'Software');
INSERT IGNORE INTO categories (id, created_at, updated_at, name) VALUES (6, '2025-12-23 08:05:07', '2025-12-23 08:05:07', 'Philosophy');
INSERT IGNORE INTO categories (id, created_at, updated_at, name) VALUES (7, '2025-12-23 08:05:07', '2025-12-23 08:05:07', 'Psychology');
INSERT IGNORE INTO categories (id, created_at, updated_at, name) VALUES (8, '2025-12-23 08:05:07', '2025-12-23 08:05:07', 'Crime');
INSERT IGNORE INTO categories (id, created_at, updated_at, name) VALUES (9, '2025-12-23 08:05:07', '2025-12-23 08:05:07', 'Biography');
INSERT IGNORE INTO categories (id, created_at, updated_at, name) VALUES (10, '2025-12-23 08:05:07', '2025-12-23 08:05:07', 'Children');
INSERT IGNORE INTO categories (id, created_at, updated_at, name) VALUES (11, '2025-12-23 08:05:07', '2025-12-23 08:05:07', 'Fantasy');
INSERT IGNORE INTO categories (id, created_at, updated_at, name) VALUES (12, '2025-12-23 08:05:07', '2025-12-23 08:05:07', 'Mystery');
INSERT IGNORE INTO categories (id, created_at, updated_at, name) VALUES (13, '2025-12-23 08:05:07', '2025-12-23 08:05:07', 'Literature');
INSERT IGNORE INTO categories (id, created_at, updated_at, name) VALUES (14, '2025-12-23 08:05:07', '2025-12-23 08:05:07', 'Classics');
INSERT IGNORE INTO tags (id, created_at, updated_at, name) VALUES (1, '2025-12-23 08:05:07', '2025-12-23 08:05:07', 'Thrilling');
INSERT IGNORE INTO tags (id, created_at, updated_at, name) VALUES (2, '2025-12-23 08:05:07', '2025-12-23 08:05:07', 'Emotional');
INSERT IGNORE INTO tags (id, created_at, updated_at, name) VALUES (3, '2025-12-23 08:05:07', '2025-12-23 08:05:07', 'Dark');
INSERT IGNORE INTO tags (id, created_at, updated_at, name) VALUES (4, '2025-12-23 08:05:07', '2025-12-23 08:05:07', 'Educational');
INSERT IGNORE INTO tags (id, created_at, updated_at, name) VALUES (5, '2025-12-23 08:05:07', '2025-12-23 08:05:07', 'Funny');
INSERT IGNORE INTO tags (id, created_at, updated_at, name) VALUES (6, '2025-12-23 08:05:07', '2025-12-23 08:05:07', 'Short Read');
INSERT IGNORE INTO tags (id, created_at, updated_at, name) VALUES (7, '2025-12-23 08:05:07', '2025-12-23 08:05:07', 'Masterpiece');
INSERT IGNORE INTO tags (id, created_at, updated_at, name) VALUES (8, '2025-12-23 08:05:07', '2025-12-23 08:05:07', 'Dystopian');
INSERT IGNORE INTO tags (id, created_at, updated_at, name) VALUES (9, '2025-12-23 08:05:07', '2025-12-23 08:05:07', 'Classic');
INSERT IGNORE INTO tags (id, created_at, updated_at, name) VALUES (10, '2025-12-23 08:05:07', '2025-12-23 08:05:07', 'Fast-Paced');
INSERT IGNORE INTO users (id, created_at, updated_at, email, password, name, is_banned, avatar_url, bio, phone_number, address) VALUES (1, '2025-12-23 08:05:07', '2025-12-23 08:05:07', 'admin@library.com', '123', 'Allison Hill', 0, 'https://api.dicebear.com/7.x/avataaars/svg?seed=1', 'Cause bill scientist nation opportunity. Ahead despite measure.', '(337)894-0265x42351', '407 Teresa Lane Apt. 849 Barbaraland, AZ 87174');
INSERT IGNORE INTO user_roles (user_id, role) VALUES (1, 'ADMIN');
INSERT IGNORE INTO users (id, created_at, updated_at, email, password, name, is_banned, avatar_url, bio, phone_number, address) VALUES (2, '2025-12-23 08:05:07', '2025-12-23 08:05:07', 'staff@library.com', '123', 'Dylan Miller', 0, 'https://api.dicebear.com/7.x/avataaars/svg?seed=2', 'Term herself law street class.', '001-832-676-4835x0305', '76724 John Points Suite 969 Coxberg, NY 65187');
INSERT IGNORE INTO user_roles (user_id, role) VALUES (2, 'ADMIN');
INSERT IGNORE INTO users (id, created_at, updated_at, email, password, name, is_banned, avatar_url, bio, phone_number, address) VALUES (3, '2025-12-23 08:05:07', '2025-12-23 08:05:07', 'user3@library.com', '123', 'Anthony Rodriguez', 0, 'https://api.dicebear.com/7.x/avataaars/svg?seed=3', 'Civil quite others his other life edge network. Quite boy those.', '001-248-728-1489x3252', '4303 Christopher Oval Port Amandaberg, DC 86975');
INSERT IGNORE INTO user_roles (user_id, role) VALUES (3, 'LIBRARIAN');
INSERT IGNORE INTO users (id, created_at, updated_at, email, password, name, is_banned, avatar_url, bio, phone_number, address) VALUES (4, '2025-12-23 08:05:07', '2025-12-23 08:05:07', 'user4@library.com', '123', 'Joshua Baker', 0, 'https://api.dicebear.com/7.x/avataaars/svg?seed=4', 'Institution deep much role cut find yet practice.', '001-330-510-3105', '82997 Kristen Valley Suite 311 Gomezchester, NH 96062');
INSERT IGNORE INTO user_roles (user_id, role) VALUES (4, 'LIBRARIAN');
INSERT IGNORE INTO users (id, created_at, updated_at, email, password, name, is_banned, avatar_url, bio, phone_number, address) VALUES (5, '2025-12-23 08:05:07', '2025-12-23 08:05:07', 'user5@library.com', '123', 'Matthew Lucas', 0, 'https://api.dicebear.com/7.x/avataaars/svg?seed=5', 'I fund technology eat. Movie cell contain leg themselves.', '+1-801-232-6773', '4746 Moore Hill North Beth, ND 08490');
INSERT IGNORE INTO user_roles (user_id, role) VALUES (5, 'USER');
INSERT IGNORE INTO wallet (wallet_id, user_id, balance) VALUES (5, 5, 95.91);
INSERT IGNORE INTO users (id, created_at, updated_at, email, password, name, is_banned, avatar_url, bio, phone_number, address) VALUES (6, '2025-12-23 08:05:07', '2025-12-23 08:05:07', 'user6@library.com', '123', 'Amy Silva', 0, 'https://api.dicebear.com/7.x/avataaars/svg?seed=6', 'Try most arm meet surface attention attack. Identify walk now often always.', '353.246.2475', '83842 Ibarra Gardens Justinmouth, MP 71701');
INSERT IGNORE INTO user_roles (user_id, role) VALUES (6, 'USER');
INSERT IGNORE INTO wallet (wallet_id, user_id, balance) VALUES (6, 6, 3.75);
INSERT IGNORE INTO users (id, created_at, updated_at, email, password, name, is_banned, avatar_url, bio, phone_number, address) VALUES (7, '2025-12-23 08:05:07', '2025-12-23 08:05:07', 'user7@library.com', '123', 'Lisa Archer', 0, 'https://api.dicebear.com/7.x/avataaars/svg?seed=7', 'Account stage federal professional voice care break.', '634-487-4016x40052', '011 Amy Village Suite 982 Andersonport, MN 05730');
INSERT IGNORE INTO user_roles (user_id, role) VALUES (7, 'USER');
INSERT IGNORE INTO wallet (wallet_id, user_id, balance) VALUES (7, 7, 41.25);
INSERT IGNORE INTO users (id, created_at, updated_at, email, password, name, is_banned, avatar_url, bio, phone_number, address) VALUES (8, '2025-12-23 08:05:07', '2025-12-23 08:05:07', 'user8@library.com', '123', 'Christine Wright', 0, 'https://api.dicebear.com/7.x/avataaars/svg?seed=8', 'Government nice themselves wind. Understand door class son.', '(534)221-6073x37543', '4145 Frazier Ville Suite 014 New Sydney, KS 05515');
INSERT IGNORE INTO user_roles (user_id, role) VALUES (8, 'USER');
INSERT IGNORE INTO wallet (wallet_id, user_id, balance) VALUES (8, 8, 33.48);
INSERT IGNORE INTO users (id, created_at, updated_at, email, password, name, is_banned, avatar_url, bio, phone_number, address) VALUES (9, '2025-12-23 08:05:07', '2025-12-23 08:05:07', 'user9@library.com', '123', 'Jeffrey Chandler', 0, 'https://api.dicebear.com/7.x/avataaars/svg?seed=9', 'Job worker break tonight couple and. Ability understand Mrs rest score provide.', '684-865-6482x3662', '4369 Marshall Mills New Thomas, MH 96964');
INSERT IGNORE INTO user_roles (user_id, role) VALUES (9, 'USER');
INSERT IGNORE INTO wallet (wallet_id, user_id, balance) VALUES (9, 9, 110.47);
INSERT IGNORE INTO users (id, created_at, updated_at, email, password, name, is_banned, avatar_url, bio, phone_number, address) VALUES (10, '2025-12-23 08:05:07', '2025-12-23 08:05:07', 'user10@library.com', '123', 'Bradley Robertson', 0, 'https://api.dicebear.com/7.x/avataaars/svg?seed=10', 'Friend stand seem pull different current agency each.', '(332)901-6328x7083', '889 Dodson Mills Suite 872 Colebury, MP 84080');
INSERT IGNORE INTO user_roles (user_id, role) VALUES (10, 'USER');
INSERT IGNORE INTO wallet (wallet_id, user_id, balance) VALUES (10, 10, 101.5);
INSERT IGNORE INTO users (id, created_at, updated_at, email, password, name, is_banned, avatar_url, bio, phone_number, address) VALUES (11, '2025-12-23 08:05:07', '2025-12-23 08:05:07', 'user11@library.com', '123', 'Richard Washington', 0, 'https://api.dicebear.com/7.x/avataaars/svg?seed=11', 'Ever back experience even floor.', '760.636.6909x670', '893 Robinson Mews Suite 065 Ramseymouth, PW 17229');
INSERT IGNORE INTO user_roles (user_id, role) VALUES (11, 'USER');
INSERT IGNORE INTO wallet (wallet_id, user_id, balance) VALUES (11, 11, 133.83);
INSERT IGNORE INTO users (id, created_at, updated_at, email, password, name, is_banned, avatar_url, bio, phone_number, address) VALUES (12, '2025-12-23 08:05:07', '2025-12-23 08:05:07', 'user12@library.com', '123', 'Ms. Susan Vargas', 0, 'https://api.dicebear.com/7.x/avataaars/svg?seed=12', 'Base investment term. Anyone here deep force.', '4535100330', '374 Jackson Rest Port Loriport, CT 76350');
INSERT IGNORE INTO user_roles (user_id, role) VALUES (12, 'USER');
INSERT IGNORE INTO wallet (wallet_id, user_id, balance) VALUES (12, 12, 13.04);
INSERT IGNORE INTO users (id, created_at, updated_at, email, password, name, is_banned, avatar_url, bio, phone_number, address) VALUES (13, '2025-12-23 08:05:07', '2025-12-23 08:05:07', 'user13@library.com', '123', 'Eric Byrd', 0, 'https://api.dicebear.com/7.x/avataaars/svg?seed=13', 'However resource away real physical big. Sure outside building worker site.', '916.857.2628x4987', '3147 Karen Port Suite 507 Hunterborough, MI 34363');
INSERT IGNORE INTO user_roles (user_id, role) VALUES (13, 'USER');
INSERT IGNORE INTO wallet (wallet_id, user_id, balance) VALUES (13, 13, 63.29);
INSERT IGNORE INTO users (id, created_at, updated_at, email, password, name, is_banned, avatar_url, bio, phone_number, address) VALUES (14, '2025-12-23 08:05:07', '2025-12-23 08:05:07', 'user14@library.com', '123', 'Spencer Haynes', 0, 'https://api.dicebear.com/7.x/avataaars/svg?seed=14', 'New might course drop image. Serve real position make society behavior develop.', '001-485-557-4443x1351', '9894 Marissa Hill Apt. 524 Lake Amandaview, AZ 07647');
INSERT IGNORE INTO user_roles (user_id, role) VALUES (14, 'USER');
INSERT IGNORE INTO wallet (wallet_id, user_id, balance) VALUES (14, 14, 4.47);
INSERT IGNORE INTO users (id, created_at, updated_at, email, password, name, is_banned, avatar_url, bio, phone_number, address) VALUES (15, '2025-12-23 08:05:07', '2025-12-23 08:05:07', 'user15@library.com', '123', 'Melissa Martinez', 0, 'https://api.dicebear.com/7.x/avataaars/svg?seed=15', 'Bill activity expect long future whole education.', '913-618-6999x3867', '9909 Stacey Fords Apt. 412 East Andrea, GA 00851');
INSERT IGNORE INTO user_roles (user_id, role) VALUES (15, 'USER');
INSERT IGNORE INTO wallet (wallet_id, user_id, balance) VALUES (15, 15, 32.8);
INSERT IGNORE INTO users (id, created_at, updated_at, email, password, name, is_banned, avatar_url, bio, phone_number, address) VALUES (16, '2025-12-23 08:05:07', '2025-12-23 08:05:07', 'user16@library.com', '123', 'Michael Harrison', 0, 'https://api.dicebear.com/7.x/avataaars/svg?seed=16', 'Discuss religious reflect. Author do enough social operation sound cup.', '902-649-9471', '877 Carly Meadows Suite 940 East Suzanneshire, OR 03220');
INSERT IGNORE INTO user_roles (user_id, role) VALUES (16, 'USER');
INSERT IGNORE INTO wallet (wallet_id, user_id, balance) VALUES (16, 16, 75.8);
INSERT IGNORE INTO users (id, created_at, updated_at, email, password, name, is_banned, avatar_url, bio, phone_number, address) VALUES (17, '2025-12-23 08:05:07', '2025-12-23 08:05:07', 'user17@library.com', '123', 'Miss Debra Williams PhD', 0, 'https://api.dicebear.com/7.x/avataaars/svg?seed=17', 'Million kind everything young job sport why.', '(980)871-5451x6808', '770 Joseph Curve Suite 771 Lake Chelseabury, VT 21259');
INSERT IGNORE INTO user_roles (user_id, role) VALUES (17, 'USER');
INSERT IGNORE INTO wallet (wallet_id, user_id, balance) VALUES (17, 17, 3.98);
INSERT IGNORE INTO users (id, created_at, updated_at, email, password, name, is_banned, avatar_url, bio, phone_number, address) VALUES (18, '2025-12-23 08:05:07', '2025-12-23 08:05:07', 'user18@library.com', '123', 'Adam Russell', 0, 'https://api.dicebear.com/7.x/avataaars/svg?seed=18', 'Yeah tree left brother strategy. Usually factor relate indeed lot line lead.', '946-458-4044', '5886 Cantu Ways Apt. 396 Port Kimberly, AZ 42205');
INSERT IGNORE INTO user_roles (user_id, role) VALUES (18, 'USER');
INSERT IGNORE INTO wallet (wallet_id, user_id, balance) VALUES (18, 18, 29.83);
INSERT IGNORE INTO users (id, created_at, updated_at, email, password, name, is_banned, avatar_url, bio, phone_number, address) VALUES (19, '2025-12-23 08:05:07', '2025-12-23 08:05:07', 'user19@library.com', '123', 'Michele Shepherd', 0, 'https://api.dicebear.com/7.x/avataaars/svg?seed=19', 'Write society present charge who call.', '(817)745-9615', '091 Crystal Heights Apt. 161 South Garrettport, MH 04295');
INSERT IGNORE INTO user_roles (user_id, role) VALUES (19, 'USER');
INSERT IGNORE INTO wallet (wallet_id, user_id, balance) VALUES (19, 19, 97.48);
INSERT IGNORE INTO users (id, created_at, updated_at, email, password, name, is_banned, avatar_url, bio, phone_number, address) VALUES (20, '2025-12-23 08:05:07', '2025-12-23 08:05:07', 'user20@library.com', '123', 'Robert Carter', 0, 'https://api.dicebear.com/7.x/avataaars/svg?seed=20', 'Issue each include radio conference company.', '6748821759', '3671 Patrick Knolls Suite 406 Alanton, PW 79983');
INSERT IGNORE INTO user_roles (user_id, role) VALUES (20, 'USER');
INSERT IGNORE INTO wallet (wallet_id, user_id, balance) VALUES (20, 20, 81.74);
INSERT IGNORE INTO users (id, created_at, updated_at, email, password, name, is_banned, avatar_url, bio, phone_number, address) VALUES (21, '2025-12-23 08:05:07', '2025-12-23 08:05:07', 'user21@library.com', '123', 'Sandra Leach', 0, 'https://api.dicebear.com/7.x/avataaars/svg?seed=21', 'Parent good PM per question. Pick tough position final.', '928.658.8424', '71236 Davis Locks Apt. 481 Richardsonview, OR 50442');
INSERT IGNORE INTO user_roles (user_id, role) VALUES (21, 'USER');
INSERT IGNORE INTO wallet (wallet_id, user_id, balance) VALUES (21, 21, 33.07);
INSERT IGNORE INTO users (id, created_at, updated_at, email, password, name, is_banned, avatar_url, bio, phone_number, address) VALUES (22, '2025-12-23 08:05:07', '2025-12-23 08:05:07', 'user22@library.com', '123', 'Teresa Rodriguez', 0, 'https://api.dicebear.com/7.x/avataaars/svg?seed=22', 'Likely people wall foreign particular. Play less red power.', '438-826-7586', '640 Robinson Mills Apt. 515 Bruceview, ID 16512');
INSERT IGNORE INTO user_roles (user_id, role) VALUES (22, 'USER');
INSERT IGNORE INTO wallet (wallet_id, user_id, balance) VALUES (22, 22, 88.39);
INSERT IGNORE INTO users (id, created_at, updated_at, email, password, name, is_banned, avatar_url, bio, phone_number, address) VALUES (23, '2025-12-23 08:05:07', '2025-12-23 08:05:07', 'user23@library.com', '123', 'Samantha Davis', 0, 'https://api.dicebear.com/7.x/avataaars/svg?seed=23', 'Politics others again skill during. Skin day stop never.', '(584)721-0205', '26811 West Lake Apt. 783 Lake Kristahaven, ME 60537');
INSERT IGNORE INTO user_roles (user_id, role) VALUES (23, 'USER');
INSERT IGNORE INTO wallet (wallet_id, user_id, balance) VALUES (23, 23, 121.41);
INSERT IGNORE INTO users (id, created_at, updated_at, email, password, name, is_banned, avatar_url, bio, phone_number, address) VALUES (24, '2025-12-23 08:05:07', '2025-12-23 08:05:07', 'user24@library.com', '123', 'Amanda Lutz', 0, 'https://api.dicebear.com/7.x/avataaars/svg?seed=24', 'International blue Republican kitchen tonight focus. Assume every plan nature.', '883-867-3657', '5452 Jones Village Apt. 161 Lisaside, AR 77370');
INSERT IGNORE INTO user_roles (user_id, role) VALUES (24, 'USER');
INSERT IGNORE INTO wallet (wallet_id, user_id, balance) VALUES (24, 24, 0.97);
INSERT IGNORE INTO books (id, created_at, updated_at, title, author, isbn, publisher, publication_year, page_count, description, price, book_type, total_stock, available_stock, is_active, is_editors_pick, rental_status, image_url, ebook_file_path) VALUES (1, '2025-12-23 08:05:07', '2025-12-23 08:05:07', 'Crime and Punishment', 'Fyodor Dostoevsky', '978-0-000000001-X', 'Hoffman, Santiago and Jenkins', 1919, 320, 'Why outside goal. Medical choice lot suggest glass news boy. Off southern suddenly window stand. Push news participant price really ahead event several.', 63.87, 'DIGITAL', 10, 10, 1, 0, 'AVAILABLE', 'https://covers.openlibrary.org/b/id/8259443-L.jpg', 'https://www.gutenberg.org/files/2554/2554-pdf.pdf');
INSERT IGNORE INTO book_categories (book_id, category_id) VALUES (1, 2);
INSERT IGNORE INTO book_categories (book_id, category_id) VALUES (1, 14);
INSERT IGNORE INTO book_tags (book_id, tag_id) VALUES (1, 2);
INSERT IGNORE INTO book_tags (book_id, tag_id) VALUES (1, 6);
INSERT IGNORE INTO books (id, created_at, updated_at, title, author, isbn, publisher, publication_year, page_count, description, price, book_type, total_stock, available_stock, is_active, is_editors_pick, rental_status, image_url, ebook_file_path) VALUES (2, '2025-12-23 08:05:07', '2025-12-23 08:05:07', 'Les Misérables', 'Victor Hugo', '978-0-000000002-X', 'Bell-White', 1993, 570, 'Price attorney scientist will begin most heavy. Game have return since nothing be apply. Senior anyone bank kitchen.', 57.26, 'DIGITAL', 10, 10, 1, 0, 'AVAILABLE', 'https://covers.openlibrary.org/b/id/8389339-L.jpg', 'https://www.gutenberg.org/files/135/135-pdf.pdf');
INSERT IGNORE INTO book_categories (book_id, category_id) VALUES (2, 7);
INSERT IGNORE INTO book_tags (book_id, tag_id) VALUES (2, 9);
INSERT IGNORE INTO books (id, created_at, updated_at, title, author, isbn, publisher, publication_year, page_count, description, price, book_type, total_stock, available_stock, is_active, is_editors_pick, rental_status, image_url, ebook_file_path) VALUES (3, '2025-12-23 08:05:07', '2025-12-23 08:05:07', '1984', 'George Orwell', '978-0-000000003-X', 'Tucker-Ramos', 2010, 470, 'Sense box involve exist question. Money final determine worker area daughter war. Share face build market.', 73.06, 'DIGITAL', 10, 10, 1, 0, 'AVAILABLE', 'https://covers.openlibrary.org/b/id/7222246-L.jpg', 'https://www.planetebook.com/free-ebooks/1984.pdf');
INSERT IGNORE INTO book_categories (book_id, category_id) VALUES (3, 12);
INSERT IGNORE INTO book_tags (book_id, tag_id) VALUES (3, 1);
INSERT IGNORE INTO books (id, created_at, updated_at, title, author, isbn, publisher, publication_year, page_count, description, price, book_type, total_stock, available_stock, is_active, is_editors_pick, rental_status, image_url, ebook_file_path) VALUES (4, '2025-12-23 08:05:07', '2025-12-23 08:05:07', 'Animal Farm', 'George Orwell', '978-0-000000004-X', 'Thompson-James', 1910, 338, 'Next property government however score job least. Television office of remember. Face if whom commercial way least.', 30.95, 'HYBRID', 10, 10, 1, 0, 'AVAILABLE', 'https://covers.openlibrary.org/b/id/10561234-L.jpg', 'https://www.planetebook.com/free-ebooks/animal-farm.pdf');
INSERT IGNORE INTO book_categories (book_id, category_id) VALUES (4, 7);
INSERT IGNORE INTO book_tags (book_id, tag_id) VALUES (4, 8);
INSERT IGNORE INTO book_tags (book_id, tag_id) VALUES (4, 6);
INSERT IGNORE INTO books (id, created_at, updated_at, title, author, isbn, publisher, publication_year, page_count, description, price, book_type, total_stock, available_stock, is_active, is_editors_pick, rental_status, image_url, ebook_file_path) VALUES (5, '2025-12-23 08:05:07', '2025-12-23 08:05:07', 'The Little Prince', 'Antoine de Saint-Exupéry', '978-0-000000005-X', 'Gillespie, Davis and Richard', 1934, 818, 'Open model how financial fund four. Baby plan most create. Go when population challenge bill eight.', 40.91, 'DIGITAL', 10, 10, 1, 0, 'AVAILABLE', 'https://covers.openlibrary.org/b/id/8363294-L.jpg', 'https://archive.org/download/TheLittlePrince-English/The%20Little%20Prince.pdf');
INSERT IGNORE INTO book_categories (book_id, category_id) VALUES (5, 10);
INSERT IGNORE INTO book_tags (book_id, tag_id) VALUES (5, 3);
INSERT IGNORE INTO book_tags (book_id, tag_id) VALUES (5, 9);
INSERT IGNORE INTO book_tags (book_id, tag_id) VALUES (5, 4);
INSERT IGNORE INTO books (id, created_at, updated_at, title, author, isbn, publisher, publication_year, page_count, description, price, book_type, total_stock, available_stock, is_active, is_editors_pick, rental_status, image_url, pdf_url) VALUES (6, '2025-12-23 08:05:07', '2025-12-23 08:05:07', 'The Metamorphosis', 'Franz Kafka', '978-0-000000006-X', 'Morrison Ltd', 2018, 755, 'Week physical less nor. Large under north play person ten physical character.', 47.36, 'PHYSICAL', 10, 10, 1, 0, 'AVAILABLE', 'https://covers.openlibrary.org/b/id/12539659-L.jpg', NULL);
INSERT IGNORE INTO book_categories (book_id, category_id) VALUES (6, 11);
INSERT IGNORE INTO book_tags (book_id, tag_id) VALUES (6, 1);
INSERT IGNORE INTO book_tags (book_id, tag_id) VALUES (6, 4);
INSERT IGNORE INTO books (id, created_at, updated_at, title, author, isbn, publisher, publication_year, page_count, description, price, book_type, total_stock, available_stock, is_active, is_editors_pick, rental_status, image_url, pdf_url) VALUES (7, '2025-12-23 08:05:07', '2025-12-23 08:05:07', 'The Stranger', 'Albert Camus', '978-0-000000007-X', 'Harrison Ltd', 1908, 316, 'Option goal avoid left also. Story baby ten talk past medical. Oil west school American training occur could.', 71.35, 'PHYSICAL', 10, 10, 1, 0, 'AVAILABLE', 'https://covers.openlibrary.org/b/id/6447781-L.jpg', NULL);
INSERT IGNORE INTO book_categories (book_id, category_id) VALUES (7, 4);
INSERT IGNORE INTO book_categories (book_id, category_id) VALUES (7, 11);
INSERT IGNORE INTO book_tags (book_id, tag_id) VALUES (7, 7);
INSERT IGNORE INTO book_tags (book_id, tag_id) VALUES (7, 8);
INSERT IGNORE INTO books (id, created_at, updated_at, title, author, isbn, publisher, publication_year, page_count, description, price, book_type, total_stock, available_stock, is_active, is_editors_pick, rental_status, image_url, pdf_url) VALUES (8, '2025-12-23 08:05:07', '2025-12-23 08:05:07', 'The Alchemist', 'Paulo Coelho', '978-0-000000008-X', 'Alvarez, Hernandez and Brown', 1971, 651, 'Word base position always remain yard. Mission city health executive impact full our.', 33.54, 'PHYSICAL', 10, 10, 1, 0, 'AVAILABLE', 'https://covers.openlibrary.org/b/id/8573229-L.jpg', NULL);
INSERT IGNORE INTO book_categories (book_id, category_id) VALUES (8, 12);
INSERT IGNORE INTO book_categories (book_id, category_id) VALUES (8, 10);
INSERT IGNORE INTO book_tags (book_id, tag_id) VALUES (8, 10);
INSERT IGNORE INTO book_tags (book_id, tag_id) VALUES (8, 7);
INSERT IGNORE INTO books (id, created_at, updated_at, title, author, isbn, publisher, publication_year, page_count, description, price, book_type, total_stock, available_stock, is_active, is_editors_pick, rental_status, image_url, pdf_url) VALUES (9, '2025-12-23 08:05:07', '2025-12-23 08:05:07', 'White Fang', 'Jack London', '978-0-000000009-X', 'Holland, Jones and Davis', 1965, 605, 'Edge surface who owner character. Old center glass whose. Can remember be next poor foreign. Prove stock school rate.', 30.35, 'DIGITAL', 10, 10, 1, 0, 'AVAILABLE', 'https://covers.openlibrary.org/b/id/2953531-L.jpg', NULL);
INSERT IGNORE INTO book_categories (book_id, category_id) VALUES (9, 13);
INSERT IGNORE INTO book_tags (book_id, tag_id) VALUES (9, 2);
INSERT IGNORE INTO books (id, created_at, updated_at, title, author, isbn, publisher, publication_year, page_count, description, price, book_type, total_stock, available_stock, is_active, is_editors_pick, rental_status, image_url, ebook_file_path) VALUES (10, '2025-12-23 08:05:07', '2025-12-23 08:05:07', 'Pride and Prejudice', 'Jane Austen', '978-0-000000010-X', 'Davis, Santiago and Romero', 1954, 710, 'Final week game she court yourself. Baby such big side.', 58.92, 'DIGITAL', 10, 10, 1, 0, 'AVAILABLE', 'https://covers.openlibrary.org/b/id/8259286-L.jpg', 'https://www.gutenberg.org/files/1342/1342-pdf.pdf');
INSERT IGNORE INTO book_categories (book_id, category_id) VALUES (10, 7);
INSERT IGNORE INTO book_tags (book_id, tag_id) VALUES (10, 10);
INSERT IGNORE INTO book_tags (book_id, tag_id) VALUES (10, 8);
INSERT IGNORE INTO books (id, created_at, updated_at, title, author, isbn, publisher, publication_year, page_count, description, price, book_type, total_stock, available_stock, is_active, is_editors_pick, rental_status, image_url, pdf_url) VALUES (11, '2025-12-23 08:05:07', '2025-12-23 08:05:07', 'Wuthering Heights', 'Emily Bronte', '978-0-000000011-X', 'Stephenson, Johnson and Rogers', 2020, 111, 'Others child Congress realize. Speak close join improve put down know expect. Doctor dream whole six tough create question. Worker left example high month whom stage. Catch economic political them never bill suffer surface.', 32.6, 'HYBRID', 10, 10, 1, 0, 'AVAILABLE', 'https://covers.openlibrary.org/b/id/8259445-L.jpg', NULL);
INSERT IGNORE INTO book_categories (book_id, category_id) VALUES (11, 11);
INSERT IGNORE INTO book_tags (book_id, tag_id) VALUES (11, 5);
INSERT IGNORE INTO book_tags (book_id, tag_id) VALUES (11, 6);
INSERT IGNORE INTO book_tags (book_id, tag_id) VALUES (11, 2);
INSERT IGNORE INTO books (id, created_at, updated_at, title, author, isbn, publisher, publication_year, page_count, description, price, book_type, total_stock, available_stock, is_active, is_editors_pick, rental_status, image_url, pdf_url) VALUES (12, '2025-12-23 08:05:07', '2025-12-23 08:05:07', 'Of Mice and Men', 'John Steinbeck', '978-0-000000012-X', 'Miller-Martin', 2022, 839, 'Challenge join watch develop later glass ago. How hear history. Heart agreement us stuff. Social case expert stop receive catch.', 45.43, 'DIGITAL', 10, 10, 1, 0, 'AVAILABLE', 'https://covers.openlibrary.org/b/id/6406535-L.jpg', NULL);
INSERT IGNORE INTO book_categories (book_id, category_id) VALUES (12, 9);
INSERT IGNORE INTO book_categories (book_id, category_id) VALUES (12, 13);
INSERT IGNORE INTO book_tags (book_id, tag_id) VALUES (12, 9);
INSERT IGNORE INTO books (id, created_at, updated_at, title, author, isbn, publisher, publication_year, page_count, description, price, book_type, total_stock, available_stock, is_active, is_editors_pick, rental_status, image_url, pdf_url) VALUES (13, '2025-12-23 08:05:07', '2025-12-23 08:05:07', 'To Kill a Mockingbird', 'Harper Lee', '978-0-000000013-X', 'Harrison, Gilbert and Bullock', 1981, 619, 'Democratic change vote participant institution. Down business draw police performance.', 75.94, 'PHYSICAL', 10, 10, 1, 0, 'AVAILABLE', 'https://covers.openlibrary.org/b/id/8259392-L.jpg', NULL);
INSERT IGNORE INTO book_categories (book_id, category_id) VALUES (13, 3);
INSERT IGNORE INTO book_tags (book_id, tag_id) VALUES (13, 3);
INSERT IGNORE INTO book_tags (book_id, tag_id) VALUES (13, 9);
INSERT IGNORE INTO books (id, created_at, updated_at, title, author, isbn, publisher, publication_year, page_count, description, price, book_type, total_stock, available_stock, is_active, is_editors_pick, rental_status, image_url, ebook_file_path) VALUES (14, '2025-12-23 08:05:07', '2025-12-23 08:05:07', 'The Great Gatsby', 'F. Scott Fitzgerald', '978-0-000000014-X', 'Rodriguez Group', 1962, 119, 'Administration middle drop century investment pass drive. Cost property model guess well name. Never hospital like player wonder effect administration. General run pick sign. Card good full poor store range.', 79.29, 'DIGITAL', 10, 10, 1, 0, 'AVAILABLE', 'https://covers.openlibrary.org/b/id/8432047-L.jpg', 'https://www.planetebook.com/free-ebooks/the-great-gatsby.pdf');
INSERT IGNORE INTO book_categories (book_id, category_id) VALUES (14, 6);
INSERT IGNORE INTO book_tags (book_id, tag_id) VALUES (14, 4);
INSERT IGNORE INTO book_tags (book_id, tag_id) VALUES (14, 1);
INSERT IGNORE INTO books (id, created_at, updated_at, title, author, isbn, publisher, publication_year, page_count, description, price, book_type, total_stock, available_stock, is_active, is_editors_pick, rental_status, image_url, pdf_url) VALUES (15, '2025-12-23 08:05:07', '2025-12-23 08:05:07', 'The Catcher in the Rye', 'J.D. Salinger', '978-0-000000015-X', 'Mendoza, White and Taylor', 1910, 849, 'Fall analysis current. Firm financial huge. List already positive experience television answer pretty. Buy happy threat sea thus.', 76.46, 'PHYSICAL', 10, 10, 1, 0, 'AVAILABLE', 'https://covers.openlibrary.org/b/id/8259399-L.jpg', NULL);
INSERT IGNORE INTO book_categories (book_id, category_id) VALUES (15, 14);
INSERT IGNORE INTO book_categories (book_id, category_id) VALUES (15, 2);
INSERT IGNORE INTO book_tags (book_id, tag_id) VALUES (15, 3);
INSERT IGNORE INTO book_tags (book_id, tag_id) VALUES (15, 10);
INSERT IGNORE INTO book_tags (book_id, tag_id) VALUES (15, 8);
INSERT IGNORE INTO books (id, created_at, updated_at, title, author, isbn, publisher, publication_year, page_count, description, price, book_type, total_stock, available_stock, is_active, is_editors_pick, rental_status, image_url, pdf_url) VALUES (16, '2025-12-23 08:05:07', '2025-12-23 08:05:07', 'War and Peace', 'Leo Tolstoy', '978-0-000000016-X', 'Morgan-Lopez', 1977, 533, 'Under mind song risk bad own. Nation fly bag produce. Knowledge response coach know language. Past itself police social arm provide.', 26.56, 'HYBRID', 10, 10, 1, 0, 'AVAILABLE', 'https://covers.openlibrary.org/b/id/10530759-L.jpg', NULL);
INSERT IGNORE INTO book_categories (book_id, category_id) VALUES (16, 9);
INSERT IGNORE INTO book_tags (book_id, tag_id) VALUES (16, 4);
INSERT IGNORE INTO book_tags (book_id, tag_id) VALUES (16, 5);
INSERT IGNORE INTO book_tags (book_id, tag_id) VALUES (16, 7);
INSERT IGNORE INTO books (id, created_at, updated_at, title, author, isbn, publisher, publication_year, page_count, description, price, book_type, total_stock, available_stock, is_active, is_editors_pick, rental_status, image_url, pdf_url) VALUES (17, '2025-12-23 08:05:07', '2025-12-23 08:05:07', 'Anna Karenina', 'Leo Tolstoy', '978-0-000000017-X', 'Cox-Owen', 1966, 562, 'Central parent sit. Call door population. Him note painting quickly we head.', 60.49, 'HYBRID', 10, 10, 1, 0, 'AVAILABLE', 'https://covers.openlibrary.org/b/id/10543797-L.jpg', NULL);
INSERT IGNORE INTO book_categories (book_id, category_id) VALUES (17, 4);
INSERT IGNORE INTO book_tags (book_id, tag_id) VALUES (17, 2);
INSERT IGNORE INTO books (id, created_at, updated_at, title, author, isbn, publisher, publication_year, page_count, description, price, book_type, total_stock, available_stock, is_active, is_editors_pick, rental_status, image_url, pdf_url) VALUES (18, '2025-12-23 08:05:07', '2025-12-23 08:05:07', 'Madame Bovary', 'Gustave Flaubert', '978-0-000000018-X', 'Berry PLC', 1975, 325, 'Fire everything whether ago control military. Brother simple region Democrat partner really your. But table later together knowledge. Specific whose worry property.', 16.47, 'DIGITAL', 10, 10, 1, 0, 'AVAILABLE', 'https://covers.openlibrary.org/b/id/12666578-L.jpg', NULL);
INSERT IGNORE INTO book_categories (book_id, category_id) VALUES (18, 2);
INSERT IGNORE INTO book_tags (book_id, tag_id) VALUES (18, 1);
INSERT IGNORE INTO book_tags (book_id, tag_id) VALUES (18, 4);
INSERT IGNORE INTO book_tags (book_id, tag_id) VALUES (18, 2);
INSERT IGNORE INTO books (id, created_at, updated_at, title, author, isbn, publisher, publication_year, page_count, description, price, book_type, total_stock, available_stock, is_active, is_editors_pick, rental_status, image_url, pdf_url) VALUES (19, '2025-12-23 08:05:07', '2025-12-23 08:05:07', 'A Tale of Two Cities', 'Charles Dickens', '978-0-000000019-X', 'Brown, Daniels and Vance', 1930, 385, 'Soldier meeting building cut. Door management guess occur. Sound necessary partner beat finally yourself rest.', 75.17, 'PHYSICAL', 10, 10, 1, 1, 'AVAILABLE', 'https://covers.openlibrary.org/b/id/7350787-L.jpg', NULL);
INSERT IGNORE INTO book_categories (book_id, category_id) VALUES (19, 4);
INSERT IGNORE INTO book_categories (book_id, category_id) VALUES (19, 9);
INSERT IGNORE INTO book_tags (book_id, tag_id) VALUES (19, 10);
INSERT IGNORE INTO books (id, created_at, updated_at, title, author, isbn, publisher, publication_year, page_count, description, price, book_type, total_stock, available_stock, is_active, is_editors_pick, rental_status, image_url, ebook_file_path) VALUES (20, '2025-12-23 08:05:07', '2025-12-23 08:05:07', 'Moby Dick', 'Herman Melville', '978-0-000000020-X', 'Jenkins, Ortiz and Andrews', 2003, 516, 'Politics last quite general there sister. Consider whom item treat area buy check clearly. Various different way million exist bad.', 48.09, 'DIGITAL', 10, 10, 1, 0, 'AVAILABLE', 'https://covers.openlibrary.org/b/id/7222238-L.jpg', 'https://www.gutenberg.org/files/2701/2701-pdf.pdf');
INSERT IGNORE INTO book_categories (book_id, category_id) VALUES (20, 2);
INSERT IGNORE INTO book_tags (book_id, tag_id) VALUES (20, 7);
INSERT IGNORE INTO books (id, created_at, updated_at, title, author, isbn, publisher, publication_year, page_count, description, price, book_type, total_stock, available_stock, is_active, is_editors_pick, rental_status, image_url, pdf_url) VALUES (21, '2025-12-23 08:05:07', '2025-12-23 08:05:07', 'Robinson Crusoe', 'Daniel Defoe', '978-0-000000021-X', 'Reid PLC', 1993, 155, 'Person pass behavior political. Walk child probably result painting successful nor stay. Ball we side.', 44.65, 'DIGITAL', 10, 10, 1, 0, 'AVAILABLE', 'https://covers.openlibrary.org/b/id/8259296-L.jpg', NULL);
INSERT IGNORE INTO book_categories (book_id, category_id) VALUES (21, 1);
INSERT IGNORE INTO book_tags (book_id, tag_id) VALUES (21, 6);
INSERT IGNORE INTO book_tags (book_id, tag_id) VALUES (21, 2);
INSERT IGNORE INTO books (id, created_at, updated_at, title, author, isbn, publisher, publication_year, page_count, description, price, book_type, total_stock, available_stock, is_active, is_editors_pick, rental_status, image_url, pdf_url) VALUES (22, '2025-12-23 08:05:07', '2025-12-23 08:05:07', 'Don Quixote', 'Miguel de Cervantes', '978-0-000000022-X', 'Curtis-Wang', 1917, 532, 'Police marriage phone face what lot source rate. Law read citizen indeed less. Parent fine responsibility safe team wish. Set middle blood drop.', 28.41, 'PHYSICAL', 10, 10, 1, 0, 'AVAILABLE', 'https://covers.openlibrary.org/b/id/8259363-L.jpg', NULL);
INSERT IGNORE INTO book_categories (book_id, category_id) VALUES (22, 5);
INSERT IGNORE INTO book_tags (book_id, tag_id) VALUES (22, 4);
INSERT IGNORE INTO book_tags (book_id, tag_id) VALUES (22, 2);
INSERT IGNORE INTO books (id, created_at, updated_at, title, author, isbn, publisher, publication_year, page_count, description, price, book_type, total_stock, available_stock, is_active, is_editors_pick, rental_status, image_url, pdf_url) VALUES (23, '2025-12-23 08:05:07', '2025-12-23 08:05:07', 'The Divine Comedy', 'Dante Alighieri', '978-0-000000023-X', 'Adams and Sons', 1912, 151, 'Anything war ten industry. Spend value return couple. Marriage method material final.', 71.56, 'DIGITAL', 10, 10, 1, 0, 'AVAILABLE', 'https://covers.openlibrary.org/b/id/8259397-L.jpg', NULL);
INSERT IGNORE INTO book_categories (book_id, category_id) VALUES (23, 2);
INSERT IGNORE INTO book_tags (book_id, tag_id) VALUES (23, 3);
INSERT IGNORE INTO books (id, created_at, updated_at, title, author, isbn, publisher, publication_year, page_count, description, price, book_type, total_stock, available_stock, is_active, is_editors_pick, rental_status, image_url, pdf_url) VALUES (24, '2025-12-23 08:05:07', '2025-12-23 08:05:07', 'Faust', 'Johann Wolfgang von Goethe', '978-0-000000024-X', 'Davis Group', 1951, 160, 'Whom Democrat good anything manager think pressure. Experience account blue care enough hand idea. Hundred now crime. Eye hit late near stay perhaps particularly.', 48.99, 'DIGITAL', 10, 10, 1, 0, 'AVAILABLE', 'https://covers.openlibrary.org/b/id/8259374-L.jpg', NULL);
INSERT IGNORE INTO book_categories (book_id, category_id) VALUES (24, 7);
INSERT IGNORE INTO book_tags (book_id, tag_id) VALUES (24, 7);
INSERT IGNORE INTO books (id, created_at, updated_at, title, author, isbn, publisher, publication_year, page_count, description, price, book_type, total_stock, available_stock, is_active, is_editors_pick, rental_status, image_url, pdf_url) VALUES (25, '2025-12-23 08:05:07', '2025-12-23 08:05:07', 'The Trial', 'Franz Kafka', '978-0-000000025-X', 'Hester Group', 1936, 533, 'Newspaper hand certain own husband American. Case four listen. Chance throw cause use five hotel pattern. Order medical meeting majority none.', 79.86, 'DIGITAL', 10, 10, 1, 0, 'AVAILABLE', 'https://covers.openlibrary.org/b/id/10582846-L.jpg', NULL);
INSERT IGNORE INTO book_categories (book_id, category_id) VALUES (25, 3);
INSERT IGNORE INTO book_categories (book_id, category_id) VALUES (25, 4);
INSERT IGNORE INTO book_tags (book_id, tag_id) VALUES (25, 4);
INSERT IGNORE INTO book_tags (book_id, tag_id) VALUES (25, 1);
INSERT IGNORE INTO books (id, created_at, updated_at, title, author, isbn, publisher, publication_year, page_count, description, price, book_type, total_stock, available_stock, is_active, is_editors_pick, rental_status, image_url, pdf_url) VALUES (26, '2025-12-23 08:05:07', '2025-12-23 08:05:07', 'Brave New World', 'Aldous Huxley', '978-0-000000026-X', 'Cabrera-Richardson', 1940, 158, 'On someone rise read ago listen. Officer return on color pick people subject challenge.', 66.5, 'HYBRID', 10, 10, 1, 1, 'AVAILABLE', 'https://covers.openlibrary.org/b/id/8259336-L.jpg', NULL);
INSERT IGNORE INTO book_categories (book_id, category_id) VALUES (26, 10);
INSERT IGNORE INTO book_tags (book_id, tag_id) VALUES (26, 9);
INSERT IGNORE INTO book_tags (book_id, tag_id) VALUES (26, 10);
INSERT IGNORE INTO books (id, created_at, updated_at, title, author, isbn, publisher, publication_year, page_count, description, price, book_type, total_stock, available_stock, is_active, is_editors_pick, rental_status, image_url, pdf_url) VALUES (27, '2025-12-23 08:05:07', '2025-12-23 08:05:07', 'Fahrenheit 451', 'Ray Bradbury', '978-0-000000027-X', 'Allen, Armstrong and Graves', 2008, 290, 'Kid industry include. Improve simple turn their save. Relationship million night your.', 18.98, 'PHYSICAL', 10, 10, 1, 0, 'AVAILABLE', 'https://covers.openlibrary.org/b/id/8259367-L.jpg', NULL);
INSERT IGNORE INTO book_categories (book_id, category_id) VALUES (27, 10);
INSERT IGNORE INTO book_tags (book_id, tag_id) VALUES (27, 4);
INSERT IGNORE INTO books (id, created_at, updated_at, title, author, isbn, publisher, publication_year, page_count, description, price, book_type, total_stock, available_stock, is_active, is_editors_pick, rental_status, image_url, pdf_url) VALUES (28, '2025-12-23 08:05:07', '2025-12-23 08:05:07', 'A Clockwork Orange', 'Anthony Burgess', '978-0-000000028-X', 'Fox-Edwards', 1931, 692, 'Treatment garden great sign return poor really. Machine whatever everything fear walk word side relate. First give value somebody event business quality.', 23.39, 'DIGITAL', 10, 10, 1, 0, 'AVAILABLE', 'https://covers.openlibrary.org/b/id/10521636-L.jpg', NULL);
INSERT IGNORE INTO book_categories (book_id, category_id) VALUES (28, 10);
INSERT IGNORE INTO book_tags (book_id, tag_id) VALUES (28, 7);
INSERT IGNORE INTO books (id, created_at, updated_at, title, author, isbn, publisher, publication_year, page_count, description, price, book_type, total_stock, available_stock, is_active, is_editors_pick, rental_status, image_url, pdf_url) VALUES (29, '2025-12-23 08:05:07', '2025-12-23 08:05:07', 'The Lord of the Rings', 'J.R.R. Tolkien', '978-0-000000029-X', 'Huang-Foster', 2019, 367, 'Fact explain research get. Pretty section degree still even no. Case past only drug prove. Difficult do beyond form line race case.', 55.86, 'HYBRID', 10, 10, 1, 0, 'AVAILABLE', 'https://covers.openlibrary.org/b/id/8381831-L.jpg', NULL);
INSERT IGNORE INTO book_categories (book_id, category_id) VALUES (29, 11);
INSERT IGNORE INTO book_tags (book_id, tag_id) VALUES (29, 6);
INSERT IGNORE INTO book_tags (book_id, tag_id) VALUES (29, 4);
INSERT IGNORE INTO book_tags (book_id, tag_id) VALUES (29, 5);
INSERT IGNORE INTO books (id, created_at, updated_at, title, author, isbn, publisher, publication_year, page_count, description, price, book_type, total_stock, available_stock, is_active, is_editors_pick, rental_status, image_url, pdf_url) VALUES (30, '2025-12-23 08:05:07', '2025-12-23 08:05:07', 'Harry Potter and the Sorcerer''s Stone', 'J.K. Rowling', '978-0-000000030-X', 'Spence, Moore and Delgado', 1958, 423, 'Practice sense expert experience arrive shoulder present. Movement rich view tree company. Value already structure small. View while unit theory.', 24.16, 'DIGITAL', 10, 10, 1, 0, 'AVAILABLE', 'https://covers.openlibrary.org/b/id/10580436-L.jpg', NULL);
INSERT IGNORE INTO book_categories (book_id, category_id) VALUES (30, 1);
INSERT IGNORE INTO book_tags (book_id, tag_id) VALUES (30, 10);
INSERT IGNORE INTO book_tags (book_id, tag_id) VALUES (30, 2);
INSERT IGNORE INTO books (id, created_at, updated_at, title, author, isbn, publisher, publication_year, page_count, description, price, book_type, total_stock, available_stock, is_active, is_editors_pick, rental_status, image_url, pdf_url) VALUES (31, '2025-12-23 08:05:07', '2025-12-23 08:05:07', 'The Da Vinci Code', 'Dan Brown', '978-0-000000031-X', 'Evans PLC', 1916, 457, 'Expect writer myself management voice surface. Evening speak former room possible responsibility add.', 52.63, 'PHYSICAL', 10, 10, 1, 0, 'AVAILABLE', 'https://covers.openlibrary.org/b/id/8061993-L.jpg', NULL);
INSERT IGNORE INTO book_categories (book_id, category_id) VALUES (31, 4);
INSERT IGNORE INTO book_tags (book_id, tag_id) VALUES (31, 5);
INSERT IGNORE INTO book_tags (book_id, tag_id) VALUES (31, 3);
INSERT IGNORE INTO books (id, created_at, updated_at, title, author, isbn, publisher, publication_year, page_count, description, price, book_type, total_stock, available_stock, is_active, is_editors_pick, rental_status, image_url, pdf_url) VALUES (32, '2025-12-23 08:05:07', '2025-12-23 08:05:07', 'The Kite Runner', 'Khaled Hosseini', '978-0-000000032-X', 'Gibbs-Bradley', 1978, 769, 'Particularly police if into. Beautiful protect continue cell food easy. Himself land environment form old.', 73.36, 'DIGITAL', 10, 10, 1, 0, 'AVAILABLE', 'https://covers.openlibrary.org/b/id/8259424-L.jpg', NULL);
INSERT IGNORE INTO book_categories (book_id, category_id) VALUES (32, 11);
INSERT IGNORE INTO book_tags (book_id, tag_id) VALUES (32, 5);
INSERT IGNORE INTO book_tags (book_id, tag_id) VALUES (32, 2);
INSERT IGNORE INTO book_tags (book_id, tag_id) VALUES (32, 3);
INSERT IGNORE INTO books (id, created_at, updated_at, title, author, isbn, publisher, publication_year, page_count, description, price, book_type, total_stock, available_stock, is_active, is_editors_pick, rental_status, image_url, pdf_url) VALUES (33, '2025-12-23 08:05:07', '2025-12-23 08:05:07', 'Sophie''s World', 'Jostein Gaarder', '978-0-000000033-X', 'Smith, Valdez and Schwartz', 1970, 259, 'Let civil rather type. Real police wait happen determine.', 23.08, 'DIGITAL', 10, 10, 1, 0, 'AVAILABLE', 'https://covers.openlibrary.org/b/id/7550186-L.jpg', NULL);
INSERT IGNORE INTO book_categories (book_id, category_id) VALUES (33, 5);
INSERT IGNORE INTO book_categories (book_id, category_id) VALUES (33, 10);
INSERT IGNORE INTO book_tags (book_id, tag_id) VALUES (33, 6);
INSERT IGNORE INTO books (id, created_at, updated_at, title, author, isbn, publisher, publication_year, page_count, description, price, book_type, total_stock, available_stock, is_active, is_editors_pick, rental_status, image_url, pdf_url) VALUES (34, '2025-12-23 08:05:07', '2025-12-23 08:05:07', 'The Name of the Rose', 'Umberto Eco', '978-0-000000034-X', 'Mendoza Group', 1964, 600, 'Indeed near likely Mr professional despite. Quite other skin moment month. Back nor article natural measure of. Clearly take kind quite. Major together knowledge argue car indeed nor next.', 63.12, 'PHYSICAL', 10, 10, 1, 0, 'AVAILABLE', 'https://covers.openlibrary.org/b/id/8259333-L.jpg', NULL);
INSERT IGNORE INTO book_categories (book_id, category_id) VALUES (34, 14);
INSERT IGNORE INTO book_categories (book_id, category_id) VALUES (34, 1);
INSERT IGNORE INTO book_tags (book_id, tag_id) VALUES (34, 7);
INSERT IGNORE INTO books (id, created_at, updated_at, title, author, isbn, publisher, publication_year, page_count, description, price, book_type, total_stock, available_stock, is_active, is_editors_pick, rental_status, image_url, pdf_url) VALUES (35, '2025-12-23 08:05:07', '2025-12-23 08:05:07', 'Great Expectations', 'Charles Dickens', '978-0-000000035-X', 'Roman, Cummings and Foster', 1916, 752, 'Official and general as yes. Worry line expert conference.', 18.09, 'DIGITAL', 10, 10, 1, 0, 'AVAILABLE', 'https://covers.openlibrary.org/b/id/8259409-L.jpg', NULL);
INSERT IGNORE INTO book_categories (book_id, category_id) VALUES (35, 3);
INSERT IGNORE INTO book_categories (book_id, category_id) VALUES (35, 12);
INSERT IGNORE INTO book_tags (book_id, tag_id) VALUES (35, 9);
INSERT IGNORE INTO book_tags (book_id, tag_id) VALUES (35, 7);
INSERT IGNORE INTO books (id, created_at, updated_at, title, author, isbn, publisher, publication_year, page_count, description, price, book_type, total_stock, available_stock, is_active, is_editors_pick, rental_status, image_url, pdf_url) VALUES (36, '2025-12-23 08:05:07', '2025-12-23 08:05:07', 'Jane Eyre', 'Charlotte Bronte', '978-0-000000036-X', 'Cannon Ltd', 2013, 807, 'Year him thank trade heart radio. Card team budget year hotel camera without. Series without leg. Interest here discover leave choice country themselves.', 15.68, 'HYBRID', 10, 10, 1, 1, 'AVAILABLE', 'https://covers.openlibrary.org/b/id/8259288-L.jpg', NULL);
INSERT IGNORE INTO book_categories (book_id, category_id) VALUES (36, 9);
INSERT IGNORE INTO book_tags (book_id, tag_id) VALUES (36, 6);
INSERT IGNORE INTO books (id, created_at, updated_at, title, author, isbn, publisher, publication_year, page_count, description, price, book_type, total_stock, available_stock, is_active, is_editors_pick, rental_status, image_url, pdf_url) VALUES (37, '2025-12-23 08:05:07', '2025-12-23 08:05:07', 'The Picture of Dorian Gray', 'Oscar Wilde', '978-0-000000037-X', 'Johnson Ltd', 1905, 415, 'She this administration deal beyond almost our reflect. Each analysis keep. Describe tell argue mean eye staff rule. Officer significant stand down then worry.', 53.68, 'HYBRID', 10, 10, 1, 0, 'AVAILABLE', 'https://covers.openlibrary.org/b/id/8259317-L.jpg', NULL);
INSERT IGNORE INTO book_categories (book_id, category_id) VALUES (37, 13);
INSERT IGNORE INTO book_categories (book_id, category_id) VALUES (37, 1);
INSERT IGNORE INTO book_tags (book_id, tag_id) VALUES (37, 4);
INSERT IGNORE INTO book_tags (book_id, tag_id) VALUES (37, 10);
INSERT IGNORE INTO books (id, created_at, updated_at, title, author, isbn, publisher, publication_year, page_count, description, price, book_type, total_stock, available_stock, is_active, is_editors_pick, rental_status, image_url, ebook_file_path) VALUES (38, '2025-12-23 08:05:07', '2025-12-23 08:05:07', 'Frankenstein', 'Mary Shelley', '978-0-000000038-X', 'Walker, Turner and Brown', 2013, 516, 'Personal interview many win. Skill five indicate chance heavy senior. Drive different tax certain leg arm include. Newspaper care drug data position two. Begin right couple environmental purpose owner.', 22.2, 'DIGITAL', 10, 10, 1, 0, 'AVAILABLE', 'https://covers.openlibrary.org/b/id/8259419-L.jpg', 'https://www.gutenberg.org/files/84/84-pdf.pdf');
INSERT IGNORE INTO book_categories (book_id, category_id) VALUES (38, 4);
INSERT IGNORE INTO book_tags (book_id, tag_id) VALUES (38, 3);
INSERT IGNORE INTO books (id, created_at, updated_at, title, author, isbn, publisher, publication_year, page_count, description, price, book_type, total_stock, available_stock, is_active, is_editors_pick, rental_status, image_url, ebook_file_path) VALUES (39, '2025-12-23 08:05:07', '2025-12-23 08:05:07', 'Dracula', 'Bram Stoker', '978-0-000000039-X', 'Lopez PLC', 1942, 521, 'Look thank four whatever address. While bring yourself look drug. Region however dream focus executive letter possible final. Mention market better wonder light style. Have including none determine certainly.', 16.74, 'DIGITAL', 10, 10, 1, 0, 'AVAILABLE', 'https://covers.openlibrary.org/b/id/8259306-L.jpg', 'https://www.gutenberg.org/files/345/345-pdf.pdf');
INSERT IGNORE INTO book_categories (book_id, category_id) VALUES (39, 5);
INSERT IGNORE INTO book_tags (book_id, tag_id) VALUES (39, 2);
INSERT IGNORE INTO books (id, created_at, updated_at, title, author, isbn, publisher, publication_year, page_count, description, price, book_type, total_stock, available_stock, is_active, is_editors_pick, rental_status, image_url, pdf_url) VALUES (40, '2025-12-23 08:05:07', '2025-12-23 08:05:07', 'The Odyssey', 'Homer', '978-0-000000040-X', 'Tran-Silva', 1928, 304, 'Charge form here street material. Either start whom politics make collection. College result major true my politics. Model stuff avoid stand.', 76.05, 'DIGITAL', 10, 10, 1, 0, 'AVAILABLE', 'https://covers.openlibrary.org/b/id/8259311-L.jpg', NULL);
INSERT IGNORE INTO book_categories (book_id, category_id) VALUES (40, 6);
INSERT IGNORE INTO book_categories (book_id, category_id) VALUES (40, 5);
INSERT IGNORE INTO book_tags (book_id, tag_id) VALUES (40, 4);
INSERT IGNORE INTO books (id, created_at, updated_at, title, author, isbn, publisher, publication_year, page_count, description, price, book_type, total_stock, available_stock, is_active, is_editors_pick, rental_status, image_url, pdf_url) VALUES (41, '2025-12-23 08:05:07', '2025-12-23 08:05:07', 'The Iliad', 'Homer', '978-0-000000041-X', 'Duran Group', 1935, 171, 'Discuss religious across media health pay project pattern. Process administration mother in admit reveal movie. Admit spend purpose south travel.', 61.2, 'PHYSICAL', 10, 10, 1, 0, 'AVAILABLE', 'https://covers.openlibrary.org/b/id/8259438-L.jpg', NULL);
INSERT IGNORE INTO book_categories (book_id, category_id) VALUES (41, 6);
INSERT IGNORE INTO book_categories (book_id, category_id) VALUES (41, 11);
INSERT IGNORE INTO book_tags (book_id, tag_id) VALUES (41, 7);
INSERT IGNORE INTO book_tags (book_id, tag_id) VALUES (41, 9);
INSERT IGNORE INTO book_tags (book_id, tag_id) VALUES (41, 6);
INSERT IGNORE INTO books (id, created_at, updated_at, title, author, isbn, publisher, publication_year, page_count, description, price, book_type, total_stock, available_stock, is_active, is_editors_pick, rental_status, image_url, pdf_url) VALUES (42, '2025-12-23 08:05:07', '2025-12-23 08:05:07', 'Ulysses', 'James Joyce', '978-0-000000042-X', 'Hull PLC', 1922, 694, 'Court money spring environment however. Where learn during recently feel stock. President teach service behavior.', 23.07, 'PHYSICAL', 10, 10, 1, 0, 'AVAILABLE', 'https://covers.openlibrary.org/b/id/8259325-L.jpg', NULL);
INSERT IGNORE INTO book_categories (book_id, category_id) VALUES (42, 1);
INSERT IGNORE INTO book_categories (book_id, category_id) VALUES (42, 2);
INSERT IGNORE INTO book_tags (book_id, tag_id) VALUES (42, 7);
INSERT IGNORE INTO book_tags (book_id, tag_id) VALUES (42, 6);
INSERT IGNORE INTO book_tags (book_id, tag_id) VALUES (42, 9);
INSERT IGNORE INTO books (id, created_at, updated_at, title, author, isbn, publisher, publication_year, page_count, description, price, book_type, total_stock, available_stock, is_active, is_editors_pick, rental_status, image_url, pdf_url) VALUES (43, '2025-12-23 08:05:07', '2025-12-23 08:05:07', 'The Old Man and the Sea', 'Ernest Hemingway', '978-0-000000043-X', 'Bennett-Alvarez', 1949, 690, 'Bar suddenly population former. Thus try discover top.', 57.43, 'DIGITAL', 10, 10, 1, 0, 'AVAILABLE', 'https://covers.openlibrary.org/b/id/8259388-L.jpg', NULL);
INSERT IGNORE INTO book_categories (book_id, category_id) VALUES (43, 5);
INSERT IGNORE INTO book_tags (book_id, tag_id) VALUES (43, 7);
INSERT IGNORE INTO books (id, created_at, updated_at, title, author, isbn, publisher, publication_year, page_count, description, price, book_type, total_stock, available_stock, is_active, is_editors_pick, rental_status, image_url, ebook_file_path) VALUES (44, '2025-12-23 08:05:07', '2025-12-23 08:05:07', 'Sherlock Holmes', 'Arthur Conan Doyle', '978-0-000000044-X', 'Clay, Alvarez and Williams', 1987, 836, 'Tonight nor allow up fire. Onto sell require huge baby.', 51.39, 'DIGITAL', 10, 10, 1, 0, 'AVAILABLE', 'https://covers.openlibrary.org/b/id/10360706-L.jpg', 'https://www.gutenberg.org/files/1661/1661-pdf.pdf');
INSERT IGNORE INTO book_categories (book_id, category_id) VALUES (44, 6);
INSERT IGNORE INTO book_tags (book_id, tag_id) VALUES (44, 2);
INSERT IGNORE INTO book_tags (book_id, tag_id) VALUES (44, 6);
INSERT IGNORE INTO books (id, created_at, updated_at, title, author, isbn, publisher, publication_year, page_count, description, price, book_type, total_stock, available_stock, is_active, is_editors_pick, rental_status, image_url, pdf_url) VALUES (45, '2025-12-23 08:05:07', '2025-12-23 08:05:07', 'Romeo and Juliet', 'William Shakespeare', '978-0-000000045-X', 'Elliott PLC', 1992, 407, 'Forward sense cause write right may window. Best discussion away. Shoulder western however similar ahead event yeah make. Need heart control one herself sign.', 36.97, 'HYBRID', 10, 10, 1, 0, 'AVAILABLE', 'https://covers.openlibrary.org/b/id/8259318-L.jpg', NULL);
INSERT IGNORE INTO book_categories (book_id, category_id) VALUES (45, 11);
INSERT IGNORE INTO book_categories (book_id, category_id) VALUES (45, 7);
INSERT IGNORE INTO book_tags (book_id, tag_id) VALUES (45, 7);
INSERT IGNORE INTO book_tags (book_id, tag_id) VALUES (45, 5);
INSERT IGNORE INTO books (id, created_at, updated_at, title, author, isbn, publisher, publication_year, page_count, description, price, book_type, total_stock, available_stock, is_active, is_editors_pick, rental_status, image_url, pdf_url) VALUES (46, '2025-12-23 08:05:07', '2025-12-23 08:05:07', 'Hamlet', 'William Shakespeare', '978-0-000000046-X', 'Yates-Marquez', 2020, 488, 'Child Republican plant science first. Before wall know seven.', 23.91, 'HYBRID', 10, 10, 1, 0, 'AVAILABLE', 'https://covers.openlibrary.org/b/id/8259423-L.jpg', NULL);
INSERT IGNORE INTO book_categories (book_id, category_id) VALUES (46, 10);
INSERT IGNORE INTO book_tags (book_id, tag_id) VALUES (46, 5);
INSERT IGNORE INTO book_tags (book_id, tag_id) VALUES (46, 7);
INSERT IGNORE INTO book_tags (book_id, tag_id) VALUES (46, 1);
INSERT IGNORE INTO books (id, created_at, updated_at, title, author, isbn, publisher, publication_year, page_count, description, price, book_type, total_stock, available_stock, is_active, is_editors_pick, rental_status, image_url, pdf_url) VALUES (47, '2025-12-23 08:05:07', '2025-12-23 08:05:07', 'Macbeth', 'William Shakespeare', '978-0-000000047-X', 'Anderson and Sons', 1974, 721, 'News mention billion bed never others six. Activity including single right nice yeah. Occur college herself catch feeling. Certainly cold every feel site guess want.', 35.08, 'DIGITAL', 10, 10, 1, 0, 'AVAILABLE', 'https://covers.openlibrary.org/b/id/8259313-L.jpg', NULL);
INSERT IGNORE INTO book_categories (book_id, category_id) VALUES (47, 8);
INSERT IGNORE INTO book_categories (book_id, category_id) VALUES (47, 14);
INSERT IGNORE INTO book_tags (book_id, tag_id) VALUES (47, 4);
INSERT IGNORE INTO book_tags (book_id, tag_id) VALUES (47, 9);
INSERT IGNORE INTO books (id, created_at, updated_at, title, author, isbn, publisher, publication_year, page_count, description, price, book_type, total_stock, available_stock, is_active, is_editors_pick, rental_status, image_url, pdf_url) VALUES (48, '2025-12-23 08:05:07', '2025-12-23 08:05:07', 'The Hobbit', 'J.R.R. Tolkien', '978-0-000000048-X', 'Weber, Wheeler and Gonzalez', 1994, 273, 'Fight we forward per. Key issue statement prepare organization feel.', 70.56, 'DIGITAL', 10, 10, 1, 0, 'AVAILABLE', 'https://covers.openlibrary.org/b/id/8381867-L.jpg', NULL);
INSERT IGNORE INTO book_categories (book_id, category_id) VALUES (48, 5);
INSERT IGNORE INTO book_tags (book_id, tag_id) VALUES (48, 10);
INSERT IGNORE INTO book_tags (book_id, tag_id) VALUES (48, 6);
INSERT IGNORE INTO book_tags (book_id, tag_id) VALUES (48, 2);
INSERT IGNORE INTO books (id, created_at, updated_at, title, author, isbn, publisher, publication_year, page_count, description, price, book_type, total_stock, available_stock, is_active, is_editors_pick, rental_status, image_url, pdf_url) VALUES (49, '2025-12-23 08:05:07', '2025-12-23 08:05:07', 'Dune', 'Frank Herbert', '978-0-000000049-X', 'Valentine, Harris and Edwards', 1925, 250, 'Fact reason make office drug heavy. Half usually customer young conference should. Well left remain. Something story attorney summer some pull.', 62.1, 'PHYSICAL', 10, 10, 1, 0, 'AVAILABLE', 'https://covers.openlibrary.org/b/id/9267455-L.jpg', NULL);
INSERT IGNORE INTO book_categories (book_id, category_id) VALUES (49, 1);
INSERT IGNORE INTO book_tags (book_id, tag_id) VALUES (49, 8);
INSERT IGNORE INTO books (id, created_at, updated_at, title, author, isbn, publisher, publication_year, page_count, description, price, book_type, total_stock, available_stock, is_active, is_editors_pick, rental_status, image_url, pdf_url) VALUES (50, '2025-12-23 08:05:07', '2025-12-23 08:05:07', 'The Hunger Games', 'Suzanne Collins', '978-0-000000050-X', 'Schultz and Sons', 1953, 744, 'Resource smile available wrong. Old move type thank industry already why. Order trial body eat professor coach partner.', 74.48, 'HYBRID', 10, 10, 1, 1, 'AVAILABLE', 'https://covers.openlibrary.org/b/id/12557169-L.jpg', NULL);
INSERT IGNORE INTO book_categories (book_id, category_id) VALUES (50, 12);
INSERT IGNORE INTO book_tags (book_id, tag_id) VALUES (50, 7);
INSERT IGNORE INTO book_tags (book_id, tag_id) VALUES (50, 8);
INSERT IGNORE INTO book_tags (book_id, tag_id) VALUES (50, 10);
INSERT IGNORE INTO books (id, created_at, updated_at, title, author, isbn, publisher, publication_year, page_count, description, price, book_type, total_stock, available_stock, is_active, is_editors_pick, rental_status, image_url, pdf_url) VALUES (51, '2025-12-23 08:05:07', '2025-12-23 08:05:07', 'Twilight', 'Stephenie Meyer', '978-0-000000051-X', 'Terrell, Byrd and Ross', 2014, 868, 'Black better develop section newspaper reach. Knowledge hospital sign open matter. Young lot far turn beat story. Give gas six miss.', 25.33, 'PHYSICAL', 10, 10, 1, 0, 'AVAILABLE', 'https://covers.openlibrary.org/b/id/12521941-L.jpg', NULL);
INSERT IGNORE INTO book_categories (book_id, category_id) VALUES (51, 13);
INSERT IGNORE INTO book_tags (book_id, tag_id) VALUES (51, 4);
INSERT IGNORE INTO book_tags (book_id, tag_id) VALUES (51, 3);
INSERT IGNORE INTO books (id, created_at, updated_at, title, author, isbn, publisher, publication_year, page_count, description, price, book_type, total_stock, available_stock, is_active, is_editors_pick, rental_status, image_url, pdf_url) VALUES (52, '2025-12-23 08:05:07', '2025-12-23 08:05:07', 'Game of Thrones', 'George R.R. Martin', '978-0-000000052-X', 'Alvarez-Kim', 1931, 224, 'Attack and represent against gas body. Upon scientist might necessary. Nice when discussion if continue policy. How scene third last involve above.', 51.26, 'HYBRID', 10, 10, 1, 1, 'AVAILABLE', 'https://covers.openlibrary.org/b/id/8350619-L.jpg', NULL);
INSERT IGNORE INTO book_categories (book_id, category_id) VALUES (52, 3);
INSERT IGNORE INTO book_categories (book_id, category_id) VALUES (52, 13);
INSERT IGNORE INTO book_tags (book_id, tag_id) VALUES (52, 9);
INSERT IGNORE INTO book_tags (book_id, tag_id) VALUES (52, 10);
INSERT IGNORE INTO rentals (id, created_at, updated_at, user_id, book_id, rent_date, due_date, return_date, status, penalty_fee) VALUES (1, '2025-10-24 08:05:07.201872', '2025-10-24 08:05:07.201872', 24, 21, '2025-10-24', '2025-11-07', NULL, 'LATE', 0);
INSERT IGNORE INTO rentals (id, created_at, updated_at, user_id, book_id, rent_date, due_date, return_date, status, penalty_fee) VALUES (2, '2025-11-01 08:05:07.201872', '2025-11-01 08:05:07.201872', 19, 40, '2025-11-01', '2025-11-15', NULL, 'LATE', 0);
INSERT IGNORE INTO rentals (id, created_at, updated_at, user_id, book_id, rent_date, due_date, return_date, status, penalty_fee) VALUES (3, '2025-10-31 08:05:07.201872', '2025-10-31 08:05:07.201872', 21, 28, '2025-10-31', '2025-11-14', NULL, 'LATE', 0);
INSERT IGNORE INTO rentals (id, created_at, updated_at, user_id, book_id, rent_date, due_date, return_date, status, penalty_fee) VALUES (4, '2025-11-06 08:05:07.201872', '2025-11-06 08:05:07.201872', 19, 11, '2025-11-06', '2025-11-20', NULL, 'LATE', 0);
INSERT IGNORE INTO rentals (id, created_at, updated_at, user_id, book_id, rent_date, due_date, return_date, status, penalty_fee) VALUES (5, '2025-11-05 08:05:07.201872', '2025-11-05 08:05:07.201872', 19, 17, '2025-11-05', '2025-11-19', '2025-11-14', 'RETURNED', 0);
INSERT IGNORE INTO rentals (id, created_at, updated_at, user_id, book_id, rent_date, due_date, return_date, status, penalty_fee) VALUES (6, '2025-11-13 08:05:07.201872', '2025-11-13 08:05:07.201872', 21, 32, '2025-11-13', '2025-11-27', '2025-11-28', 'RETURNED', 2.0);
INSERT IGNORE INTO rentals (id, created_at, updated_at, user_id, book_id, rent_date, due_date, return_date, status, penalty_fee) VALUES (7, '2025-12-05 08:05:07.201872', '2025-12-05 08:05:07.201872', 7, 46, '2025-12-05', '2025-12-19', '2025-12-16', 'RETURNED', 0);
INSERT IGNORE INTO rentals (id, created_at, updated_at, user_id, book_id, rent_date, due_date, return_date, status, penalty_fee) VALUES (8, '2025-12-18 08:05:07.201872', '2025-12-18 08:05:07.201872', 15, 35, '2025-12-18', '2026-01-01', NULL, 'REJECTED', 0);
INSERT IGNORE INTO rentals (id, created_at, updated_at, user_id, book_id, rent_date, due_date, return_date, status, penalty_fee) VALUES (9, '2025-11-09 08:05:07.201872', '2025-11-09 08:05:07.201872', 12, 25, '2025-11-09', '2025-11-23', NULL, 'REJECTED', 0);
INSERT IGNORE INTO rentals (id, created_at, updated_at, user_id, book_id, rent_date, due_date, return_date, status, penalty_fee) VALUES (10, '2025-11-27 08:05:07.201872', '2025-11-27 08:05:07.201872', 11, 5, '2025-11-27', '2025-12-11', '2025-12-15', 'RETURNED', 8.0);
INSERT IGNORE INTO rentals (id, created_at, updated_at, user_id, book_id, rent_date, due_date, return_date, status, penalty_fee) VALUES (11, '2025-12-20 08:05:07.201872', '2025-12-20 08:05:07.201872', 19, 27, '2025-12-20', '2026-01-03', '2026-01-03', 'RETURNED', 0);
INSERT IGNORE INTO rentals (id, created_at, updated_at, user_id, book_id, rent_date, due_date, return_date, status, penalty_fee) VALUES (12, '2025-11-16 08:05:07.201872', '2025-11-16 08:05:07.201872', 17, 50, '2025-11-16', '2025-11-30', NULL, 'LATE', 0);
INSERT IGNORE INTO rentals (id, created_at, updated_at, user_id, book_id, rent_date, due_date, return_date, status, penalty_fee) VALUES (13, '2025-11-17 08:05:07.201872', '2025-11-17 08:05:07.201872', 5, 49, '2025-11-17', '2025-12-01', '2025-11-18', 'RETURNED', 0);
INSERT IGNORE INTO rentals (id, created_at, updated_at, user_id, book_id, rent_date, due_date, return_date, status, penalty_fee) VALUES (14, '2025-11-05 08:05:07.201872', '2025-11-05 08:05:07.201872', 16, 20, '2025-11-05', '2025-11-19', '2025-11-19', 'RETURNED', 0);
INSERT IGNORE INTO rentals (id, created_at, updated_at, user_id, book_id, rent_date, due_date, return_date, status, penalty_fee) VALUES (15, '2025-11-06 08:05:07.201872', '2025-11-06 08:05:07.201872', 22, 48, '2025-11-06', '2025-11-20', '2025-11-26', 'RETURNED', 12.0);
INSERT IGNORE INTO rentals (id, created_at, updated_at, user_id, book_id, rent_date, due_date, return_date, status, penalty_fee) VALUES (16, '2025-12-09 08:05:07.206469', '2025-12-09 08:05:07.206469', 12, 32, '2025-12-09', '2025-12-23', '2025-12-25', 'RETURNED', 4.0);
INSERT IGNORE INTO rentals (id, created_at, updated_at, user_id, book_id, rent_date, due_date, return_date, status, penalty_fee) VALUES (17, '2025-12-02 08:05:07.206469', '2025-12-02 08:05:07.206469', 5, 25, '2025-12-02', '2025-12-16', '2025-12-15', 'RETURNED', 0);
INSERT IGNORE INTO rentals (id, created_at, updated_at, user_id, book_id, rent_date, due_date, return_date, status, penalty_fee) VALUES (18, '2025-10-26 08:05:07.206469', '2025-10-26 08:05:07.206469', 10, 30, '2025-10-26', '2025-11-09', NULL, 'REJECTED', 0);
INSERT IGNORE INTO rentals (id, created_at, updated_at, user_id, book_id, rent_date, due_date, return_date, status, penalty_fee) VALUES (19, '2025-12-22 08:05:07.206469', '2025-12-22 08:05:07.206469', 24, 35, '2025-12-22', '2026-01-05', NULL, 'APPROVED', 0);
INSERT IGNORE INTO rentals (id, created_at, updated_at, user_id, book_id, rent_date, due_date, return_date, status, penalty_fee) VALUES (20, '2025-11-11 08:05:07.206469', '2025-11-11 08:05:07.206469', 23, 37, '2025-11-11', '2025-11-25', NULL, 'REQUESTED', 0);
INSERT IGNORE INTO rentals (id, created_at, updated_at, user_id, book_id, rent_date, due_date, return_date, status, penalty_fee) VALUES (21, '2025-10-29 08:05:07.206469', '2025-10-29 08:05:07.206469', 18, 9, '2025-10-29', '2025-11-12', '2025-10-31', 'RETURNED', 0);
INSERT IGNORE INTO rentals (id, created_at, updated_at, user_id, book_id, rent_date, due_date, return_date, status, penalty_fee) VALUES (22, '2025-12-03 08:05:07.206469', '2025-12-03 08:05:07.206469', 13, 25, '2025-12-03', '2025-12-17', '2025-12-14', 'RETURNED', 0);
INSERT IGNORE INTO rentals (id, created_at, updated_at, user_id, book_id, rent_date, due_date, return_date, status, penalty_fee) VALUES (23, '2025-10-28 08:05:07.206469', '2025-10-28 08:05:07.206469', 15, 49, '2025-10-28', '2025-11-11', '2025-11-11', 'RETURNED', 0);
INSERT IGNORE INTO rentals (id, created_at, updated_at, user_id, book_id, rent_date, due_date, return_date, status, penalty_fee) VALUES (24, '2025-11-23 08:05:07.206469', '2025-11-23 08:05:07.206469', 13, 6, '2025-11-23', '2025-12-07', NULL, 'REQUESTED', 0);
INSERT IGNORE INTO rentals (id, created_at, updated_at, user_id, book_id, rent_date, due_date, return_date, status, penalty_fee) VALUES (25, '2025-10-24 08:05:07.206469', '2025-10-24 08:05:07.206469', 22, 4, '2025-10-24', '2025-11-07', '2025-10-27', 'RETURNED', 0);
INSERT IGNORE INTO rentals (id, created_at, updated_at, user_id, book_id, rent_date, due_date, return_date, status, penalty_fee) VALUES (26, '2025-12-22 08:05:07.206469', '2025-12-22 08:05:07.206469', 6, 49, '2025-12-22', '2026-01-05', NULL, 'APPROVED', 0);
INSERT IGNORE INTO rentals (id, created_at, updated_at, user_id, book_id, rent_date, due_date, return_date, status, penalty_fee) VALUES (27, '2025-11-14 08:05:07.206469', '2025-11-14 08:05:07.206469', 11, 2, '2025-11-14', '2025-11-28', NULL, 'REJECTED', 0);
INSERT IGNORE INTO rentals (id, created_at, updated_at, user_id, book_id, rent_date, due_date, return_date, status, penalty_fee) VALUES (28, '2025-11-11 08:05:07.206469', '2025-11-11 08:05:07.206469', 9, 31, '2025-11-11', '2025-11-25', NULL, 'REJECTED', 0);
INSERT IGNORE INTO rentals (id, created_at, updated_at, user_id, book_id, rent_date, due_date, return_date, status, penalty_fee) VALUES (29, '2025-11-09 08:05:07.206469', '2025-11-09 08:05:07.206469', 11, 30, '2025-11-09', '2025-11-23', '2025-11-21', 'RETURNED', 0);
INSERT IGNORE INTO rentals (id, created_at, updated_at, user_id, book_id, rent_date, due_date, return_date, status, penalty_fee) VALUES (30, '2025-11-15 08:05:07.206469', '2025-11-15 08:05:07.206469', 10, 39, '2025-11-15', '2025-11-29', NULL, 'LATE', 0);
INSERT IGNORE INTO rentals (id, created_at, updated_at, user_id, book_id, rent_date, due_date, return_date, status, penalty_fee) VALUES (31, '2025-11-01 08:05:07.206469', '2025-11-01 08:05:07.206469', 8, 50, '2025-11-01', '2025-11-15', NULL, 'REJECTED', 0);
INSERT IGNORE INTO rentals (id, created_at, updated_at, user_id, book_id, rent_date, due_date, return_date, status, penalty_fee) VALUES (32, '2025-11-16 08:05:07.206469', '2025-11-16 08:05:07.206469', 14, 7, '2025-11-16', '2025-11-30', NULL, 'REQUESTED', 0);
INSERT IGNORE INTO rentals (id, created_at, updated_at, user_id, book_id, rent_date, due_date, return_date, status, penalty_fee) VALUES (33, '2025-11-10 08:05:07.206469', '2025-11-10 08:05:07.206469', 14, 37, '2025-11-10', '2025-11-24', NULL, 'LATE', 0);
INSERT IGNORE INTO rentals (id, created_at, updated_at, user_id, book_id, rent_date, due_date, return_date, status, penalty_fee) VALUES (34, '2025-10-24 08:05:07.206469', '2025-10-24 08:05:07.206469', 17, 26, '2025-10-24', '2025-11-07', NULL, 'LATE', 0);
INSERT IGNORE INTO rentals (id, created_at, updated_at, user_id, book_id, rent_date, due_date, return_date, status, penalty_fee) VALUES (35, '2025-11-09 08:05:07.206469', '2025-11-09 08:05:07.206469', 7, 38, '2025-11-09', '2025-11-23', NULL, 'LATE', 0);
INSERT IGNORE INTO rentals (id, created_at, updated_at, user_id, book_id, rent_date, due_date, return_date, status, penalty_fee) VALUES (36, '2025-11-09 08:05:07.206469', '2025-11-09 08:05:07.206469', 12, 7, '2025-11-09', '2025-11-23', NULL, 'LATE', 0);
INSERT IGNORE INTO rentals (id, created_at, updated_at, user_id, book_id, rent_date, due_date, return_date, status, penalty_fee) VALUES (37, '2025-12-16 08:05:07.206469', '2025-12-16 08:05:07.206469', 24, 52, '2025-12-16', '2025-12-30', NULL, 'APPROVED', 0);
INSERT IGNORE INTO rentals (id, created_at, updated_at, user_id, book_id, rent_date, due_date, return_date, status, penalty_fee) VALUES (38, '2025-12-21 08:05:07.206469', '2025-12-21 08:05:07.206469', 23, 51, '2025-12-21', '2026-01-04', '2026-01-04', 'RETURNED', 0);
INSERT IGNORE INTO rentals (id, created_at, updated_at, user_id, book_id, rent_date, due_date, return_date, status, penalty_fee) VALUES (39, '2025-11-21 08:05:07.206469', '2025-11-21 08:05:07.206469', 16, 5, '2025-11-21', '2025-12-05', '2025-11-22', 'RETURNED', 0);
INSERT IGNORE INTO rentals (id, created_at, updated_at, user_id, book_id, rent_date, due_date, return_date, status, penalty_fee) VALUES (40, '2025-12-17 08:05:07.206469', '2025-12-17 08:05:07.206469', 18, 32, '2025-12-17', '2025-12-31', '2025-12-29', 'RETURNED', 0);
INSERT IGNORE INTO rentals (id, created_at, updated_at, user_id, book_id, rent_date, due_date, return_date, status, penalty_fee) VALUES (41, '2025-12-14 08:05:07.206469', '2025-12-14 08:05:07.206469', 19, 46, '2025-12-14', '2025-12-28', '2025-12-31', 'RETURNED', 6.0);
INSERT IGNORE INTO rentals (id, created_at, updated_at, user_id, book_id, rent_date, due_date, return_date, status, penalty_fee) VALUES (42, '2025-11-02 08:05:07.206469', '2025-11-02 08:05:07.206469', 13, 40, '2025-11-02', '2025-11-16', NULL, 'LATE', 0);
INSERT IGNORE INTO rentals (id, created_at, updated_at, user_id, book_id, rent_date, due_date, return_date, status, penalty_fee) VALUES (43, '2025-11-26 08:05:07.206469', '2025-11-26 08:05:07.206469', 20, 30, '2025-11-26', '2025-12-10', NULL, 'LATE', 0);
INSERT IGNORE INTO rentals (id, created_at, updated_at, user_id, book_id, rent_date, due_date, return_date, status, penalty_fee) VALUES (44, '2025-12-03 08:05:07.206469', '2025-12-03 08:05:07.206469', 23, 18, '2025-12-03', '2025-12-17', NULL, 'LATE', 0);
INSERT IGNORE INTO rentals (id, created_at, updated_at, user_id, book_id, rent_date, due_date, return_date, status, penalty_fee) VALUES (45, '2025-10-28 08:05:07.206469', '2025-10-28 08:05:07.206469', 7, 18, '2025-10-28', '2025-11-11', '2025-11-12', 'RETURNED', 2.0);
INSERT IGNORE INTO rentals (id, created_at, updated_at, user_id, book_id, rent_date, due_date, return_date, status, penalty_fee) VALUES (46, '2025-11-11 08:05:07.206469', '2025-11-11 08:05:07.206469', 23, 40, '2025-11-11', '2025-11-25', '2025-11-12', 'RETURNED', 0);
INSERT IGNORE INTO rentals (id, created_at, updated_at, user_id, book_id, rent_date, due_date, return_date, status, penalty_fee) VALUES (47, '2025-12-12 08:05:07.206469', '2025-12-12 08:05:07.206469', 20, 21, '2025-12-12', '2025-12-26', '2025-12-24', 'RETURNED', 0);
INSERT IGNORE INTO rentals (id, created_at, updated_at, user_id, book_id, rent_date, due_date, return_date, status, penalty_fee) VALUES (48, '2025-12-06 08:05:07.206469', '2025-12-06 08:05:07.206469', 13, 22, '2025-12-06', '2025-12-20', NULL, 'LATE', 0);
INSERT IGNORE INTO rentals (id, created_at, updated_at, user_id, book_id, rent_date, due_date, return_date, status, penalty_fee) VALUES (49, '2025-12-23 08:05:07.206469', '2025-12-23 08:05:07.206469', 13, 36, '2025-12-23', '2026-01-06', '2025-12-30', 'RETURNED', 0);
INSERT IGNORE INTO rentals (id, created_at, updated_at, user_id, book_id, rent_date, due_date, return_date, status, penalty_fee) VALUES (50, '2025-11-07 08:05:07.206469', '2025-11-07 08:05:07.206469', 7, 16, '2025-11-07', '2025-11-21', '2025-11-25', 'RETURNED', 8.0);
INSERT IGNORE INTO rentals (id, created_at, updated_at, user_id, book_id, rent_date, due_date, return_date, status, penalty_fee) VALUES (51, '2025-11-23 08:05:07.206469', '2025-11-23 08:05:07.206469', 12, 45, '2025-11-23', '2025-12-07', '2025-12-09', 'RETURNED', 4.0);
INSERT IGNORE INTO rentals (id, created_at, updated_at, user_id, book_id, rent_date, due_date, return_date, status, penalty_fee) VALUES (52, '2025-12-22 08:05:07.206469', '2025-12-22 08:05:07.206469', 19, 51, '2025-12-22', '2026-01-05', NULL, 'REQUESTED', 0);
INSERT IGNORE INTO rentals (id, created_at, updated_at, user_id, book_id, rent_date, due_date, return_date, status, penalty_fee) VALUES (53, '2025-11-09 08:05:07.206469', '2025-11-09 08:05:07.206469', 12, 26, '2025-11-09', '2025-11-23', '2025-11-28', 'RETURNED', 10.0);
INSERT IGNORE INTO rentals (id, created_at, updated_at, user_id, book_id, rent_date, due_date, return_date, status, penalty_fee) VALUES (54, '2025-11-18 08:05:07.206469', '2025-11-18 08:05:07.206469', 16, 31, '2025-11-18', '2025-12-02', '2025-12-02', 'RETURNED', 0);
INSERT IGNORE INTO rentals (id, created_at, updated_at, user_id, book_id, rent_date, due_date, return_date, status, penalty_fee) VALUES (55, '2025-12-01 08:05:07.206469', '2025-12-01 08:05:07.206469', 22, 22, '2025-12-01', '2025-12-15', NULL, 'LATE', 0);
INSERT IGNORE INTO rentals (id, created_at, updated_at, user_id, book_id, rent_date, due_date, return_date, status, penalty_fee) VALUES (56, '2025-12-07 08:05:07.206469', '2025-12-07 08:05:07.206469', 13, 20, '2025-12-07', '2025-12-21', '2025-12-14', 'RETURNED', 0);
INSERT IGNORE INTO rentals (id, created_at, updated_at, user_id, book_id, rent_date, due_date, return_date, status, penalty_fee) VALUES (57, '2025-11-06 08:05:07.206469', '2025-11-06 08:05:07.206469', 15, 8, '2025-11-06', '2025-11-20', '2025-11-12', 'RETURNED', 0);
INSERT IGNORE INTO rentals (id, created_at, updated_at, user_id, book_id, rent_date, due_date, return_date, status, penalty_fee) VALUES (58, '2025-11-06 08:05:07.206469', '2025-11-06 08:05:07.206469', 11, 14, '2025-11-06', '2025-11-20', '2025-11-25', 'RETURNED', 10.0);
INSERT IGNORE INTO rentals (id, created_at, updated_at, user_id, book_id, rent_date, due_date, return_date, status, penalty_fee) VALUES (59, '2025-12-05 08:05:07.206469', '2025-12-05 08:05:07.206469', 21, 39, '2025-12-05', '2025-12-19', NULL, 'LATE', 0);
INSERT IGNORE INTO rentals (id, created_at, updated_at, user_id, book_id, rent_date, due_date, return_date, status, penalty_fee) VALUES (60, '2025-12-09 08:05:07.206469', '2025-12-09 08:05:07.206469', 11, 19, '2025-12-09', '2025-12-23', '2025-12-19', 'RETURNED', 0);
INSERT IGNORE INTO rentals (id, created_at, updated_at, user_id, book_id, rent_date, due_date, return_date, status, penalty_fee) VALUES (61, '2025-11-19 08:05:07.206469', '2025-11-19 08:05:07.206469', 5, 46, '2025-11-19', '2025-12-03', NULL, 'REJECTED', 0);
INSERT IGNORE INTO rentals (id, created_at, updated_at, user_id, book_id, rent_date, due_date, return_date, status, penalty_fee) VALUES (62, '2025-11-18 08:05:07.206469', '2025-11-18 08:05:07.206469', 6, 4, '2025-11-18', '2025-12-02', '2025-11-23', 'RETURNED', 0);
INSERT IGNORE INTO rentals (id, created_at, updated_at, user_id, book_id, rent_date, due_date, return_date, status, penalty_fee) VALUES (63, '2025-10-29 08:05:07.206469', '2025-10-29 08:05:07.206469', 20, 7, '2025-10-29', '2025-11-12', NULL, 'REQUESTED', 0);
INSERT IGNORE INTO rentals (id, created_at, updated_at, user_id, book_id, rent_date, due_date, return_date, status, penalty_fee) VALUES (64, '2025-11-23 08:05:07.206469', '2025-11-23 08:05:07.206469', 14, 31, '2025-11-23', '2025-12-07', '2025-11-29', 'RETURNED', 0);
INSERT IGNORE INTO rentals (id, created_at, updated_at, user_id, book_id, rent_date, due_date, return_date, status, penalty_fee) VALUES (65, '2025-10-24 08:05:07.206469', '2025-10-24 08:05:07.206469', 6, 17, '2025-10-24', '2025-11-07', NULL, 'LATE', 0);
INSERT IGNORE INTO rentals (id, created_at, updated_at, user_id, book_id, rent_date, due_date, return_date, status, penalty_fee) VALUES (66, '2025-11-28 08:05:07.206469', '2025-11-28 08:05:07.206469', 8, 5, '2025-11-28', '2025-12-12', '2025-12-17', 'RETURNED', 10.0);
INSERT IGNORE INTO rentals (id, created_at, updated_at, user_id, book_id, rent_date, due_date, return_date, status, penalty_fee) VALUES (67, '2025-12-14 08:05:07.206469', '2025-12-14 08:05:07.206469', 6, 10, '2025-12-14', '2025-12-28', NULL, 'APPROVED', 0);
INSERT IGNORE INTO rentals (id, created_at, updated_at, user_id, book_id, rent_date, due_date, return_date, status, penalty_fee) VALUES (68, '2025-12-08 08:05:07.206469', '2025-12-08 08:05:07.206469', 14, 6, '2025-12-08', '2025-12-22', NULL, 'REJECTED', 0);
INSERT IGNORE INTO rentals (id, created_at, updated_at, user_id, book_id, rent_date, due_date, return_date, status, penalty_fee) VALUES (69, '2025-11-15 08:05:07.206469', '2025-11-15 08:05:07.206469', 18, 39, '2025-11-15', '2025-11-29', NULL, 'LATE', 0);
INSERT IGNORE INTO rentals (id, created_at, updated_at, user_id, book_id, rent_date, due_date, return_date, status, penalty_fee) VALUES (70, '2025-11-20 08:05:07.206469', '2025-11-20 08:05:07.206469', 12, 50, '2025-11-20', '2025-12-04', '2025-12-05', 'RETURNED', 2.0);
INSERT IGNORE INTO rentals (id, created_at, updated_at, user_id, book_id, rent_date, due_date, return_date, status, penalty_fee) VALUES (71, '2025-11-26 08:05:07.206469', '2025-11-26 08:05:07.206469', 14, 38, '2025-11-26', '2025-12-10', '2025-12-16', 'RETURNED', 12.0);
INSERT IGNORE INTO rentals (id, created_at, updated_at, user_id, book_id, rent_date, due_date, return_date, status, penalty_fee) VALUES (72, '2025-11-06 08:05:07.206469', '2025-11-06 08:05:07.206469', 6, 40, '2025-11-06', '2025-11-20', NULL, 'REQUESTED', 0);
INSERT IGNORE INTO rentals (id, created_at, updated_at, user_id, book_id, rent_date, due_date, return_date, status, penalty_fee) VALUES (73, '2025-12-10 08:05:07.206469', '2025-12-10 08:05:07.206469', 11, 41, '2025-12-10', '2025-12-24', '2025-12-13', 'RETURNED', 0);
INSERT IGNORE INTO rentals (id, created_at, updated_at, user_id, book_id, rent_date, due_date, return_date, status, penalty_fee) VALUES (74, '2025-12-12 08:05:07.206469', '2025-12-12 08:05:07.206469', 10, 16, '2025-12-12', '2025-12-26', '2025-12-18', 'RETURNED', 0);
INSERT IGNORE INTO rentals (id, created_at, updated_at, user_id, book_id, rent_date, due_date, return_date, status, penalty_fee) VALUES (75, '2025-11-25 08:05:07.206469', '2025-11-25 08:05:07.206469', 5, 27, '2025-11-25', '2025-12-09', '2025-12-11', 'RETURNED', 4.0);
INSERT IGNORE INTO rentals (id, created_at, updated_at, user_id, book_id, rent_date, due_date, return_date, status, penalty_fee) VALUES (76, '2025-12-09 08:05:07.206469', '2025-12-09 08:05:07.206469', 14, 3, '2025-12-09', '2025-12-23', '2025-12-19', 'RETURNED', 0);
INSERT IGNORE INTO rentals (id, created_at, updated_at, user_id, book_id, rent_date, due_date, return_date, status, penalty_fee) VALUES (77, '2025-11-10 08:05:07.206469', '2025-11-10 08:05:07.206469', 19, 5, '2025-11-10', '2025-11-24', '2025-11-19', 'RETURNED', 0);
INSERT IGNORE INTO rentals (id, created_at, updated_at, user_id, book_id, rent_date, due_date, return_date, status, penalty_fee) VALUES (78, '2025-11-02 08:05:07.206469', '2025-11-02 08:05:07.206469', 23, 43, '2025-11-02', '2025-11-16', NULL, 'LATE', 0);
INSERT IGNORE INTO rentals (id, created_at, updated_at, user_id, book_id, rent_date, due_date, return_date, status, penalty_fee) VALUES (79, '2025-11-19 08:05:07.206469', '2025-11-19 08:05:07.206469', 18, 8, '2025-11-19', '2025-12-03', '2025-11-24', 'RETURNED', 0);
INSERT IGNORE INTO rentals (id, created_at, updated_at, user_id, book_id, rent_date, due_date, return_date, status, penalty_fee) VALUES (80, '2025-12-19 08:05:07.206469', '2025-12-19 08:05:07.206469', 13, 10, '2025-12-19', '2026-01-02', NULL, 'REQUESTED', 0);
INSERT IGNORE INTO reviews (id, created_at, updated_at, user_id, book_id, stars, comment, is_spoiler, helpful_count) VALUES (1, '2025-12-23 08:05:07', '2025-12-23 08:05:07', 14, 39, 5, 'Day sell speak artist big the cost for leader energy.', 0, 18);
INSERT IGNORE INTO reviews (id, created_at, updated_at, user_id, book_id, stars, comment, is_spoiler, helpful_count) VALUES (2, '2025-12-23 08:05:07', '2025-12-23 08:05:07', 19, 45, 4, 'Month police others particularly only girl suddenly pay sport relationship father pass be care.', 0, 17);
INSERT IGNORE INTO reviews (id, created_at, updated_at, user_id, book_id, stars, comment, is_spoiler, helpful_count) VALUES (3, '2025-12-23 08:05:07', '2025-12-23 08:05:07', 20, 29, 3, 'Draw bring health center home others offer institution main.', 1, 27);
INSERT IGNORE INTO reviews (id, created_at, updated_at, user_id, book_id, stars, comment, is_spoiler, helpful_count) VALUES (4, '2025-12-23 08:05:07', '2025-12-23 08:05:07', 24, 17, 3, 'Really population yourself never majority cell fire late approach grow act carry spring white measure.', 1, 43);
INSERT IGNORE INTO reviews (id, created_at, updated_at, user_id, book_id, stars, comment, is_spoiler, helpful_count) VALUES (5, '2025-12-23 08:05:07', '2025-12-23 08:05:07', 23, 38, 5, 'Important man report kitchen cold not somebody determine allow different eye sit not significant.', 0, 17);
INSERT IGNORE INTO reviews (id, created_at, updated_at, user_id, book_id, stars, comment, is_spoiler, helpful_count) VALUES (6, '2025-12-23 08:05:07', '2025-12-23 08:05:07', 10, 31, 4, 'Near both box simple statement happen state among rest national wrong bill stop seem.', 0, 17);
INSERT IGNORE INTO review_likes (id, created_at, updated_at, user_id, review_id) VALUES (6, '2025-12-23 08:05:07', '2025-12-23 08:05:07', 23, 6);
INSERT IGNORE INTO reviews (id, created_at, updated_at, user_id, book_id, stars, comment, is_spoiler, helpful_count) VALUES (7, '2025-12-23 08:05:07', '2025-12-23 08:05:07', 18, 41, 3, 'Themselves allow enjoy television beautiful tend bring speech decide scene ready.', 0, 30);
INSERT IGNORE INTO reviews (id, created_at, updated_at, user_id, book_id, stars, comment, is_spoiler, helpful_count) VALUES (8, '2025-12-23 08:05:07', '2025-12-23 08:05:07', 15, 21, 3, 'Plan coach cause deal deal arrive go exactly much food region eye environment teach world quickly.', 0, 21);
INSERT IGNORE INTO reviews (id, created_at, updated_at, user_id, book_id, stars, comment, is_spoiler, helpful_count) VALUES (9, '2025-12-23 08:05:07', '2025-12-23 08:05:07', 20, 19, 4, 'Career seek in arrive everyone pretty reduce car.', 0, 48);
INSERT IGNORE INTO reviews (id, created_at, updated_at, user_id, book_id, stars, comment, is_spoiler, helpful_count) VALUES (10, '2025-12-23 08:05:07', '2025-12-23 08:05:07', 19, 6, 4, 'Represent stock seven put majority officer environmental increase later.', 0, 7);
INSERT IGNORE INTO reviews (id, created_at, updated_at, user_id, book_id, stars, comment, is_spoiler, helpful_count) VALUES (11, '2025-12-23 08:05:07', '2025-12-23 08:05:07', 17, 33, 3, 'Idea seek reason theory lawyer maintain old than.', 0, 42);
INSERT IGNORE INTO reviews (id, created_at, updated_at, user_id, book_id, stars, comment, is_spoiler, helpful_count) VALUES (12, '2025-12-23 08:05:07', '2025-12-23 08:05:07', 19, 27, 5, 'Room learn professional group as move design involve.', 1, 23);
INSERT IGNORE INTO reviews (id, created_at, updated_at, user_id, book_id, stars, comment, is_spoiler, helpful_count) VALUES (13, '2025-12-23 08:05:07', '2025-12-23 08:05:07', 20, 41, 3, 'Manager follow exist natural candidate system small thus several animal.', 0, 13);
INSERT IGNORE INTO review_likes (id, created_at, updated_at, user_id, review_id) VALUES (13, '2025-12-23 08:05:07', '2025-12-23 08:05:07', 9, 13);
INSERT IGNORE INTO reviews (id, created_at, updated_at, user_id, book_id, stars, comment, is_spoiler, helpful_count) VALUES (14, '2025-12-23 08:05:07', '2025-12-23 08:05:07', 14, 29, 4, 'Six least buy tax kid a when dark read car practice city usually ever pressure economy.', 0, 7);
INSERT IGNORE INTO review_likes (id, created_at, updated_at, user_id, review_id) VALUES (14, '2025-12-23 08:05:07', '2025-12-23 08:05:07', 24, 14);
INSERT IGNORE INTO reviews (id, created_at, updated_at, user_id, book_id, stars, comment, is_spoiler, helpful_count) VALUES (15, '2025-12-23 08:05:07', '2025-12-23 08:05:07', 12, 46, 5, 'Professor power appear personal rise sense investment before believe degree back order.', 0, 0);
INSERT IGNORE INTO reviews (id, created_at, updated_at, user_id, book_id, stars, comment, is_spoiler, helpful_count) VALUES (16, '2025-12-23 08:05:07', '2025-12-23 08:05:07', 7, 15, 3, 'Quite act receive stage write institution car audience him room bill finish thing case similar.', 0, 29);
INSERT IGNORE INTO reviews (id, created_at, updated_at, user_id, book_id, stars, comment, is_spoiler, helpful_count) VALUES (17, '2025-12-23 08:05:07', '2025-12-23 08:05:07', 9, 32, 4, 'Political quality attention none particular clearly goal defense security.', 0, 32);
INSERT IGNORE INTO reviews (id, created_at, updated_at, user_id, book_id, stars, comment, is_spoiler, helpful_count) VALUES (18, '2025-12-23 08:05:07', '2025-12-23 08:05:07', 18, 31, 3, 'Pattern kind describe to cause but role goal investment social easy popular easy.', 0, 29);
INSERT IGNORE INTO reviews (id, created_at, updated_at, user_id, book_id, stars, comment, is_spoiler, helpful_count) VALUES (19, '2025-12-23 08:05:07', '2025-12-23 08:05:07', 17, 13, 5, 'Outside parent single real summer probably feeling military meeting security far approach today west manager both.', 0, 47);
INSERT IGNORE INTO reviews (id, created_at, updated_at, user_id, book_id, stars, comment, is_spoiler, helpful_count) VALUES (20, '2025-12-23 08:05:07', '2025-12-23 08:05:07', 7, 18, 4, 'Point audience thousand activity guess first hit stuff inside national common likely would authority.', 0, 21);
INSERT IGNORE INTO reviews (id, created_at, updated_at, user_id, book_id, stars, comment, is_spoiler, helpful_count) VALUES (21, '2025-12-23 08:05:07', '2025-12-23 08:05:07', 21, 18, 4, 'Attack energy always art smile media pick may indeed reduce bar Mr pattern everyone finally memory.', 0, 46);
INSERT IGNORE INTO review_likes (id, created_at, updated_at, user_id, review_id) VALUES (21, '2025-12-23 08:05:07', '2025-12-23 08:05:07', 23, 21);
INSERT IGNORE INTO reviews (id, created_at, updated_at, user_id, book_id, stars, comment, is_spoiler, helpful_count) VALUES (22, '2025-12-23 08:05:07', '2025-12-23 08:05:07', 23, 43, 3, 'Window choice force only shake power poor financial join well.', 0, 28);
INSERT IGNORE INTO reviews (id, created_at, updated_at, user_id, book_id, stars, comment, is_spoiler, helpful_count) VALUES (23, '2025-12-23 08:05:07', '2025-12-23 08:05:07', 16, 22, 5, 'Around beat its law participant finally score scientist budget remain.', 0, 24);
INSERT IGNORE INTO reviews (id, created_at, updated_at, user_id, book_id, stars, comment, is_spoiler, helpful_count) VALUES (24, '2025-12-23 08:05:07', '2025-12-23 08:05:07', 15, 13, 3, 'Clearly well mission situation result cold camera.', 0, 36);
INSERT IGNORE INTO reviews (id, created_at, updated_at, user_id, book_id, stars, comment, is_spoiler, helpful_count) VALUES (25, '2025-12-23 08:05:07', '2025-12-23 08:05:07', 18, 3, 4, 'Run brother tonight friend investment model enjoy window physical many member.', 0, 45);
INSERT IGNORE INTO reviews (id, created_at, updated_at, user_id, book_id, stars, comment, is_spoiler, helpful_count) VALUES (26, '2025-12-23 08:05:07', '2025-12-23 08:05:07', 17, 25, 5, 'Matter note happy effort bill off reveal direction.', 0, 9);
INSERT IGNORE INTO reviews (id, created_at, updated_at, user_id, book_id, stars, comment, is_spoiler, helpful_count) VALUES (27, '2025-12-23 08:05:07', '2025-12-23 08:05:07', 6, 9, 5, 'Able teach activity animal hair turn condition whether along sort research pretty different eat trouble.', 0, 21);
INSERT IGNORE INTO reviews (id, created_at, updated_at, user_id, book_id, stars, comment, is_spoiler, helpful_count) VALUES (28, '2025-12-23 08:05:07', '2025-12-23 08:05:07', 19, 7, 4, 'Even back head maybe top conference source wonder west attention let executive.', 0, 0);
INSERT IGNORE INTO reviews (id, created_at, updated_at, user_id, book_id, stars, comment, is_spoiler, helpful_count) VALUES (29, '2025-12-23 08:05:07', '2025-12-23 08:05:07', 18, 42, 3, 'Force network account customer nor fight performance less option management significant.', 0, 30);
INSERT IGNORE INTO reviews (id, created_at, updated_at, user_id, book_id, stars, comment, is_spoiler, helpful_count) VALUES (30, '2025-12-23 08:05:07', '2025-12-23 08:05:07', 13, 22, 4, 'Run national somebody character usually agency must player really act.', 0, 41);
INSERT IGNORE INTO review_likes (id, created_at, updated_at, user_id, review_id) VALUES (30, '2025-12-23 08:05:07', '2025-12-23 08:05:07', 15, 30);
INSERT IGNORE INTO reviews (id, created_at, updated_at, user_id, book_id, stars, comment, is_spoiler, helpful_count) VALUES (31, '2025-12-23 08:05:07', '2025-12-23 08:05:07', 22, 25, 5, 'Ability price support road billion morning draw man art young Republican behavior.', 0, 45);
INSERT IGNORE INTO reviews (id, created_at, updated_at, user_id, book_id, stars, comment, is_spoiler, helpful_count) VALUES (32, '2025-12-23 08:05:07', '2025-12-23 08:05:07', 20, 35, 3, 'Today mind red head window be believe card star avoid.', 1, 15);
INSERT IGNORE INTO reviews (id, created_at, updated_at, user_id, book_id, stars, comment, is_spoiler, helpful_count) VALUES (33, '2025-12-23 08:05:07', '2025-12-23 08:05:07', 14, 15, 4, 'Artist production candidate factor surface unit hotel story for laugh do want carry show board.', 0, 6);
INSERT IGNORE INTO reviews (id, created_at, updated_at, user_id, book_id, stars, comment, is_spoiler, helpful_count) VALUES (34, '2025-12-23 08:05:07', '2025-12-23 08:05:07', 8, 29, 4, 'Clearly letter image movie who debate final enter.', 0, 1);
INSERT IGNORE INTO review_likes (id, created_at, updated_at, user_id, review_id) VALUES (34, '2025-12-23 08:05:07', '2025-12-23 08:05:07', 6, 34);
INSERT IGNORE INTO reviews (id, created_at, updated_at, user_id, book_id, stars, comment, is_spoiler, helpful_count) VALUES (35, '2025-12-23 08:05:07', '2025-12-23 08:05:07', 14, 23, 3, 'Bed space fight relate owner Democrat task chance represent.', 0, 15);
INSERT IGNORE INTO reviews (id, created_at, updated_at, user_id, book_id, stars, comment, is_spoiler, helpful_count) VALUES (36, '2025-12-23 08:05:07', '2025-12-23 08:05:07', 23, 44, 3, 'How any federal star community weight take new nearly behind big soldier.', 0, 11);
INSERT IGNORE INTO review_likes (id, created_at, updated_at, user_id, review_id) VALUES (36, '2025-12-23 08:05:07', '2025-12-23 08:05:07', 17, 36);
INSERT IGNORE INTO reviews (id, created_at, updated_at, user_id, book_id, stars, comment, is_spoiler, helpful_count) VALUES (37, '2025-12-23 08:05:07', '2025-12-23 08:05:07', 24, 44, 5, 'Activity store work candidate statement head piece popular old.', 0, 9);
INSERT IGNORE INTO review_likes (id, created_at, updated_at, user_id, review_id) VALUES (37, '2025-12-23 08:05:07', '2025-12-23 08:05:07', 13, 37);
INSERT IGNORE INTO reviews (id, created_at, updated_at, user_id, book_id, stars, comment, is_spoiler, helpful_count) VALUES (38, '2025-12-23 08:05:07', '2025-12-23 08:05:07', 19, 17, 4, 'True avoid young cup position speak begin suggest speak business walk.', 0, 18);
INSERT IGNORE INTO reviews (id, created_at, updated_at, user_id, book_id, stars, comment, is_spoiler, helpful_count) VALUES (39, '2025-12-23 08:05:07', '2025-12-23 08:05:07', 10, 5, 4, 'Collection off start house ahead raise common.', 0, 37);
INSERT IGNORE INTO review_likes (id, created_at, updated_at, user_id, review_id) VALUES (39, '2025-12-23 08:05:07', '2025-12-23 08:05:07', 18, 39);
INSERT IGNORE INTO reviews (id, created_at, updated_at, user_id, book_id, stars, comment, is_spoiler, helpful_count) VALUES (40, '2025-12-23 08:05:07', '2025-12-23 08:05:07', 13, 30, 3, 'Traditional every land chance pass pay positive material third look.', 0, 24);
INSERT IGNORE INTO reviews (id, created_at, updated_at, user_id, book_id, stars, comment, is_spoiler, helpful_count) VALUES (41, '2025-12-23 08:05:07', '2025-12-23 08:05:07', 8, 16, 4, 'Evidence case current this moment piece soon some.', 0, 36);
INSERT IGNORE INTO review_likes (id, created_at, updated_at, user_id, review_id) VALUES (41, '2025-12-23 08:05:07', '2025-12-23 08:05:07', 14, 41);
INSERT IGNORE INTO reviews (id, created_at, updated_at, user_id, book_id, stars, comment, is_spoiler, helpful_count) VALUES (42, '2025-12-23 08:05:07', '2025-12-23 08:05:07', 5, 43, 3, 'Site grow name machine tree maybe home conference five despite time sing.', 0, 36);
INSERT IGNORE INTO reviews (id, created_at, updated_at, user_id, book_id, stars, comment, is_spoiler, helpful_count) VALUES (43, '2025-12-23 08:05:07', '2025-12-23 08:05:07', 6, 39, 4, 'Speak line group once do city easy drop.', 0, 49);
INSERT IGNORE INTO reviews (id, created_at, updated_at, user_id, book_id, stars, comment, is_spoiler, helpful_count) VALUES (44, '2025-12-23 08:05:07', '2025-12-23 08:05:07', 24, 52, 5, 'Staff true argue you detail suffer something great stuff suddenly compare or south recently trial.', 0, 12);
INSERT IGNORE INTO reviews (id, created_at, updated_at, user_id, book_id, stars, comment, is_spoiler, helpful_count) VALUES (45, '2025-12-23 08:05:07', '2025-12-23 08:05:07', 9, 41, 5, 'Region goal nothing center way student special.', 1, 41);
INSERT IGNORE INTO review_likes (id, created_at, updated_at, user_id, review_id) VALUES (45, '2025-12-23 08:05:07', '2025-12-23 08:05:07', 19, 45);
INSERT IGNORE INTO reviews (id, created_at, updated_at, user_id, book_id, stars, comment, is_spoiler, helpful_count) VALUES (46, '2025-12-23 08:05:07', '2025-12-23 08:05:07', 6, 38, 3, 'My compare also argue own after long forward pass southern future concern sort than.', 0, 5);
INSERT IGNORE INTO reviews (id, created_at, updated_at, user_id, book_id, stars, comment, is_spoiler, helpful_count) VALUES (47, '2025-12-23 08:05:07', '2025-12-23 08:05:07', 15, 48, 3, 'Against only true similar suffer team whether health.', 0, 8);
INSERT IGNORE INTO reviews (id, created_at, updated_at, user_id, book_id, stars, comment, is_spoiler, helpful_count) VALUES (48, '2025-12-23 08:05:07', '2025-12-23 08:05:07', 16, 34, 4, 'Only from follow wish run join police maintain fish religious no threat party.', 0, 10);
INSERT IGNORE INTO review_likes (id, created_at, updated_at, user_id, review_id) VALUES (48, '2025-12-23 08:05:07', '2025-12-23 08:05:07', 20, 48);
INSERT IGNORE INTO reviews (id, created_at, updated_at, user_id, book_id, stars, comment, is_spoiler, helpful_count) VALUES (49, '2025-12-23 08:05:07', '2025-12-23 08:05:07', 14, 48, 3, 'Development open compare fill read camera rock we we hot yes whole.', 0, 29);
INSERT IGNORE INTO reviews (id, created_at, updated_at, user_id, book_id, stars, comment, is_spoiler, helpful_count) VALUES (50, '2025-12-23 08:05:07', '2025-12-23 08:05:07', 9, 49, 5, 'Consider fish speak particularly policy bit many.', 0, 46);
INSERT IGNORE INTO reviews (id, created_at, updated_at, user_id, book_id, stars, comment, is_spoiler, helpful_count) VALUES (51, '2025-12-23 08:05:07', '2025-12-23 08:05:07', 17, 52, 3, 'Seat draw word collection those become remember police though land enter economic.', 0, 50);
INSERT IGNORE INTO reviews (id, created_at, updated_at, user_id, book_id, stars, comment, is_spoiler, helpful_count) VALUES (52, '2025-12-23 08:05:07', '2025-12-23 08:05:07', 13, 35, 4, 'Go skin result answer just information coach increase.', 0, 43);
INSERT IGNORE INTO reviews (id, created_at, updated_at, user_id, book_id, stars, comment, is_spoiler, helpful_count) VALUES (53, '2025-12-23 08:05:07', '2025-12-23 08:05:07', 13, 38, 5, 'Goal heart stock small official serve difficult later son almost after end.', 0, 23);
INSERT IGNORE INTO review_likes (id, created_at, updated_at, user_id, review_id) VALUES (53, '2025-12-23 08:05:07', '2025-12-23 08:05:07', 12, 53);
INSERT IGNORE INTO reviews (id, created_at, updated_at, user_id, book_id, stars, comment, is_spoiler, helpful_count) VALUES (54, '2025-12-23 08:05:07', '2025-12-23 08:05:07', 20, 2, 5, 'Avoid color heart rule natural together behavior order.', 0, 20);
INSERT IGNORE INTO reviews (id, created_at, updated_at, user_id, book_id, stars, comment, is_spoiler, helpful_count) VALUES (55, '2025-12-23 08:05:07', '2025-12-23 08:05:07', 12, 42, 4, 'Throw relate issue president parent its approach former window important never understand music produce father benefit.', 1, 44);
INSERT IGNORE INTO reviews (id, created_at, updated_at, user_id, book_id, stars, comment, is_spoiler, helpful_count) VALUES (56, '2025-12-23 08:05:07', '2025-12-23 08:05:07', 18, 8, 3, 'Occur style child guess into far product outside current agent color factor bank.', 0, 19);
INSERT IGNORE INTO reviews (id, created_at, updated_at, user_id, book_id, stars, comment, is_spoiler, helpful_count) VALUES (57, '2025-12-23 08:05:07', '2025-12-23 08:05:07', 8, 7, 5, 'Final however major produce before name continue those.', 0, 8);
INSERT IGNORE INTO reviews (id, created_at, updated_at, user_id, book_id, stars, comment, is_spoiler, helpful_count) VALUES (58, '2025-12-23 08:05:07', '2025-12-23 08:05:07', 16, 43, 5, 'Cost and keep enjoy student nor character recent benefit property space including.', 0, 34);
INSERT IGNORE INTO reviews (id, created_at, updated_at, user_id, book_id, stars, comment, is_spoiler, helpful_count) VALUES (59, '2025-12-23 08:05:07', '2025-12-23 08:05:07', 9, 27, 4, 'Dinner article hit mission whole reach view of dog federal house take alone number might number.', 0, 39);
INSERT IGNORE INTO reviews (id, created_at, updated_at, user_id, book_id, stars, comment, is_spoiler, helpful_count) VALUES (60, '2025-12-23 08:05:07', '2025-12-23 08:05:07', 13, 3, 3, 'Challenge we last we cold deep cover amount bad raise dark state challenge organization floor road.', 0, 28);
INSERT IGNORE INTO reviews (id, created_at, updated_at, user_id, book_id, stars, comment, is_spoiler, helpful_count) VALUES (61, '2025-12-23 08:05:07', '2025-12-23 08:05:07', 12, 24, 5, 'Beautiful news need task mind true actually red.', 1, 23);
INSERT IGNORE INTO reviews (id, created_at, updated_at, user_id, book_id, stars, comment, is_spoiler, helpful_count) VALUES (62, '2025-12-23 08:05:07', '2025-12-23 08:05:07', 16, 4, 3, 'Mission information increase challenge onto serve vote understand none big experience movie gas improve him magazine.', 0, 7);
INSERT IGNORE INTO reviews (id, created_at, updated_at, user_id, book_id, stars, comment, is_spoiler, helpful_count) VALUES (63, '2025-12-23 08:05:07', '2025-12-23 08:05:07', 11, 42, 3, 'List common idea peace race I how these real any little environmental head full soldier financial.', 0, 3);
INSERT IGNORE INTO reviews (id, created_at, updated_at, user_id, book_id, stars, comment, is_spoiler, helpful_count) VALUES (64, '2025-12-23 08:05:07', '2025-12-23 08:05:07', 12, 9, 3, 'Teach range win direction feel season similar fly rock painting become kid tree imagine.', 0, 4);
INSERT IGNORE INTO reviews (id, created_at, updated_at, user_id, book_id, stars, comment, is_spoiler, helpful_count) VALUES (65, '2025-12-23 08:05:07', '2025-12-23 08:05:07', 22, 14, 3, 'Service test start middle city find medical career surface these ahead cover strategy student.', 0, 21);
INSERT IGNORE INTO reviews (id, created_at, updated_at, user_id, book_id, stars, comment, is_spoiler, helpful_count) VALUES (66, '2025-12-23 08:05:07', '2025-12-23 08:05:07', 24, 1, 3, 'Almost anything growth current happy less however type race drop.', 0, 8);
INSERT IGNORE INTO reviews (id, created_at, updated_at, user_id, book_id, stars, comment, is_spoiler, helpful_count) VALUES (67, '2025-12-23 08:05:07', '2025-12-23 08:05:07', 10, 8, 3, 'Order concern that only glass clear thus see read expect hit clear occur who.', 0, 8);
INSERT IGNORE INTO review_likes (id, created_at, updated_at, user_id, review_id) VALUES (67, '2025-12-23 08:05:07', '2025-12-23 08:05:07', 12, 67);
INSERT IGNORE INTO reviews (id, created_at, updated_at, user_id, book_id, stars, comment, is_spoiler, helpful_count) VALUES (68, '2025-12-23 08:05:07', '2025-12-23 08:05:07', 23, 21, 4, 'Positive question especially important after sister should across treatment positive.', 1, 3);
INSERT IGNORE INTO review_likes (id, created_at, updated_at, user_id, review_id) VALUES (68, '2025-12-23 08:05:07', '2025-12-23 08:05:07', 18, 68);
INSERT IGNORE INTO reviews (id, created_at, updated_at, user_id, book_id, stars, comment, is_spoiler, helpful_count) VALUES (69, '2025-12-23 08:05:07', '2025-12-23 08:05:07', 21, 8, 4, 'Song difference part wall require remember every time surface learn design few minute perhaps once account.', 0, 28);
INSERT IGNORE INTO reviews (id, created_at, updated_at, user_id, book_id, stars, comment, is_spoiler, helpful_count) VALUES (70, '2025-12-23 08:05:07', '2025-12-23 08:05:07', 21, 38, 5, 'No order executive range loss from everybody foot everybody prevent weight prepare.', 0, 14);
INSERT IGNORE INTO reviews (id, created_at, updated_at, user_id, book_id, stars, comment, is_spoiler, helpful_count) VALUES (71, '2025-12-23 08:05:07', '2025-12-23 08:05:07', 6, 47, 5, 'Change she tonight south sort outside produce race return pretty.', 0, 33);
INSERT IGNORE INTO reviews (id, created_at, updated_at, user_id, book_id, stars, comment, is_spoiler, helpful_count) VALUES (72, '2025-12-23 08:05:07', '2025-12-23 08:05:07', 5, 4, 4, 'Else industry home along remain occur couple risk develop movement size.', 0, 27);
INSERT IGNORE INTO reviews (id, created_at, updated_at, user_id, book_id, stars, comment, is_spoiler, helpful_count) VALUES (73, '2025-12-23 08:05:07', '2025-12-23 08:05:07', 20, 46, 3, 'Medical suddenly subject theory Congress best campaign else space several consumer quite.', 0, 5);
INSERT IGNORE INTO reviews (id, created_at, updated_at, user_id, book_id, stars, comment, is_spoiler, helpful_count) VALUES (74, '2025-12-23 08:05:07', '2025-12-23 08:05:07', 9, 5, 5, 'Pressure develop development the inside thought he one less brother approach plant.', 0, 40);
INSERT IGNORE INTO reviews (id, created_at, updated_at, user_id, book_id, stars, comment, is_spoiler, helpful_count) VALUES (75, '2025-12-23 08:05:07', '2025-12-23 08:05:07', 15, 25, 5, 'Want author threat matter test high fear approach take case customer important notice trade leader first.', 0, 18);
INSERT IGNORE INTO reviews (id, created_at, updated_at, user_id, book_id, stars, comment, is_spoiler, helpful_count) VALUES (76, '2025-12-23 08:05:07', '2025-12-23 08:05:07', 24, 28, 5, 'Single maintain piece computer play above event seven collection.', 1, 7);
INSERT IGNORE INTO reviews (id, created_at, updated_at, user_id, book_id, stars, comment, is_spoiler, helpful_count) VALUES (77, '2025-12-23 08:05:07', '2025-12-23 08:05:07', 22, 47, 4, 'Majority shake because pass plant idea whole himself also.', 0, 28);
INSERT IGNORE INTO reviews (id, created_at, updated_at, user_id, book_id, stars, comment, is_spoiler, helpful_count) VALUES (78, '2025-12-23 08:05:07', '2025-12-23 08:05:07', 18, 22, 4, 'Room wear throughout series most adult above safe difficult theory.', 0, 26);
INSERT IGNORE INTO reviews (id, created_at, updated_at, user_id, book_id, stars, comment, is_spoiler, helpful_count) VALUES (79, '2025-12-23 08:05:07', '2025-12-23 08:05:07', 15, 28, 4, 'Can himself open cold statement fear fact road others full thousand.', 0, 23);
INSERT IGNORE INTO reviews (id, created_at, updated_at, user_id, book_id, stars, comment, is_spoiler, helpful_count) VALUES (80, '2025-12-23 08:05:07', '2025-12-23 08:05:07', 20, 5, 3, 'Garden top grow could way truth idea direction road.', 1, 5);
INSERT IGNORE INTO wallet_transactions (id, created_at, updated_at, wallet_id, transaction_type, amount) VALUES (1, '2025-12-23 08:05:07', '2025-12-23 08:05:07', 16, 'PURCHASE', 14.8);
INSERT IGNORE INTO wallet_transactions (id, created_at, updated_at, wallet_id, transaction_type, amount) VALUES (2, '2025-12-23 08:05:07', '2025-12-23 08:05:07', 23, 'DONATION', 14.92);
INSERT IGNORE INTO wallet_transactions (id, created_at, updated_at, wallet_id, transaction_type, amount) VALUES (3, '2025-12-23 08:05:07', '2025-12-23 08:05:07', 8, 'PENALTY_PAYMENT', 10.13);
INSERT IGNORE INTO wallet_transactions (id, created_at, updated_at, wallet_id, transaction_type, amount) VALUES (4, '2025-12-23 08:05:07', '2025-12-23 08:05:07', 18, 'DONATION', 3.18);
INSERT IGNORE INTO wallet_transactions (id, created_at, updated_at, wallet_id, transaction_type, amount) VALUES (5, '2025-12-23 08:05:07', '2025-12-23 08:05:07', 14, 'DONATION', 9.19);
INSERT IGNORE INTO wallet_transactions (id, created_at, updated_at, wallet_id, transaction_type, amount) VALUES (6, '2025-12-23 08:05:07', '2025-12-23 08:05:07', 8, 'DONATION', 13.67);
INSERT IGNORE INTO wallet_transactions (id, created_at, updated_at, wallet_id, transaction_type, amount) VALUES (7, '2025-12-23 08:05:07', '2025-12-23 08:05:07', 9, 'DONATION', 13.09);
INSERT IGNORE INTO wallet_transactions (id, created_at, updated_at, wallet_id, transaction_type, amount) VALUES (8, '2025-12-23 08:05:07', '2025-12-23 08:05:07', 8, 'PENALTY_PAYMENT', 21.44);
INSERT IGNORE INTO wallet_transactions (id, created_at, updated_at, wallet_id, transaction_type, amount) VALUES (9, '2025-12-23 08:05:07', '2025-12-23 08:05:07', 16, 'PURCHASE', 19.54);
INSERT IGNORE INTO wallet_transactions (id, created_at, updated_at, wallet_id, transaction_type, amount) VALUES (10, '2025-12-23 08:05:07', '2025-12-23 08:05:07', 23, 'PURCHASE', 20.57);
INSERT IGNORE INTO wallet_transactions (id, created_at, updated_at, wallet_id, transaction_type, amount) VALUES (11, '2025-12-23 08:05:07', '2025-12-23 08:05:07', 22, 'DONATION', 16.11);
INSERT IGNORE INTO wallet_transactions (id, created_at, updated_at, wallet_id, transaction_type, amount) VALUES (12, '2025-12-23 08:05:07', '2025-12-23 08:05:07', 22, 'PURCHASE', 16.01);
INSERT IGNORE INTO wallet_transactions (id, created_at, updated_at, wallet_id, transaction_type, amount) VALUES (13, '2025-12-23 08:05:07', '2025-12-23 08:05:07', 13, 'PURCHASE', 6.15);
INSERT IGNORE INTO wallet_transactions (id, created_at, updated_at, wallet_id, transaction_type, amount) VALUES (14, '2025-12-23 08:05:07', '2025-12-23 08:05:07', 14, 'PENALTY_PAYMENT', 10.07);
INSERT IGNORE INTO wallet_transactions (id, created_at, updated_at, wallet_id, transaction_type, amount) VALUES (15, '2025-12-23 08:05:07', '2025-12-23 08:05:07', 10, 'PURCHASE', 15.03);
INSERT IGNORE INTO wallet_transactions (id, created_at, updated_at, wallet_id, transaction_type, amount) VALUES (16, '2025-12-23 08:05:07', '2025-12-23 08:05:07', 17, 'PURCHASE', 5.26);
INSERT IGNORE INTO wallet_transactions (id, created_at, updated_at, wallet_id, transaction_type, amount) VALUES (17, '2025-12-23 08:05:07', '2025-12-23 08:05:07', 5, 'PURCHASE', 19.16);
INSERT IGNORE INTO wallet_transactions (id, created_at, updated_at, wallet_id, transaction_type, amount) VALUES (18, '2025-12-23 08:05:07', '2025-12-23 08:05:07', 11, 'PENALTY_PAYMENT', 11.66);
INSERT IGNORE INTO wallet_transactions (id, created_at, updated_at, wallet_id, transaction_type, amount) VALUES (19, '2025-12-23 08:05:07', '2025-12-23 08:05:07', 15, 'PURCHASE', 10.51);
INSERT IGNORE INTO wallet_transactions (id, created_at, updated_at, wallet_id, transaction_type, amount) VALUES (20, '2025-12-23 08:05:07', '2025-12-23 08:05:07', 15, 'DONATION', 15.71);
INSERT IGNORE INTO wallet_transactions (id, created_at, updated_at, wallet_id, transaction_type, amount) VALUES (21, '2025-12-23 08:05:07', '2025-12-23 08:05:07', 6, 'PURCHASE', 5.62);
INSERT IGNORE INTO wallet_transactions (id, created_at, updated_at, wallet_id, transaction_type, amount) VALUES (22, '2025-12-23 08:05:07', '2025-12-23 08:05:07', 24, 'PURCHASE', 17.5);
INSERT IGNORE INTO wallet_transactions (id, created_at, updated_at, wallet_id, transaction_type, amount) VALUES (23, '2025-12-23 08:05:07', '2025-12-23 08:05:07', 13, 'PENALTY_PAYMENT', 17.22);
INSERT IGNORE INTO wallet_transactions (id, created_at, updated_at, wallet_id, transaction_type, amount) VALUES (24, '2025-12-23 08:05:07', '2025-12-23 08:05:07', 20, 'DONATION', 12.17);
INSERT IGNORE INTO wallet_transactions (id, created_at, updated_at, wallet_id, transaction_type, amount) VALUES (25, '2025-12-23 08:05:07', '2025-12-23 08:05:07', 13, 'PURCHASE', 19.36);
INSERT IGNORE INTO wallet_transactions (id, created_at, updated_at, wallet_id, transaction_type, amount) VALUES (26, '2025-12-23 08:05:07', '2025-12-23 08:05:07', 8, 'PENALTY_PAYMENT', 11.89);
INSERT IGNORE INTO wallet_transactions (id, created_at, updated_at, wallet_id, transaction_type, amount) VALUES (27, '2025-12-23 08:05:07', '2025-12-23 08:05:07', 14, 'DONATION', 17.61);
INSERT IGNORE INTO wallet_transactions (id, created_at, updated_at, wallet_id, transaction_type, amount) VALUES (28, '2025-12-23 08:05:07', '2025-12-23 08:05:07', 20, 'DONATION', 17.34);
INSERT IGNORE INTO wallet_transactions (id, created_at, updated_at, wallet_id, transaction_type, amount) VALUES (29, '2025-12-23 08:05:07', '2025-12-23 08:05:07', 6, 'PURCHASE', 11.09);
INSERT IGNORE INTO wallet_transactions (id, created_at, updated_at, wallet_id, transaction_type, amount) VALUES (30, '2025-12-23 08:05:07', '2025-12-23 08:05:07', 24, 'PURCHASE', 2.18);
INSERT IGNORE INTO wallet_transactions (id, created_at, updated_at, wallet_id, transaction_type, amount) VALUES (31, '2025-12-23 08:05:07', '2025-12-23 08:05:07', 14, 'PURCHASE', 19.65);
INSERT IGNORE INTO wallet_transactions (id, created_at, updated_at, wallet_id, transaction_type, amount) VALUES (32, '2025-12-23 08:05:07', '2025-12-23 08:05:07', 13, 'PENALTY_PAYMENT', 9.55);
INSERT IGNORE INTO wallet_transactions (id, created_at, updated_at, wallet_id, transaction_type, amount) VALUES (33, '2025-12-23 08:05:07', '2025-12-23 08:05:07', 5, 'PENALTY_PAYMENT', 19.18);
INSERT IGNORE INTO wallet_transactions (id, created_at, updated_at, wallet_id, transaction_type, amount) VALUES (34, '2025-12-23 08:05:07', '2025-12-23 08:05:07', 10, 'PURCHASE', 10.74);
INSERT IGNORE INTO wallet_transactions (id, created_at, updated_at, wallet_id, transaction_type, amount) VALUES (35, '2025-12-23 08:05:07', '2025-12-23 08:05:07', 12, 'DONATION', 14.85);
INSERT IGNORE INTO wallet_transactions (id, created_at, updated_at, wallet_id, transaction_type, amount) VALUES (36, '2025-12-23 08:05:07', '2025-12-23 08:05:07', 16, 'PURCHASE', 11.13);
INSERT IGNORE INTO wallet_transactions (id, created_at, updated_at, wallet_id, transaction_type, amount) VALUES (37, '2025-12-23 08:05:07', '2025-12-23 08:05:07', 6, 'PENALTY_PAYMENT', 2.43);
INSERT IGNORE INTO wallet_transactions (id, created_at, updated_at, wallet_id, transaction_type, amount) VALUES (38, '2025-12-23 08:05:07', '2025-12-23 08:05:07', 7, 'PENALTY_PAYMENT', 15.24);
INSERT IGNORE INTO wallet_transactions (id, created_at, updated_at, wallet_id, transaction_type, amount) VALUES (39, '2025-12-23 08:05:07', '2025-12-23 08:05:07', 23, 'PENALTY_PAYMENT', 18.32);
INSERT IGNORE INTO wallet_transactions (id, created_at, updated_at, wallet_id, transaction_type, amount) VALUES (40, '2025-12-23 08:05:07', '2025-12-23 08:05:07', 18, 'PENALTY_PAYMENT', 4.65);
INSERT IGNORE INTO wallet_transactions (id, created_at, updated_at, wallet_id, transaction_type, amount) VALUES (41, '2025-12-23 08:05:07', '2025-12-23 08:05:07', 5, 'PENALTY_PAYMENT', 5.95);
INSERT IGNORE INTO wallet_transactions (id, created_at, updated_at, wallet_id, transaction_type, amount) VALUES (42, '2025-12-23 08:05:07', '2025-12-23 08:05:07', 24, 'PENALTY_PAYMENT', 21.14);
INSERT IGNORE INTO wallet_transactions (id, created_at, updated_at, wallet_id, transaction_type, amount) VALUES (43, '2025-12-23 08:05:07', '2025-12-23 08:05:07', 16, 'PURCHASE', 12.04);
INSERT IGNORE INTO wallet_transactions (id, created_at, updated_at, wallet_id, transaction_type, amount) VALUES (44, '2025-12-23 08:05:07', '2025-12-23 08:05:07', 8, 'PURCHASE', 12.02);
INSERT IGNORE INTO wallet_transactions (id, created_at, updated_at, wallet_id, transaction_type, amount) VALUES (45, '2025-12-23 08:05:07', '2025-12-23 08:05:07', 17, 'DONATION', 3.81);
INSERT IGNORE INTO wallet_transactions (id, created_at, updated_at, wallet_id, transaction_type, amount) VALUES (46, '2025-12-23 08:05:07', '2025-12-23 08:05:07', 14, 'DONATION', 9.81);
INSERT IGNORE INTO wallet_transactions (id, created_at, updated_at, wallet_id, transaction_type, amount) VALUES (47, '2025-12-23 08:05:07', '2025-12-23 08:05:07', 15, 'PURCHASE', 3.76);
INSERT IGNORE INTO wallet_transactions (id, created_at, updated_at, wallet_id, transaction_type, amount) VALUES (48, '2025-12-23 08:05:07', '2025-12-23 08:05:07', 8, 'DONATION', 13.73);
INSERT IGNORE INTO wallet_transactions (id, created_at, updated_at, wallet_id, transaction_type, amount) VALUES (49, '2025-12-23 08:05:07', '2025-12-23 08:05:07', 16, 'PENALTY_PAYMENT', 18.73);
INSERT IGNORE INTO wallet_transactions (id, created_at, updated_at, wallet_id, transaction_type, amount) VALUES (50, '2025-12-23 08:05:07', '2025-12-23 08:05:07', 9, 'PURCHASE', 4.36);
INSERT IGNORE INTO wallet_transactions (id, created_at, updated_at, wallet_id, transaction_type, amount) VALUES (51, '2025-12-23 08:05:07', '2025-12-23 08:05:07', 13, 'PURCHASE', 5.99);
INSERT IGNORE INTO wallet_transactions (id, created_at, updated_at, wallet_id, transaction_type, amount) VALUES (52, '2025-12-23 08:05:07', '2025-12-23 08:05:07', 9, 'DONATION', 3.73);
INSERT IGNORE INTO wallet_transactions (id, created_at, updated_at, wallet_id, transaction_type, amount) VALUES (53, '2025-12-23 08:05:07', '2025-12-23 08:05:07', 20, 'PENALTY_PAYMENT', 19.35);
INSERT IGNORE INTO wallet_transactions (id, created_at, updated_at, wallet_id, transaction_type, amount) VALUES (54, '2025-12-23 08:05:07', '2025-12-23 08:05:07', 23, 'PENALTY_PAYMENT', 17.67);
INSERT IGNORE INTO wallet_transactions (id, created_at, updated_at, wallet_id, transaction_type, amount) VALUES (55, '2025-12-23 08:05:07', '2025-12-23 08:05:07', 23, 'DONATION', 16.61);
INSERT IGNORE INTO wallet_transactions (id, created_at, updated_at, wallet_id, transaction_type, amount) VALUES (56, '2025-12-23 08:05:07', '2025-12-23 08:05:07', 24, 'PENALTY_PAYMENT', 21.88);
INSERT IGNORE INTO wallet_transactions (id, created_at, updated_at, wallet_id, transaction_type, amount) VALUES (57, '2025-12-23 08:05:07', '2025-12-23 08:05:07', 15, 'PURCHASE', 12.11);
INSERT IGNORE INTO wallet_transactions (id, created_at, updated_at, wallet_id, transaction_type, amount) VALUES (58, '2025-12-23 08:05:07', '2025-12-23 08:05:07', 20, 'PENALTY_PAYMENT', 16.52);
INSERT IGNORE INTO wallet_transactions (id, created_at, updated_at, wallet_id, transaction_type, amount) VALUES (59, '2025-12-23 08:05:07', '2025-12-23 08:05:07', 13, 'DONATION', 3.29);
INSERT IGNORE INTO wallet_transactions (id, created_at, updated_at, wallet_id, transaction_type, amount) VALUES (60, '2025-12-23 08:05:07', '2025-12-23 08:05:07', 21, 'PURCHASE', 9.14);
INSERT IGNORE INTO wallet_transactions (id, created_at, updated_at, wallet_id, transaction_type, amount) VALUES (61, '2025-12-23 08:05:07', '2025-12-23 08:05:07', 19, 'PURCHASE', 3.31);
INSERT IGNORE INTO wallet_transactions (id, created_at, updated_at, wallet_id, transaction_type, amount) VALUES (62, '2025-12-23 08:05:07', '2025-12-23 08:05:07', 14, 'PURCHASE', 16.83);
INSERT IGNORE INTO wallet_transactions (id, created_at, updated_at, wallet_id, transaction_type, amount) VALUES (63, '2025-12-23 08:05:07', '2025-12-23 08:05:07', 7, 'DONATION', 15.66);
INSERT IGNORE INTO wallet_transactions (id, created_at, updated_at, wallet_id, transaction_type, amount) VALUES (64, '2025-12-23 08:05:07', '2025-12-23 08:05:07', 17, 'PENALTY_PAYMENT', 15.35);
INSERT IGNORE INTO wallet_transactions (id, created_at, updated_at, wallet_id, transaction_type, amount) VALUES (65, '2025-12-23 08:05:07', '2025-12-23 08:05:07', 6, 'PENALTY_PAYMENT', 22.91);
INSERT IGNORE INTO wallet_transactions (id, created_at, updated_at, wallet_id, transaction_type, amount) VALUES (66, '2025-12-23 08:05:07', '2025-12-23 08:05:07', 23, 'DONATION', 6.33);
INSERT IGNORE INTO wallet_transactions (id, created_at, updated_at, wallet_id, transaction_type, amount) VALUES (67, '2025-12-23 08:05:07', '2025-12-23 08:05:07', 24, 'PENALTY_PAYMENT', 13.53);
INSERT IGNORE INTO wallet_transactions (id, created_at, updated_at, wallet_id, transaction_type, amount) VALUES (68, '2025-12-23 08:05:07', '2025-12-23 08:05:07', 6, 'PENALTY_PAYMENT', 4.38);
INSERT IGNORE INTO wallet_transactions (id, created_at, updated_at, wallet_id, transaction_type, amount) VALUES (69, '2025-12-23 08:05:07', '2025-12-23 08:05:07', 15, 'DONATION', 3.94);
INSERT IGNORE INTO wallet_transactions (id, created_at, updated_at, wallet_id, transaction_type, amount) VALUES (70, '2025-12-23 08:05:07', '2025-12-23 08:05:07', 10, 'PURCHASE', 7.7);
INSERT IGNORE INTO book_sales (id, created_at, updated_at, user_id, book_id, book_sale_type, sold_price) VALUES (1, '2025-12-23 08:05:07', '2025-12-23 08:05:07', 19, 29, 'PHYSICAL_COPY', 55.86);
INSERT IGNORE INTO book_sales (id, created_at, updated_at, user_id, book_id, book_sale_type, sold_price) VALUES (2, '2025-12-23 08:05:07', '2025-12-23 08:05:07', 16, 24, 'DIGITAL_COPY', 48.99);
INSERT IGNORE INTO book_sales (id, created_at, updated_at, user_id, book_id, book_sale_type, sold_price) VALUES (3, '2025-12-23 08:05:07', '2025-12-23 08:05:07', 17, 27, 'DIGITAL_COPY', 18.98);
INSERT IGNORE INTO book_sales (id, created_at, updated_at, user_id, book_id, book_sale_type, sold_price) VALUES (4, '2025-12-23 08:05:07', '2025-12-23 08:05:07', 24, 4, 'DIGITAL_COPY', 30.95);
INSERT IGNORE INTO book_sales (id, created_at, updated_at, user_id, book_id, book_sale_type, sold_price) VALUES (5, '2025-12-23 08:05:07', '2025-12-23 08:05:07', 7, 22, 'PHYSICAL_COPY', 28.41);
INSERT IGNORE INTO book_sales (id, created_at, updated_at, user_id, book_id, book_sale_type, sold_price) VALUES (6, '2025-12-23 08:05:07', '2025-12-23 08:05:07', 22, 44, 'DIGITAL_COPY', 51.39);
INSERT IGNORE INTO book_sales (id, created_at, updated_at, user_id, book_id, book_sale_type, sold_price) VALUES (7, '2025-12-23 08:05:07', '2025-12-23 08:05:07', 14, 17, 'PHYSICAL_COPY', 60.49);
INSERT IGNORE INTO book_sales (id, created_at, updated_at, user_id, book_id, book_sale_type, sold_price) VALUES (8, '2025-12-23 08:05:07', '2025-12-23 08:05:07', 15, 6, 'PHYSICAL_COPY', 47.36);
INSERT IGNORE INTO book_sales (id, created_at, updated_at, user_id, book_id, book_sale_type, sold_price) VALUES (9, '2025-12-23 08:05:07', '2025-12-23 08:05:07', 16, 20, 'DIGITAL_COPY', 48.09);
INSERT IGNORE INTO book_sales (id, created_at, updated_at, user_id, book_id, book_sale_type, sold_price) VALUES (10, '2025-12-23 08:05:07', '2025-12-23 08:05:07', 9, 39, 'PHYSICAL_COPY', 16.74);
INSERT IGNORE INTO book_sales (id, created_at, updated_at, user_id, book_id, book_sale_type, sold_price) VALUES (11, '2025-12-23 08:05:07', '2025-12-23 08:05:07', 14, 36, 'DIGITAL_COPY', 15.68);
INSERT IGNORE INTO book_sales (id, created_at, updated_at, user_id, book_id, book_sale_type, sold_price) VALUES (12, '2025-12-23 08:05:07', '2025-12-23 08:05:07', 15, 9, 'PHYSICAL_COPY', 30.35);
INSERT IGNORE INTO book_sales (id, created_at, updated_at, user_id, book_id, book_sale_type, sold_price) VALUES (13, '2025-12-23 08:05:07', '2025-12-23 08:05:07', 18, 33, 'DIGITAL_COPY', 23.08);
INSERT IGNORE INTO book_sales (id, created_at, updated_at, user_id, book_id, book_sale_type, sold_price) VALUES (14, '2025-12-23 08:05:07', '2025-12-23 08:05:07', 5, 24, 'DIGITAL_COPY', 48.99);
INSERT IGNORE INTO book_sales (id, created_at, updated_at, user_id, book_id, book_sale_type, sold_price) VALUES (15, '2025-12-23 08:05:07', '2025-12-23 08:05:07', 10, 14, 'DIGITAL_COPY', 79.29);
INSERT IGNORE INTO book_sales (id, created_at, updated_at, user_id, book_id, book_sale_type, sold_price) VALUES (16, '2025-12-23 08:05:07', '2025-12-23 08:05:07', 20, 13, 'PHYSICAL_COPY', 75.94);
INSERT IGNORE INTO book_sales (id, created_at, updated_at, user_id, book_id, book_sale_type, sold_price) VALUES (17, '2025-12-23 08:05:07', '2025-12-23 08:05:07', 9, 10, 'PHYSICAL_COPY', 58.92);
INSERT IGNORE INTO book_sales (id, created_at, updated_at, user_id, book_id, book_sale_type, sold_price) VALUES (18, '2025-12-23 08:05:07', '2025-12-23 08:05:07', 14, 51, 'PHYSICAL_COPY', 25.33);
INSERT IGNORE INTO book_sales (id, created_at, updated_at, user_id, book_id, book_sale_type, sold_price) VALUES (19, '2025-12-23 08:05:07', '2025-12-23 08:05:07', 21, 50, 'PHYSICAL_COPY', 74.48);
INSERT IGNORE INTO book_sales (id, created_at, updated_at, user_id, book_id, book_sale_type, sold_price) VALUES (20, '2025-12-23 08:05:07', '2025-12-23 08:05:07', 15, 50, 'PHYSICAL_COPY', 74.48);
INSERT IGNORE INTO donations (id, created_at, updated_at, user_id, book_title, book_author, status) VALUES (1, '2025-12-23 08:05:07', '2025-12-23 08:05:07', 24, 'Pride and Prejudice', 'Jane Austen', 'APPROVED');
INSERT IGNORE INTO donations (id, created_at, updated_at, user_id, book_title, book_author, status) VALUES (2, '2025-12-23 08:05:07', '2025-12-23 08:05:07', 10, 'De-Engineered Didactic Superstructure', 'Jonathan Martinez', 'PENDING');
INSERT IGNORE INTO donations (id, created_at, updated_at, user_id, book_title, book_author, status) VALUES (3, '2025-12-23 08:05:07', '2025-12-23 08:05:07', 24, 'Universal Solution-Oriented Utilization', 'Shawn Scott', 'PENDING');
INSERT IGNORE INTO donations (id, created_at, updated_at, user_id, book_title, book_author, status) VALUES (4, '2025-12-23 08:05:07', '2025-12-23 08:05:07', 19, 'Public-Key Regional Application', 'Amber Rodriguez', 'PENDING');
INSERT IGNORE INTO donations (id, created_at, updated_at, user_id, book_title, book_author, status) VALUES (5, '2025-12-23 08:05:07', '2025-12-23 08:05:07', 18, 'Sherlock Holmes', 'Arthur Conan Doyle', 'APPROVED');
INSERT IGNORE INTO donations (id, created_at, updated_at, user_id, book_title, book_author, status) VALUES (6, '2025-12-23 08:05:07', '2025-12-23 08:05:07', 12, 'The Odyssey', 'Homer', 'APPROVED');
INSERT IGNORE INTO donations (id, created_at, updated_at, user_id, book_title, book_author, status) VALUES (7, '2025-12-23 08:05:07', '2025-12-23 08:05:07', 14, 'Ameliorated Actuating Solution', 'Jeremy Martinez', 'REJECTED');
INSERT IGNORE INTO donations (id, created_at, updated_at, user_id, book_title, book_author, status) VALUES (8, '2025-12-23 08:05:07', '2025-12-23 08:05:07', 19, 'Function-Based Methodical Standardization', 'Michael Mccoy', 'PENDING');
INSERT IGNORE INTO donations (id, created_at, updated_at, user_id, book_title, book_author, status) VALUES (9, '2025-12-23 08:05:07', '2025-12-23 08:05:07', 22, 'Innovative Intangible Protocol', 'Joseph Dean', 'PENDING');
INSERT IGNORE INTO donations (id, created_at, updated_at, user_id, book_title, book_author, status) VALUES (10, '2025-12-23 08:05:07', '2025-12-23 08:05:07', 14, 'To Kill a Mockingbird', 'Harper Lee', 'APPROVED');
INSERT IGNORE INTO donations (id, created_at, updated_at, user_id, book_title, book_author, status) VALUES (11, '2025-12-23 08:05:07', '2025-12-23 08:05:07', 16, 'Total Client-Driven Instruction Set', 'Ashley Higgins', 'REJECTED');
INSERT IGNORE INTO donations (id, created_at, updated_at, user_id, book_title, book_author, status) VALUES (12, '2025-12-23 08:05:07', '2025-12-23 08:05:07', 23, 'Harry Potter and the Sorcerer''s Stone', 'J.K. Rowling', 'APPROVED');
INSERT IGNORE INTO donations (id, created_at, updated_at, user_id, book_title, book_author, status) VALUES (13, '2025-12-23 08:05:07', '2025-12-23 08:05:07', 14, 'Sophie''s World', 'Jostein Gaarder', 'APPROVED');
INSERT IGNORE INTO donations (id, created_at, updated_at, user_id, book_title, book_author, status) VALUES (14, '2025-12-23 08:05:07', '2025-12-23 08:05:07', 21, 'Wuthering Heights', 'Emily Bronte', 'APPROVED');
INSERT IGNORE INTO donations (id, created_at, updated_at, user_id, book_title, book_author, status) VALUES (15, '2025-12-23 08:05:07', '2025-12-23 08:05:07', 11, 'Decentralized Executive Budgetary Management', 'Kathleen Lynch', 'REJECTED');
INSERT IGNORE INTO donations (id, created_at, updated_at, user_id, book_title, book_author, status) VALUES (16, '2025-12-23 08:05:07', '2025-12-23 08:05:07', 9, 'Animal Farm', 'George Orwell', 'APPROVED');
INSERT IGNORE INTO donations (id, created_at, updated_at, user_id, book_title, book_author, status) VALUES (17, '2025-12-23 08:05:07', '2025-12-23 08:05:07', 20, 'Jane Eyre', 'Charlotte Bronte', 'APPROVED');
INSERT IGNORE INTO donations (id, created_at, updated_at, user_id, book_title, book_author, status) VALUES (18, '2025-12-23 08:05:07', '2025-12-23 08:05:07', 8, 'Vision-Oriented Empowering Model', 'Heather Ortiz', 'REJECTED');
INSERT IGNORE INTO donations (id, created_at, updated_at, user_id, book_title, book_author, status) VALUES (19, '2025-12-23 08:05:07', '2025-12-23 08:05:07', 21, 'Diverse 6Thgeneration Neural-Net', 'Daniel Fitzpatrick MD', 'PENDING');
INSERT IGNORE INTO donations (id, created_at, updated_at, user_id, book_title, book_author, status) VALUES (20, '2025-12-23 08:05:07', '2025-12-23 08:05:07', 14, 'Adaptive 24/7 Secured Line', 'Brian Andrews', 'PENDING');
INSERT IGNORE INTO book_suggestions (id, created_at, updated_at, suggester_user_id, title, author, status) VALUES (1, '2025-12-23 08:05:07', '2025-12-23 08:05:07', 10, 'Proactive coherent array', 'Angela Cummings', 'APPROVED');
INSERT IGNORE INTO book_suggestions (id, created_at, updated_at, suggester_user_id, title, author, status) VALUES (2, '2025-12-23 08:05:07', '2025-12-23 08:05:07', 19, 'Function-based secondary emulation', 'William Baker', 'REJECTED');
INSERT IGNORE INTO book_suggestions (id, created_at, updated_at, suggester_user_id, title, author, status) VALUES (3, '2025-12-23 08:05:07', '2025-12-23 08:05:07', 9, 'Business-focused bandwidth-monitored conglomeration', 'Sarah Ward', 'APPROVED');
INSERT IGNORE INTO book_suggestions (id, created_at, updated_at, suggester_user_id, title, author, status) VALUES (4, '2025-12-23 08:05:07', '2025-12-23 08:05:07', 7, 'Synergistic foreground interface', 'Anna Chang', 'PENDING');
INSERT IGNORE INTO book_suggestions (id, created_at, updated_at, suggester_user_id, title, author, status) VALUES (5, '2025-12-23 08:05:07', '2025-12-23 08:05:07', 19, 'Balanced 24/7 challenge', 'Carolyn Howard', 'APPROVED');
INSERT IGNORE INTO book_suggestions (id, created_at, updated_at, suggester_user_id, title, author, status) VALUES (6, '2025-12-23 08:05:07', '2025-12-23 08:05:07', 5, 'Organic regional flexibility', 'Anna Briggs', 'APPROVED');
INSERT IGNORE INTO book_suggestions (id, created_at, updated_at, suggester_user_id, title, author, status) VALUES (7, '2025-12-23 08:05:07', '2025-12-23 08:05:07', 6, 'Enterprise-wide bifurcated initiative', 'Jesus Houston', 'APPROVED');
INSERT IGNORE INTO book_suggestions (id, created_at, updated_at, suggester_user_id, title, author, status) VALUES (8, '2025-12-23 08:05:07', '2025-12-23 08:05:07', 21, 'Team-oriented mission-critical website', 'Stephen Jackson', 'APPROVED');
INSERT IGNORE INTO book_suggestions (id, created_at, updated_at, suggester_user_id, title, author, status) VALUES (9, '2025-12-23 08:05:07', '2025-12-23 08:05:07', 12, 'De-engineered tangible success', 'Tommy Moore', 'APPROVED');
INSERT IGNORE INTO book_suggestions (id, created_at, updated_at, suggester_user_id, title, author, status) VALUES (10, '2025-12-23 08:05:07', '2025-12-23 08:05:07', 7, 'Operative optimizing matrices', 'Meghan White', 'APPROVED');
INSERT IGNORE INTO book_suggestions (id, created_at, updated_at, suggester_user_id, title, author, status) VALUES (11, '2025-12-23 08:05:07', '2025-12-23 08:05:07', 12, 'Multi-tiered zero-defect help-desk', 'Shari Hobbs', 'PENDING');
INSERT IGNORE INTO book_suggestions (id, created_at, updated_at, suggester_user_id, title, author, status) VALUES (12, '2025-12-23 08:05:07', '2025-12-23 08:05:07', 15, 'Upgradable clear-thinking matrices', 'Ashley Jenkins', 'PENDING');
INSERT IGNORE INTO book_suggestions (id, created_at, updated_at, suggester_user_id, title, author, status) VALUES (13, '2025-12-23 08:05:07', '2025-12-23 08:05:07', 15, 'Balanced asymmetric firmware', 'Alexandria Oneill', 'PENDING');
INSERT IGNORE INTO book_suggestions (id, created_at, updated_at, suggester_user_id, title, author, status) VALUES (14, '2025-12-23 08:05:07', '2025-12-23 08:05:07', 9, 'Progressive zero administration synergy', 'Krystal Levine', 'PENDING');
INSERT IGNORE INTO book_suggestions (id, created_at, updated_at, suggester_user_id, title, author, status) VALUES (15, '2025-12-23 08:05:07', '2025-12-23 08:05:07', 14, 'Synchronized global model', 'Mercedes Davis', 'APPROVED');
INSERT IGNORE INTO book_suggestions (id, created_at, updated_at, suggester_user_id, title, author, status) VALUES (16, '2025-12-23 08:05:07', '2025-12-23 08:05:07', 9, 'Switchable upward-trending encryption', 'Mr. Martin Hernandez', 'REJECTED');
INSERT IGNORE INTO book_suggestions (id, created_at, updated_at, suggester_user_id, title, author, status) VALUES (17, '2025-12-23 08:05:07', '2025-12-23 08:05:07', 20, 'Realigned reciprocal application', 'Timothy Wagner', 'APPROVED');
INSERT IGNORE INTO book_suggestions (id, created_at, updated_at, suggester_user_id, title, author, status) VALUES (18, '2025-12-23 08:05:07', '2025-12-23 08:05:07', 24, 'Phased modular concept', 'John Allen', 'PENDING');
INSERT IGNORE INTO book_suggestions (id, created_at, updated_at, suggester_user_id, title, author, status) VALUES (19, '2025-12-23 08:05:07', '2025-12-23 08:05:07', 7, 'Grass-roots actuating middleware', 'Mason Powell', 'PENDING');
INSERT IGNORE INTO book_suggestions (id, created_at, updated_at, suggester_user_id, title, author, status) VALUES (20, '2025-12-23 08:05:07', '2025-12-23 08:05:07', 13, 'Front-line attitude-oriented knowledgebase', 'Kenneth Miller', 'PENDING');
INSERT IGNORE INTO feedbacks (id, created_at, updated_at, user_id, feedback_type, message, feedback_status) VALUES (1, '2025-12-23 08:05:07', '2025-12-23 08:05:07', 9, 'SUGGESTION', 'Language budget market president bill include news a before page people fight.', 'NEW');
INSERT IGNORE INTO feedbacks (id, created_at, updated_at, user_id, feedback_type, message, feedback_status) VALUES (2, '2025-12-23 08:05:07', '2025-12-23 08:05:07', 14, 'COMPLAINT', 'None pressure lay future stay staff such forward should outside respond guy.', 'IN_PROGRESS');
INSERT IGNORE INTO feedbacks (id, created_at, updated_at, user_id, feedback_type, message, feedback_status) VALUES (3, '2025-12-23 08:05:07', '2025-12-23 08:05:07', 8, 'COMPLAINT', 'Box service develop game stop who factor miss reduce animal clearly.', 'NEW');
INSERT IGNORE INTO feedbacks (id, created_at, updated_at, user_id, feedback_type, message, feedback_status) VALUES (4, '2025-12-23 08:05:07', '2025-12-23 08:05:07', 18, 'SUGGESTION', 'State score important effect cultural building system.', 'NEW');
INSERT IGNORE INTO feedbacks (id, created_at, updated_at, user_id, feedback_type, message, feedback_status) VALUES (5, '2025-12-23 08:05:07', '2025-12-23 08:05:07', 8, 'SUGGESTION', 'Lead sit response blue increase unit study open.', 'RESOLVED');
INSERT IGNORE INTO feedbacks (id, created_at, updated_at, user_id, feedback_type, message, feedback_status) VALUES (6, '2025-12-23 08:05:07', '2025-12-23 08:05:07', 22, 'COMPLAINT', 'Leader operation mean white above save network item one under sit.', 'RESOLVED');
INSERT IGNORE INTO feedbacks (id, created_at, updated_at, user_id, feedback_type, message, feedback_status) VALUES (7, '2025-12-23 08:05:07', '2025-12-23 08:05:07', 21, 'COMPLAINT', 'Reality community spring billion price paper focus thing.', 'RESOLVED');
INSERT IGNORE INTO feedbacks (id, created_at, updated_at, user_id, feedback_type, message, feedback_status) VALUES (8, '2025-12-23 08:05:07', '2025-12-23 08:05:07', 9, 'SUGGESTION', 'Woman trouble several event white wife laugh card include record security.', 'IN_PROGRESS');
INSERT IGNORE INTO feedbacks (id, created_at, updated_at, user_id, feedback_type, message, feedback_status) VALUES (9, '2025-12-23 08:05:07', '2025-12-23 08:05:07', 5, 'SUGGESTION', 'Successful natural finish say network design decide research rather.', 'NEW');
INSERT IGNORE INTO feedbacks (id, created_at, updated_at, user_id, feedback_type, message, feedback_status) VALUES (10, '2025-12-23 08:05:07', '2025-12-23 08:05:07', 23, 'SUGGESTION', 'Wonder practice when mean reason follow break.', 'NEW');
INSERT IGNORE INTO feedbacks (id, created_at, updated_at, user_id, feedback_type, message, feedback_status) VALUES (11, '2025-12-23 08:05:07', '2025-12-23 08:05:07', 7, 'SUGGESTION', 'No old wall report purpose throw move there institution actually.', 'NEW');
INSERT IGNORE INTO feedbacks (id, created_at, updated_at, user_id, feedback_type, message, feedback_status) VALUES (12, '2025-12-23 08:05:07', '2025-12-23 08:05:07', 21, 'COMPLAINT', 'Agent certainly prove customer seek claim expert.', 'IN_PROGRESS');
INSERT IGNORE INTO feedbacks (id, created_at, updated_at, user_id, feedback_type, message, feedback_status) VALUES (13, '2025-12-23 08:05:07', '2025-12-23 08:05:07', 20, 'COMPLAINT', 'Chair artist six daughter must grow laugh pattern push.', 'RESOLVED');
INSERT IGNORE INTO feedbacks (id, created_at, updated_at, user_id, feedback_type, message, feedback_status) VALUES (14, '2025-12-23 08:05:07', '2025-12-23 08:05:07', 17, 'SUGGESTION', 'Ten score night down six sometimes explain professor unit hold what wish fine.', 'IN_PROGRESS');
INSERT IGNORE INTO feedbacks (id, created_at, updated_at, user_id, feedback_type, message, feedback_status) VALUES (15, '2025-12-23 08:05:07', '2025-12-23 08:05:07', 5, 'SUGGESTION', 'Approach season data than team kitchen difficult plant remember happy open school cultural.', 'NEW');
INSERT IGNORE INTO notifications (id, created_at, updated_at, recipient_user_id, sender_user_id, message, is_read) VALUES (1, '2025-12-23 08:05:07', '2025-12-23 08:05:07', 5, 1, 'System: Your wallet balance has been updated.', 1);
INSERT IGNORE INTO notifications (id, created_at, updated_at, recipient_user_id, sender_user_id, message, is_read) VALUES (2, '2025-12-23 08:05:07', '2025-12-23 08:05:07', 5, 1, '⚠️ Warning: You have overdue books. Please return them to avoid account suspension.', 1);
INSERT IGNORE INTO notifications (id, created_at, updated_at, recipient_user_id, sender_user_id, message, is_read) VALUES (3, '2025-12-23 08:05:07', '2025-12-23 08:05:07', 6, 1, '⚠️ Warning: You have overdue books. Please return them to avoid account suspension.', 0);
INSERT IGNORE INTO notifications (id, created_at, updated_at, recipient_user_id, sender_user_id, message, is_read) VALUES (4, '2025-12-23 08:05:07', '2025-12-23 08:05:07', 6, 1, 'Library News: We will be closed this Sunday for maintenance.', 0);
INSERT IGNORE INTO notifications (id, created_at, updated_at, recipient_user_id, sender_user_id, message, is_read) VALUES (5, '2025-12-23 08:05:07', '2025-12-23 08:05:07', 7, 1, '⚠️ Warning: You have overdue books. Please return them to avoid account suspension.', 1);
INSERT IGNORE INTO notifications (id, created_at, updated_at, recipient_user_id, sender_user_id, message, is_read) VALUES (6, '2025-12-23 08:05:07', '2025-12-23 08:05:07', 7, 1, 'System: Your wallet balance has been updated.', 0);
INSERT IGNORE INTO notifications (id, created_at, updated_at, recipient_user_id, sender_user_id, message, is_read) VALUES (7, '2025-12-23 08:05:07', '2025-12-23 08:05:07', 7, 1, 'System: Your wallet balance has been updated.', 1);
INSERT IGNORE INTO notifications (id, created_at, updated_at, recipient_user_id, sender_user_id, message, is_read) VALUES (8, '2025-12-23 08:05:07', '2025-12-23 08:05:07', 8, 1, 'Library News: We will be closed this Sunday for maintenance.', 0);
INSERT IGNORE INTO notifications (id, created_at, updated_at, recipient_user_id, sender_user_id, message, is_read) VALUES (9, '2025-12-23 08:05:07', '2025-12-23 08:05:07', 8, 1, 'System: Your wallet balance has been updated.', 1);
INSERT IGNORE INTO notifications (id, created_at, updated_at, recipient_user_id, sender_user_id, message, is_read) VALUES (10, '2025-12-23 08:05:07', '2025-12-23 08:05:07', 9, 1, '🎉 Good news! Your donation ''Animal Farm'' has been added to our library collection.', 0);
INSERT IGNORE INTO notifications (id, created_at, updated_at, recipient_user_id, sender_user_id, message, is_read) VALUES (11, '2025-12-23 08:05:07', '2025-12-23 08:05:07', 9, 1, '🎉 Good news! Your donation ''Animal Farm'' has been added to our library collection.', 0);
INSERT IGNORE INTO notifications (id, created_at, updated_at, recipient_user_id, sender_user_id, message, is_read) VALUES (12, '2025-12-23 08:05:07', '2025-12-23 08:05:07', 10, 1, 'Your donation ''De-Engineered Didactic Superstructure'' is currently being reviewed by our librarians.', 1);
INSERT IGNORE INTO notifications (id, created_at, updated_at, recipient_user_id, sender_user_id, message, is_read) VALUES (13, '2025-12-23 08:05:07', '2025-12-23 08:05:07', 10, 1, 'Receipt: You successfully purchased ''Don Quixote'' for $28.41.', 1);
INSERT IGNORE INTO notifications (id, created_at, updated_at, recipient_user_id, sender_user_id, message, is_read) VALUES (14, '2025-12-23 08:05:07', '2025-12-23 08:05:07', 11, 1, '⚠️ Warning: You have overdue books. Please return them to avoid account suspension.', 0);
INSERT IGNORE INTO notifications (id, created_at, updated_at, recipient_user_id, sender_user_id, message, is_read) VALUES (15, '2025-12-23 08:05:07', '2025-12-23 08:05:07', 11, 1, '⚠️ Warning: You have overdue books. Please return them to avoid account suspension.', 0);
INSERT IGNORE INTO notifications (id, created_at, updated_at, recipient_user_id, sender_user_id, message, is_read) VALUES (16, '2025-12-23 08:05:07', '2025-12-23 08:05:07', 12, 1, '⚠️ Warning: You have overdue books. Please return them to avoid account suspension.', 0);
INSERT IGNORE INTO notifications (id, created_at, updated_at, recipient_user_id, sender_user_id, message, is_read) VALUES (17, '2025-12-23 08:05:07', '2025-12-23 08:05:07', 13, 1, '⚠️ Warning: You have overdue books. Please return them to avoid account suspension.', 0);
INSERT IGNORE INTO notifications (id, created_at, updated_at, recipient_user_id, sender_user_id, message, is_read) VALUES (18, '2025-12-23 08:05:07', '2025-12-23 08:05:07', 13, 1, '⚠️ Warning: You have overdue books. Please return them to avoid account suspension.', 1);
INSERT IGNORE INTO notifications (id, created_at, updated_at, recipient_user_id, sender_user_id, message, is_read) VALUES (19, '2025-12-23 08:05:07', '2025-12-23 08:05:07', 13, 1, '⚠️ Warning: You have overdue books. Please return them to avoid account suspension.', 1);
INSERT IGNORE INTO notifications (id, created_at, updated_at, recipient_user_id, sender_user_id, message, is_read) VALUES (20, '2025-12-23 08:05:07', '2025-12-23 08:05:07', 14, 1, 'Your donation ''Adaptive 24/7 Secured Line'' is currently being reviewed by our librarians.', 0);
INSERT IGNORE INTO notifications (id, created_at, updated_at, recipient_user_id, sender_user_id, message, is_read) VALUES (21, '2025-12-23 08:05:07', '2025-12-23 08:05:07', 14, 1, '⚠️ Warning: You have overdue books. Please return them to avoid account suspension.', 0);
INSERT IGNORE INTO notifications (id, created_at, updated_at, recipient_user_id, sender_user_id, message, is_read) VALUES (22, '2025-12-23 08:05:07', '2025-12-23 08:05:07', 15, 1, 'Library News: We will be closed this Sunday for maintenance.', 0);
INSERT IGNORE INTO notifications (id, created_at, updated_at, recipient_user_id, sender_user_id, message, is_read) VALUES (23, '2025-12-23 08:05:07', '2025-12-23 08:05:07', 16, 1, 'Reminder: The book ''Animal Farm'' is due in 3 days.', 0);
INSERT IGNORE INTO notifications (id, created_at, updated_at, recipient_user_id, sender_user_id, message, is_read) VALUES (24, '2025-12-23 08:05:07', '2025-12-23 08:05:07', 16, 1, 'Regarding your donation ''Total Client-Driven Instruction Set'': We currently cannot accept this item.', 0);
INSERT IGNORE INTO notifications (id, created_at, updated_at, recipient_user_id, sender_user_id, message, is_read) VALUES (25, '2025-12-23 08:05:07', '2025-12-23 08:05:07', 17, 1, 'Receipt: You successfully purchased ''Les Misérables'' for $57.26.', 0);
INSERT IGNORE INTO notifications (id, created_at, updated_at, recipient_user_id, sender_user_id, message, is_read) VALUES (26, '2025-12-23 08:05:07', '2025-12-23 08:05:07', 17, 1, 'Reminder: The book ''The Lord of the Rings'' is due in 3 days.', 0);
INSERT IGNORE INTO notifications (id, created_at, updated_at, recipient_user_id, sender_user_id, message, is_read) VALUES (27, '2025-12-23 08:05:07', '2025-12-23 08:05:07', 17, 1, '⚠️ Warning: You have overdue books. Please return them to avoid account suspension.', 1);
INSERT IGNORE INTO notifications (id, created_at, updated_at, recipient_user_id, sender_user_id, message, is_read) VALUES (28, '2025-12-23 08:05:07', '2025-12-23 08:05:07', 18, 1, '⚠️ Warning: You have overdue books. Please return them to avoid account suspension.', 1);
INSERT IGNORE INTO notifications (id, created_at, updated_at, recipient_user_id, sender_user_id, message, is_read) VALUES (29, '2025-12-23 08:05:07', '2025-12-23 08:05:07', 18, 1, '🎉 Good news! Your donation ''Sherlock Holmes'' has been added to our library collection.', 0);
INSERT IGNORE INTO notifications (id, created_at, updated_at, recipient_user_id, sender_user_id, message, is_read) VALUES (30, '2025-12-23 08:05:07', '2025-12-23 08:05:07', 18, 1, 'Library News: We will be closed this Sunday for maintenance.', 0);
INSERT IGNORE INTO notifications (id, created_at, updated_at, recipient_user_id, sender_user_id, message, is_read) VALUES (31, '2025-12-23 08:05:07', '2025-12-23 08:05:07', 19, 1, 'Your donation ''Function-Based Methodical Standardization'' is currently being reviewed by our librarians.', 0);
INSERT IGNORE INTO notifications (id, created_at, updated_at, recipient_user_id, sender_user_id, message, is_read) VALUES (32, '2025-12-23 08:05:07', '2025-12-23 08:05:07', 20, 1, '⚠️ Warning: You have overdue books. Please return them to avoid account suspension.', 1);
INSERT IGNORE INTO notifications (id, created_at, updated_at, recipient_user_id, sender_user_id, message, is_read) VALUES (33, '2025-12-23 08:05:07', '2025-12-23 08:05:07', 20, 1, '⚠️ Warning: You have overdue books. Please return them to avoid account suspension.', 0);
INSERT IGNORE INTO notifications (id, created_at, updated_at, recipient_user_id, sender_user_id, message, is_read) VALUES (34, '2025-12-23 08:05:07', '2025-12-23 08:05:07', 21, 1, '⚠️ Warning: You have overdue books. Please return them to avoid account suspension.', 1);
INSERT IGNORE INTO notifications (id, created_at, updated_at, recipient_user_id, sender_user_id, message, is_read) VALUES (35, '2025-12-23 08:05:07', '2025-12-23 08:05:07', 22, 1, 'Library News: We will be closed this Sunday for maintenance.', 1);
INSERT IGNORE INTO notifications (id, created_at, updated_at, recipient_user_id, sender_user_id, message, is_read) VALUES (36, '2025-12-23 08:05:07', '2025-12-23 08:05:07', 22, 1, 'Your donation ''Innovative Intangible Protocol'' is currently being reviewed by our librarians.', 1);
INSERT IGNORE INTO notifications (id, created_at, updated_at, recipient_user_id, sender_user_id, message, is_read) VALUES (37, '2025-12-23 08:05:07', '2025-12-23 08:05:07', 22, 1, 'Reminder: The book ''To Kill a Mockingbird'' is due in 3 days.', 0);
INSERT IGNORE INTO notifications (id, created_at, updated_at, recipient_user_id, sender_user_id, message, is_read) VALUES (38, '2025-12-23 08:05:07', '2025-12-23 08:05:07', 23, 1, '🎉 Good news! Your donation ''Harry Potter and the Sorcerer''s Stone'' has been added to our library collection.', 0);
INSERT IGNORE INTO notifications (id, created_at, updated_at, recipient_user_id, sender_user_id, message, is_read) VALUES (39, '2025-12-23 08:05:07', '2025-12-23 08:05:07', 24, 1, '⚠️ Warning: You have overdue books. Please return them to avoid account suspension.', 1);
INSERT IGNORE INTO notifications (id, created_at, updated_at, recipient_user_id, sender_user_id, message, is_read) VALUES (40, '2025-12-23 08:05:07', '2025-12-23 08:05:07', 24, 1, 'System: Your wallet balance has been updated.', 0);
INSERT IGNORE INTO notifications (id, created_at, updated_at, recipient_user_id, sender_user_id, message, is_read) VALUES (41, '2025-12-23 08:05:07', '2025-12-23 08:05:07', 24, 1, 'Your donation ''Universal Solution-Oriented Utilization'' is currently being reviewed by our librarians.', 0);

SET FOREIGN_KEY_CHECKS = 1;
